,year,franchise,kpg
1,1901,ATL,3.7
2,1901,BAL,2.784172662
3,1901,BOS,2.036231884
4,1901,CHC,3.785714286
5,1901,CHW,2.452554745
6,1901,CIN,4.133802817
7,1901,CLE,2.333333333
8,1901,DET,2.558823529
9,1901,LAD,3.255474453
10,1901,MIN,2.456521739
11,1901,NYY,2.762962963
12,1901,OAK,2.510948905
13,1901,PHI,3.928571429
14,1901,PIT,3.55
15,1901,SFG,4.09929078
16,1901,STL,3.802816901
17,1902,ATL,3.401408451
18,1902,BAL,2.314285714
19,1902,BOS,2.688405797
20,1902,CHC,3.958041958
21,1902,CHW,2.746376812
22,1902,CIN,3.312056738
23,1902,CLE,2.576642336
24,1902,DET,2.109489051
25,1902,LAD,3.482269504
26,1902,MIN,2.115942029
27,1902,NYY,3.007092199
28,1902,OAK,2.102189781
29,1902,PHI,3.47826087
30,1902,PIT,3.098591549
31,1902,SFG,3.843971631
32,1902,STL,3.135714286
33,1903,ATL,3.542857143
34,1903,BAL,3.892086331
35,1903,BOS,3.964539007
36,1903,CHC,3.287769784
37,1903,CHW,3.898550725
38,1903,CIN,2.992907801
39,1903,CLE,4.2
40,1903,DET,3.824817518
41,1903,LAD,3.791366906
42,1903,MIN,3.328571429
43,1903,NYY,3.389705882
44,1903,OAK,3.729927007
45,1903,PHI,3.115107914
46,1903,PIT,2.886524823
47,1903,SFG,3.330985915
48,1903,STL,3.827338129
49,1904,ATL,3.580645161
50,1904,BAL,3.897435897
51,1904,BOS,3.649681529
52,1904,CHC,3.019230769
53,1904,CHW,3.756410256
54,1904,CIN,3.535031847
55,1904,CLE,4.655844156
56,1904,DET,3.907407407
57,1904,LAD,4.506493506
58,1904,MIN,4.815286624
59,1904,NYY,3.561290323
60,1904,OAK,3.870967742
61,1904,PHI,3.380645161
62,1904,PIT,3.262820513
63,1904,SFG,2.879746835
64,1904,STL,3.174193548
65,1905,ATL,3.814102564
66,1905,BAL,4.096153846
67,1905,BOS,3.614379085
68,1905,CHC,3.270967742
69,1905,CHW,3.879746835
70,1905,CIN,3.212903226
71,1905,CLE,4.606451613
72,1905,DET,3.772727273
73,1905,LAD,3.903225806
74,1905,MIN,5.311688312
75,1905,NYY,3.513157895
76,1905,OAK,4.217105263
77,1905,PHI,3.961290323
78,1905,PIT,3.35483871
79,1905,SFG,3.206451613
80,1905,STL,4.097402597
81,1906,ATL,4.5
82,1906,BAL,3.779220779
83,1906,BOS,4.04516129
84,1906,CHC,3.322580645
85,1906,CHW,3.181818182
86,1906,CIN,3.348387097
87,1906,CLE,3.52866242
88,1906,DET,3.483443709
89,1906,LAD,4.385620915
90,1906,MIN,4.052980132
91,1906,NYY,3.438709677
92,1906,OAK,4.436241611
93,1906,PHI,3.415584416
94,1906,PIT,2.506493506
95,1906,SFG,3.470588235
96,1906,STL,4.409090909
97,1907,ATL,3.355263158
98,1907,BAL,3.341935484
99,1907,BOS,3.748387097
100,1907,CHC,2.870967742
101,1907,CHW,3.076433121
102,1907,CIN,3.391025641
103,1907,CLE,4.196202532
104,1907,DET,3.509803922
105,1907,LAD,4.137254902
106,1907,MIN,3.980519481
107,1907,NYY,3.427631579
108,1907,OAK,3.646666667
109,1907,PHI,3.436241611
110,1907,PIT,2.853503185
111,1907,SFG,3.264516129
112,1907,STL,3.896774194
113,1908,ATL,3.108974359
114,1908,BAL,4.180645161
115,1908,BOS,3.787096774
116,1908,CHC,3.291139241
117,1908,CHW,3.698717949
118,1908,CIN,3.580645161
119,1908,CLE,4.554140127
120,1908,DET,3.538961039
121,1908,LAD,3.974025974
122,1908,MIN,3.851612903
123,1908,NYY,4.122580645
124,1908,OAK,3.789808917
125,1908,PHI,3.406451613
126,1908,PIT,2.948387097
127,1908,SFG,2.407643312
128,1908,STL,4.045454545
129,1909,ATL,3.496774194
130,1909,BAL,3.974025974
131,1909,BOS,3.842105263
132,1909,CHC,3.541935484
133,1909,CHW,3.748427673
134,1909,CIN,3.687898089
135,1909,CLE,4.503225806
136,1909,DET,3.955696203
137,1909,LAD,4.180645161
138,1909,MIN,3.916666667
139,1909,NYY,3.888888889
140,1909,OAK,3.77124183
141,1909,PHI,3.142857143
142,1909,PIT,3.292207792
143,1909,SFG,3.025316456
144,1909,STL,4.344155844
145,1910,ATL,3.439490446
146,1910,BAL,5.455696203
147,1910,BOS,4.582278481
148,1910,CHC,3.253246753
149,1910,CHW,4.153846154
150,1910,CIN,3.301282051
151,1910,CLE,3.950310559
152,1910,DET,3.619354839
153,1910,LAD,4.525641026
154,1910,MIN,4.076433121
155,1910,NYY,4.083333333
156,1910,OAK,3.696774194
157,1910,PHI,3.560509554
158,1910,PIT,3.402597403
159,1910,SFG,3.15483871
160,1910,STL,3.797385621
161,1911,ATL,3.698717949
162,1911,BAL,5.184210526
163,1911,BOS,4.14379085
164,1911,CHC,3.929936306
165,1911,CHW,3.883116883
166,1911,CIN,3.735849057
167,1911,CLE,4.141025641
168,1911,DET,4.253246753
169,1911,LAD,4.435064935
170,1911,MIN,4.149350649
171,1911,NYY,3.921568627
172,1911,OAK,3.401315789
173,1911,PHI,3.843137255
174,1911,PIT,3.761290323
175,1911,SFG,3.285714286
176,1911,STL,4.113924051
177,1912,ATL,4.451612903
178,1912,BAL,5.191082803
179,1912,BOS,3.974025974
180,1912,CHC,4.046052632
181,1912,CHW,4.094936709
182,1912,CIN,3.174193548
183,1912,CLE,3.529032258
184,1912,DET,3.948051948
185,1912,LAD,3.816993464
186,1912,MIN,4.857142857
187,1912,NYY,3.803921569
188,1912,OAK,3.679738562
189,1912,PHI,4.046052632
190,1912,PIT,3.381578947
191,1912,SFG,3.227272727
192,1912,STL,4.052287582
193,1913,ATL,4.162337662
194,1913,BAL,5
195,1913,BOS,3.543046358
196,1913,CHC,4.090322581
197,1913,CHW,3.594771242
198,1913,CIN,3.711538462
199,1913,CLE,3.593548387
200,1913,DET,3.274509804
201,1913,LAD,3.651315789
202,1913,MIN,3.838709677
203,1913,NYY,4.032679739
204,1913,OAK,3.575163399
205,1913,PHI,3.635220126
206,1913,PIT,3.516129032
207,1913,SFG,3.211538462
208,1913,STL,3.745098039
209,1914,ATL,3.905063291
210,1914,BAL,5.427672956
211,1914,BOS,3.452830189
212,1914,CHC,3.698717949
213,1914,CHW,3.878980892
214,1914,CIN,3.993630573
215,1914,CLE,4.363057325
216,1914,DET,3.420382166
217,1914,LAD,3.62987013
218,1914,MIN,4.050632911
219,1914,NYY,4.52866242
220,1914,OAK,3.272151899
221,1914,PHI,3.701298701
222,1914,PIT,3.848101266
223,1914,SFG,3.070512821
224,1914,STL,3.936305732
225,1915,ATL,3.949044586
226,1915,BAL,4.811320755
227,1915,BOS,3.070967742
228,1915,CHC,4.096153846
229,1915,CHW,3.709677419
230,1915,CIN,3.2
231,1915,CLE,4.422077922
232,1915,DET,3.378205128
233,1915,LAD,3.220779221
234,1915,MIN,3.490322581
235,1915,NYY,4.344155844
236,1915,OAK,4.116883117
237,1915,PHI,3.921568627
238,1915,PIT,4.205128205
239,1915,SFG,3.529032258
240,1915,STL,4.191082803
241,1916,ATL,4.088607595
242,1916,BAL,4.037974684
243,1916,BOS,3.08974359
244,1916,CHC,4.243589744
245,1916,CHW,3.812903226
246,1916,CIN,3.696774194
247,1916,CLE,3.853503185
248,1916,DET,3.412903226
249,1916,LAD,3.525641026
250,1916,MIN,3.754716981
251,1916,NYY,4.051282051
252,1916,OAK,4.097402597
253,1916,PHI,3.707792208
254,1916,PIT,3.936305732
255,1916,SFG,3.6
256,1916,STL,4.254901961
257,1917,ATL,3.738853503
258,1917,BAL,3.483870968
259,1917,BOS,3.012738854
260,1917,CHC,3.815286624
261,1917,CHW,3.070512821
262,1917,CIN,3.038216561
263,1917,CLE,3.820512821
264,1917,DET,3.090909091
265,1917,LAD,3.378205128
266,1917,MIN,3.656050955
267,1917,NYY,3.451612903
268,1917,OAK,3.37012987
269,1917,PHI,3.461038961
270,1917,PIT,3.694267516
271,1917,SFG,3.373417722
272,1917,STL,4.233766234
273,1918,ATL,3.532258065
274,1918,BAL,2.764227642
275,1918,BOS,2.571428571
276,1918,CHC,2.618320611
277,1918,CHW,2.887096774
278,1918,CIN,2.348837209
279,1918,CLE,2.992248062
280,1918,DET,2.96875
281,1918,LAD,2.587301587
282,1918,MIN,2.776923077
283,1918,NYY,2.936507937
284,1918,OAK,3.730769231
285,1918,PHI,3.2
286,1918,PIT,2.261904762
287,1918,SFG,2.943548387
288,1918,STL,3.519083969
289,1919,ATL,3.435714286
290,1919,BAL,3.164285714
291,1919,BOS,2.97826087
292,1919,CHC,2.564285714
293,1919,CHW,2.557142857
294,1919,CIN,2.628571429
295,1919,CLE,2.64028777
296,1919,DET,3.05
297,1919,LAD,2.872340426
298,1919,MIN,3.598591549
299,1919,NYY,3.397163121
300,1919,OAK,4.035714286
301,1919,PHI,3.398550725
302,1919,PIT,2.741007194
303,1919,SFG,2.907142857
304,1919,STL,3.028985507
305,1920,ATL,3.189542484
306,1920,BAL,2.194805195
307,1920,BOS,2.779220779
308,1920,CHC,2.733766234
309,1920,CHW,2.272727273
310,1920,CIN,2.383116883
311,1920,CLE,2.441558442
312,1920,DET,2.509677419
313,1920,LAD,2.522580645
314,1920,MIN,3.516339869
315,1920,NYY,4.032467532
316,1920,OAK,3.685897436
317,1920,PHI,3.470588235
318,1920,PIT,2.612903226
319,1920,SFG,3.516129032
320,1920,STL,3.122580645
321,1921,ATL,3.071895425
322,1921,BAL,2.61038961
323,1921,BOS,2.233766234
324,1921,CHC,2.444444444
325,1921,CHW,3.116883117
326,1921,CIN,2.013071895
327,1921,CLE,2.422077922
328,1921,DET,2.422077922
329,1921,LAD,2.631578947
330,1921,MIN,3.025974026
331,1921,NYY,3.732026144
332,1921,OAK,3.677419355
333,1921,PHI,3.993506494
334,1921,PIT,2.409090909
335,1921,SFG,2.549019608
336,1921,STL,2.935064935
337,1922,ATL,2.928571429
338,1922,BAL,2.467532468
339,1922,BOS,2.909090909
340,1922,CHC,2.865384615
341,1922,CHW,2.974193548
342,1922,CIN,2.442307692
343,1922,CLE,2.148387097
344,1922,DET,2.464516129
345,1922,LAD,2.051612903
346,1922,MIN,2.902597403
347,1922,NYY,3.435064935
348,1922,OAK,3.806451613
349,1922,PHI,3.967532468
350,1922,PIT,2.103225806
351,1922,SFG,2.698717949
352,1922,STL,2.75974026
353,1923,ATL,2.606451613
354,1923,BAL,2.75974026
355,1923,BOS,3.123376623
356,1923,CHC,3.149350649
357,1923,CHW,2.91025641
358,1923,CIN,2.383116883
359,1923,CLE,2.490196078
360,1923,DET,2.477419355
361,1923,LAD,2.464516129
362,1923,MIN,2.903225806
363,1923,NYY,3.388157895
364,1923,OAK,3.418300654
365,1923,PHI,3.587096774
366,1923,PIT,2.350649351
367,1923,SFG,2.653594771
368,1923,STL,2.896103896
369,1924,ATL,2.928571429
370,1924,BAL,2.287581699
371,1924,BOS,2.700636943
372,1924,CHC,3.383116883
373,1924,CHW,2.707792208
374,1924,CIN,2.183006536
375,1924,CLE,2.37254902
376,1924,DET,2.532051282
377,1924,LAD,2.318181818
378,1924,MIN,2.487179487
379,1924,NYY,2.732026144
380,1924,OAK,3.157894737
381,1924,PHI,2.973684211
382,1924,PIT,2.588235294
383,1924,SFG,3.11038961
384,1924,STL,2.714285714
385,1925,ATL,2.483660131
386,1925,BAL,2.422077922
387,1925,BOS,2.769736842
388,1925,CHC,3.051948052
389,1925,CHW,2.62987013
390,1925,CIN,2.137254902
391,1925,CLE,2.44516129
392,1925,DET,2.461538462
393,1925,LAD,2.503267974
394,1925,MIN,2.763157895
395,1925,NYY,3.076923077
396,1925,OAK,2.810457516
397,1925,PHI,3.54248366
398,1925,PIT,2.37254902
399,1925,SFG,3.25
400,1925,STL,2.705882353
401,1926,ATL,2.274509804
402,1926,BAL,2.967741935
403,1926,BOS,2.863636364
404,1926,CHC,2.883870968
405,1926,CHW,2.438709677
406,1926,CIN,2.121019108
407,1926,CLE,2.084415584
408,1926,DET,2.694267516
409,1926,LAD,2.993548387
410,1926,MIN,2.388157895
411,1926,NYY,3.741935484
412,1926,OAK,3.013333333
413,1926,PHI,3.151315789
414,1926,PIT,2.229299363
415,1926,SFG,2.781456954
416,1926,STL,3.320512821
417,1927,ATL,2.341935484
418,1927,BAL,2.690322581
419,1927,BOS,3.090909091
420,1927,CHC,3.215686275
421,1927,CHW,2.660130719
422,1927,CIN,2.169934641
423,1927,CLE,2.418300654
424,1927,DET,2.692307692
425,1927,LAD,3.207792208
426,1927,MIN,2.375796178
427,1927,NYY,3.935483871
428,1927,OAK,2.096774194
429,1927,PHI,3.109677419
430,1927,PIT,2.275641026
431,1927,SFG,2.980645161
432,1927,STL,3.339869281
433,1928,ATL,2.464052288
434,1928,BAL,3.077922078
435,1928,BOS,3.337662338
436,1928,CHC,3.357142857
437,1928,CHW,3.129032258
438,1928,CIN,2.156862745
439,1928,CLE,2.64516129
440,1928,DET,2.811688312
441,1928,LAD,3.290322581
442,1928,MIN,2.483870968
443,1928,NYY,3.590909091
444,1928,OAK,2.843137255
445,1928,PHI,3.355263158
446,1928,PIT,2.315789474
447,1928,SFG,2.425806452
448,1928,STL,2.844155844
449,1929,ATL,2.805194805
450,1929,BAL,2.746753247
451,1929,BOS,3.187096774
452,1929,CHC,3.634615385
453,1929,CHW,2.763157895
454,1929,CIN,2.238709677
455,1929,CLE,2.289473684
456,1929,DET,3.180645161
457,1929,LAD,2.967320261
458,1929,MIN,2.594771242
459,1929,NYY,3.25974026
460,1929,OAK,2.913907285
461,1929,PHI,3.051948052
462,1929,PIT,2.175324675
463,1929,SFG,2.664473684
464,1929,STL,2.954545455
465,1930,ATL,2.577922078
466,1930,BAL,3.551948052
467,1930,BOS,3.61038961
468,1930,CHC,4.070512821
469,1930,CHW,3.103896104
470,1930,CIN,3.175324675
471,1930,CLE,2.987012987
472,1930,DET,3.292207792
473,1930,LAD,3.512987013
474,1930,MIN,2.844155844
475,1930,NYY,3.694805195
476,1930,OAK,3.448051948
477,1930,PHI,2.942307692
478,1930,PIT,2.915584416
479,1930,SFG,2.480519481
480,1930,STL,3.220779221
481,1931,ATL,2.756410256
482,1931,BAL,3.753246753
483,1931,BOS,3.692810458
484,1931,CHC,4.108974359
485,1931,CHW,2.820512821
486,1931,CIN,3.006493506
487,1931,CLE,2.774193548
488,1931,DET,3.025974026
489,1931,LAD,3.346405229
490,1931,MIN,2.923076923
491,1931,NYY,3.574193548
492,1931,OAK,3.549019608
493,1931,PHI,3.174193548
494,1931,PIT,2.929032258
495,1931,SFG,2.581699346
496,1931,STL,3.084415584
497,1932,ATL,3.2
498,1932,BAL,3.428571429
499,1932,BOS,3.487012987
500,1932,CHC,3.337662338
501,1932,CHW,2.526315789
502,1932,CIN,2.812903226
503,1932,CLE,2.967320261
504,1932,DET,3.405228758
505,1932,LAD,3.727272727
506,1932,MIN,2.87012987
507,1932,NYY,3.371794872
508,1932,OAK,4.084415584
509,1932,PHI,3.551948052
510,1932,PIT,2.5
511,1932,SFG,2.538961039
512,1932,STL,3.294871795
513,1933,ATL,2.743589744
514,1933,BAL,3.62745098
515,1933,BOS,3.120805369
516,1933,CHC,3.084415584
517,1933,CHW,2.774834437
518,1933,CIN,2.31372549
519,1933,CLE,2.82781457
520,1933,DET,3.4
521,1933,LAD,2.885350318
522,1933,MIN,2.588235294
523,1933,NYY,3.335526316
524,1933,OAK,4.078947368
525,1933,PHI,3.151315789
526,1933,PIT,2.168831169
527,1933,SFG,3.057692308
528,1933,STL,3.428571429
529,1934,ATL,2.894736842
530,1934,BAL,4.090909091
531,1934,BOS,3.496732026
532,1934,CHC,4.144736842
533,1934,CHW,3.418300654
534,1934,CIN,3.5
535,1934,CLE,2.818181818
536,1934,DET,3.415584416
537,1934,LAD,3.62745098
538,1934,MIN,2.883870968
539,1934,NYY,3.909090909
540,1934,OAK,3.823529412
541,1934,PHI,3.583892617
542,1934,PIT,2.635761589
543,1934,SFG,3.437908497
544,1934,STL,3.474025974
545,1935,ATL,2.849673203
546,1935,BAL,3.6
547,1935,BOS,3.051948052
548,1935,CHC,3.058441558
549,1935,CHW,2.647058824
550,1935,CIN,3.551948052
551,1935,CLE,3.634615385
552,1935,DET,2.980263158
553,1935,LAD,3.376623377
554,1935,MIN,2.642857143
555,1935,NYY,3.147651007
556,1935,OAK,4.046979866
557,1935,PHI,4.237179487
558,1935,PIT,2.85620915
559,1935,SFG,3.070512821
560,1935,STL,3.383116883
561,1936,ATL,3.707006369
562,1936,BAL,4.064516129
563,1936,BOS,3
564,1936,CHC,3
565,1936,CHW,2.738562092
566,1936,CIN,3.792207792
567,1936,CLE,2.993630573
568,1936,DET,3
569,1936,LAD,2.935897436
570,1936,MIN,2.620915033
571,1936,NYY,3.825806452
572,1936,OAK,3.844155844
573,1936,PHI,3.805194805
574,1936,PIT,3.217948718
575,1936,SFG,2.935064935
576,1936,STL,3.722580645
577,1937,ATL,4.651315789
578,1937,BAL,3.269230769
579,1937,BOS,3.616883117
580,1937,CHC,3.220779221
581,1937,CHW,2.902597403
582,1937,CIN,3.780645161
583,1937,CLE,3.538461538
584,1937,DET,4.593548387
585,1937,LAD,3.761290323
586,1937,MIN,3.202531646
587,1937,NYY,3.866242038
588,1937,OAK,3.616883117
589,1937,PHI,4.129032258
590,1937,PIT,3.116883117
591,1937,SFG,3.236842105
592,1937,STL,3.624203822
593,1938,ATL,3.581699346
594,1938,BAL,3.365384615
595,1938,BOS,3.08
596,1938,CHC,3.090909091
597,1938,CHW,3.281879195
598,1938,CIN,3.430463576
599,1938,CLE,3.960784314
600,1938,DET,3.735483871
601,1938,LAD,4.072847682
602,1938,MIN,2.460526316
603,1938,NYY,3.929936306
604,1938,OAK,3.831168831
605,1938,PHI,3.357615894
606,1938,PIT,2.690789474
607,1938,SFG,3.473684211
608,1938,STL,3.153846154
609,1939,ATL,3.25
610,1939,BAL,3.884615385
611,1939,BOS,3.302631579
612,1939,CHC,3.544871795
613,1939,CHW,3.238709677
614,1939,CIN,3.448717949
615,1939,CLE,3.707792208
616,1939,DET,3.825806452
617,1939,LAD,4.070063694
618,1939,MIN,2.993464052
619,1939,NYY,3.572368421
620,1939,OAK,3.470588235
621,1939,PHI,3.197368421
622,1939,PIT,2.745098039
623,1939,SFG,3.304635762
624,1939,STL,3.651612903
625,1940,ATL,3.822368421
626,1940,BAL,4.08974359
627,1940,BOS,3.876623377
628,1940,CHC,3.675324675
629,1940,CHW,3.670967742
630,1940,CIN,3.24516129
631,1940,CLE,3.858064516
632,1940,DET,3.574193548
633,1940,LAD,3.653846154
634,1940,MIN,3.272727273
635,1940,NYY,3.903225806
636,1940,OAK,4.253246753
637,1940,PHI,3.444444444
638,1940,PIT,3.166666667
639,1940,SFG,3.144736842
640,1940,STL,3.91025641
641,1941,ATL,3.871794872
642,1941,BAL,3.515923567
643,1941,BOS,3.651612903
644,1941,CHC,4.309677419
645,1941,CHW,3.051282051
646,1941,CIN,2.785714286
647,1941,CLE,3.890322581
648,1941,DET,3.761290323
649,1941,LAD,3.407643312
650,1941,MIN,3.128205128
651,1941,NYY,3.615384615
652,1941,OAK,3.818181818
653,1941,PHI,3.838709677
654,1941,PIT,3.307692308
655,1941,SFG,3.320512821
656,1941,STL,3.503225806
657,1942,ATL,3.393333333
658,1942,BAL,4.026490066
659,1942,BOS,3.342105263
660,1942,CHC,3.909677419
661,1942,CHW,2.871621622
662,1942,CIN,3.564935065
663,1942,CLE,3.487179487
664,1942,DET,3.025641026
665,1942,LAD,3.129032258
666,1942,MIN,3.549668874
667,1942,NYY,3.61038961
668,1942,OAK,3.175324675
669,1942,PHI,3.225165563
670,1942,PIT,3.569536424
671,1942,SFG,3.292207792
672,1942,STL,3.237179487
673,1943,ATL,3.934640523
674,1943,BAL,4.215686275
675,1943,BOS,3.812903226
676,1943,CHC,3.441558442
677,1943,CHW,3.75483871
678,1943,CIN,3.103225806
679,1943,CLE,3.392156863
680,1943,DET,3.561290323
681,1943,LAD,2.745098039
682,1943,MIN,3.751633987
683,1943,NYY,3.619354839
684,1943,OAK,3
685,1943,PHI,3.522292994
686,1943,PIT,3.605095541
687,1943,SFG,2.987179487
688,1943,STL,2.78343949
689,1944,ATL,3.270967742
690,1944,BAL,3.915584416
691,1944,BOS,3.217948718
692,1944,CHC,3.318471338
693,1944,CHW,2.909090909
694,1944,CIN,2.516129032
695,1944,CLE,3.832258065
696,1944,DET,3.205128205
697,1944,LAD,2.922580645
698,1944,MIN,3.090909091
699,1944,NYY,4.064935065
700,1944,OAK,3.161290323
701,1944,PHI,3.305194805
702,1944,PIT,3.898734177
703,1944,SFG,3.096774194
704,1944,STL,3
705,1945,ATL,3.318181818
706,1945,BAL,3.603896104
707,1945,BOS,3.401273885
708,1945,CHC,2.980645161
709,1945,CHW,3.113333333
710,1945,CIN,3.454545455
711,1945,CLE,3.925170068
712,1945,DET,3.438709677
713,1945,LAD,2.793548387
714,1945,MIN,3.128205128
715,1945,NYY,3.723684211
716,1945,OAK,3.006535948
717,1945,PHI,3.253246753
718,1945,PIT,3.103225806
719,1945,SFG,2.967532468
720,1945,STL,3.148387097
721,1946,ATL,3.025974026
722,1946,BAL,4.570512821
723,1946,BOS,4.237179487
724,1946,CHC,3.864516129
725,1946,CHW,3.883870968
726,1946,CIN,3.865384615
727,1946,CLE,4.461538462
728,1946,DET,3.974193548
729,1946,LAD,3.662420382
730,1946,MIN,4.116129032
731,1946,NYY,4.577922078
732,1946,OAK,3.84516129
733,1946,PHI,3.806451613
734,1946,PIT,3.580645161
735,1946,SFG,3.545454545
736,1946,STL,3.442307692
737,1947,ATL,3.25974026
738,1947,BAL,4.305194805
739,1947,BOS,3.751592357
740,1947,CHC,3.729032258
741,1947,CHW,3.406451613
742,1947,CIN,3.441558442
743,1947,CLE,3.866242038
744,1947,DET,3.563291139
745,1947,LAD,3.619354839
746,1947,MIN,3.467532468
747,1947,NYY,3.748387097
748,1947,OAK,3.608974359
749,1947,PHI,3.825806452
750,1947,PIT,4.384615385
751,1947,SFG,3.677419355
752,1947,STL,3.275641026
753,1948,ATL,3.487012987
754,1948,BAL,3.683870968
755,1948,BOS,3.541935484
756,1948,CHC,3.703225806
757,1948,CHW,3.428571429
758,1948,CIN,3.803921569
759,1948,CLE,3.685897436
760,1948,DET,3.272727273
761,1948,LAD,4.419354839
762,1948,MIN,3.701298701
763,1948,NYY,3.103896104
764,1948,OAK,3.396103896
765,1948,PHI,3.84516129
766,1948,PIT,3.705128205
767,1948,SFG,4.148387097
768,1948,STL,3.374193548
769,1949,ATL,4.178343949
770,1949,BAL,4.516129032
771,1949,BOS,3.290322581
772,1949,CHC,3.720779221
773,1949,CHW,3.850649351
774,1949,CIN,3.583333333
775,1949,CLE,3.467532468
776,1949,DET,3.232258065
777,1949,LAD,3.653846154
778,1949,MIN,3.207792208
779,1949,NYY,3.477419355
780,1949,OAK,3.201298701
781,1949,PHI,4.350649351
782,1949,PIT,3.597402597
783,1949,SFG,3.352564103
784,1949,STL,3.070063694
785,1950,ATL,3.948717949
786,1950,BAL,4.818181818
787,1950,BOS,3.766233766
788,1950,CHC,4.980519481
789,1950,CHW,3.634615385
790,1950,CIN,3.248366013
791,1950,CLE,4.019354839
792,1950,DET,3.063694268
793,1950,LAD,4.077419355
794,1950,MIN,3.903225806
795,1950,NYY,2.95483871
796,1950,OAK,3.188311688
797,1950,PHI,3.624203822
798,1950,PIT,4.5
799,1950,SFG,4.084415584
800,1950,STL,3.947712418
801,1951,ATL,3.980645161
802,1951,BAL,4.493506494
803,1951,BOS,3.857142857
804,1951,CHC,4.174193548
805,1951,CHW,3.387096774
806,1951,CIN,3.722580645
807,1951,CLE,4.077419355
808,1951,DET,3.396103896
809,1951,LAD,4.107594937
810,1951,MIN,3.337662338
811,1951,NYY,3.538961039
812,1951,OAK,3.662337662
813,1951,PHI,3.409090909
814,1951,PIT,3.967741935
815,1951,SFG,3.974522293
816,1951,STL,3.174193548
817,1952,ATL,4.587096774
818,1952,BAL,4.625806452
819,1952,BOS,4.785714286
820,1952,CHC,4.593548387
821,1952,CHW,3.326923077
822,1952,CIN,4.603896104
823,1952,CLE,4.832258065
824,1952,DET,3.865384615
825,1952,LAD,4.509677419
826,1952,MIN,3.853503185
827,1952,NYY,4.233766234
828,1952,OAK,3.6
829,1952,PHI,3.467532468
830,1952,PIT,4.670967742
831,1952,SFG,4.363636364
832,1952,STL,3.11038961
833,1953,ATL,4.057324841
834,1953,BAL,4.181818182
835,1953,BOS,3.921568627
836,1953,CHC,4.812903226
837,1953,CHW,3.391025641
838,1953,CIN,4.522580645
839,1953,CLE,4.4
840,1953,DET,3.810126582
841,1953,LAD,4.425806452
842,1953,MIN,3.973684211
843,1953,NYY,4.258278146
844,1953,OAK,3.834394904
845,1953,PHI,3.826923077
846,1953,PIT,4.642857143
847,1953,SFG,3.922580645
848,1953,STL,3.929936306
849,1954,ATL,4.019480519
850,1954,BAL,4.116883117
851,1954,BOS,4.230769231
852,1954,CHC,4.5
853,1954,CHW,3.458064516
854,1954,CIN,4.188311688
855,1954,CLE,4.282051282
856,1954,DET,3.890322581
857,1954,LAD,4.058441558
858,1954,MIN,4.638709677
859,1954,NYY,4.077419355
860,1954,OAK,4.33974359
861,1954,PHI,4.025974026
862,1954,PIT,4.785714286
863,1954,SFG,3.642857143
864,1954,STL,3.805194805
865,1955,ATL,4.772727273
866,1955,BAL,4.743589744
867,1955,BOS,4.74025974
868,1955,CHC,5.233766234
869,1955,CHW,3.838709677
870,1955,CIN,4.266233766
871,1955,CLE,4.642857143
872,1955,DET,3.772727273
873,1955,LAD,4.662337662
874,1955,MIN,4.227272727
875,1955,NYY,4.253246753
876,1955,OAK,4.632258065
877,1955,PHI,4.37012987
878,1955,PIT,4.233766234
879,1955,SFG,3.772727273
880,1955,STL,3.876623377
881,1956,ATL,4.606451613
882,1956,BAL,4.707792208
883,1956,BOS,4.44516129
884,1956,CHC,4.942675159
885,1956,CHW,4.272727273
886,1956,CIN,4.903225806
887,1956,CLE,4.929032258
888,1956,DET,3.987096774
889,1956,LAD,4.792207792
890,1956,MIN,5.658064516
891,1956,NYY,4.902597403
892,1956,OAK,4.707792208
893,1956,PHI,4.37012987
894,1956,PIT,4.789808917
895,1956,SFG,4.279220779
896,1956,STL,3.987179487
897,1957,ATL,4.703225806
898,1957,BAL,4.519480519
899,1957,BOS,4.779220779
900,1957,CHC,6.33974359
901,1957,CHW,4.8
902,1957,CIN,4.883116883
903,1957,CLE,5.117647059
904,1957,DET,4.162337662
905,1957,LAD,5.506493506
906,1957,MIN,4.746753247
907,1957,NYY,4.590909091
908,1957,OAK,4.941558442
909,1957,PHI,4.858974359
910,1957,PIT,4.729032258
911,1957,SFG,4.344155844
912,1957,STL,4.363636364
913,1958,ATL,4.194805195
914,1958,BAL,4.746753247
915,1958,BOS,5.290322581
916,1958,CHC,5.538961039
917,1958,CHW,4.316129032
918,1958,CIN,4.967532468
919,1958,CLE,5.352941176
920,1958,DET,4.402597403
921,1958,LAD,5.519480519
922,1958,MIN,4.814102564
923,1958,NYY,5.277419355
924,1958,OAK,4.788461538
925,1958,PHI,5.655844156
926,1958,PIT,4.88961039
927,1958,SFG,5.305194805
928,1958,STL,4.136363636
929,1959,ATL,4.872611465
930,1959,BAL,4.451612903
931,1959,BOS,5.25974026
932,1959,CHC,5.877419355
933,1959,CHW,4.064102564
934,1959,CIN,4.954545455
935,1959,CLE,4.681818182
936,1959,DET,4.772727273
937,1959,LAD,5.711538462
938,1959,MIN,5.720779221
939,1959,NYY,5.341935484
940,1959,OAK,5.064935065
941,1959,PHI,5.535483871
942,1959,PIT,4.612903226
943,1959,SFG,5.681818182
944,1959,STL,4.850649351
945,1960,ATL,5.149350649
946,1960,BAL,5.194805195
947,1960,BOS,5.188311688
948,1960,CHC,5.75
949,1960,CHW,4.207792208
950,1960,CIN,5.571428571
951,1960,CLE,3.707792208
952,1960,DET,4.727272727
953,1960,LAD,5.435064935
954,1960,MIN,5.733766234
955,1960,NYY,5.277419355
956,1960,OAK,4.8
957,1960,PHI,6.844155844
958,1960,PIT,4.819354839
959,1960,SFG,5.423076923
960,1960,STL,5.109677419
961,1961,ANA,6.592592593
962,1961,ATL,5.677419355
963,1961,BAL,5.533742331
964,1961,BOS,5.190184049
965,1961,CHC,6.583333333
966,1961,CHW,3.754601227
967,1961,CIN,4.941558442
968,1961,CLE,4.472049689
969,1961,DET,5.306748466
970,1961,LAD,5.168831169
971,1961,MIN,5.217391304
972,1961,NYY,4.81595092
973,1961,OAK,4.75308642
974,1961,PHI,5.987096774
975,1961,PIT,4.681818182
976,1961,SFG,4.929032258
977,1961,STL,4.806451613
978,1961,TEX,5.695652174
979,1962,ANA,5.660493827
980,1962,ATL,6.018518519
981,1962,BAL,5.74691358
982,1962,BOS,5.76875
983,1962,CHC,6.444444444
984,1962,CHW,4.160493827
985,1962,CIN,5.574074074
986,1962,CLE,5.796296296
987,1962,DET,5.552795031
988,1962,HOU,4.975308642
989,1962,LAD,5.36969697
990,1962,MIN,5.049079755
991,1962,NYM,6.155279503
992,1962,NYY,5.197530864
993,1962,OAK,4.956790123
994,1962,PHI,5.732919255
995,1962,PIT,5.192546584
996,1962,SFG,4.981818182
997,1962,STL,5.190184049
998,1962,TEX,4.87037037
999,1963,ANA,5.689440994
1000,1963,ATL,5.852760736
1001,1963,BAL,5.802469136
1002,1963,BOS,5.925465839
1003,1963,CHC,6.475308642
1004,1963,CHW,5.530864198
1005,1963,CIN,5.925925926
1006,1963,CLE,6.802469136
1007,1963,DET,5.604938272
1008,1963,HOU,5.790123457
1009,1963,LAD,5.319018405
1010,1963,MIN,5.664596273
1011,1963,NYM,6.654320988
1012,1963,NYY,5.01863354
1013,1963,OAK,5.117283951
1014,1963,PHI,5.895061728
1015,1963,PIT,5.802469136
1016,1963,SFG,5.487654321
1017,1963,STL,5.648148148
1018,1963,TEX,5.944444444
1019,1964,ANA,5.679012346
1020,1964,ATL,5.092592593
1021,1964,BAL,6.251533742
1022,1964,BOS,5.660493827
1023,1964,CHC,6.425925926
1024,1964,CHW,5.567901235
1025,1964,CIN,5.975460123
1026,1964,CLE,6.481707317
1027,1964,DET,5.595092025
1028,1964,HOU,5.382716049
1029,1964,LAD,5.445121951
1030,1964,MIN,6.251533742
1031,1964,NYM,5.717791411
1032,1964,NYY,5.951219512
1033,1964,OAK,6.773006135
1034,1964,PHI,5.703703704
1035,1964,PIT,5.987654321
1036,1964,SFG,5.555555556
1037,1964,STL,5.709876543
1038,1964,TEX,6.938271605
1039,1965,ANA,6.00617284
1040,1965,ATL,6.024691358
1041,1965,BAL,5.598765432
1042,1965,BOS,5.950617284
1043,1965,CHC,5.780487805
1044,1965,CHW,5.654320988
1045,1965,CIN,6.191358025
1046,1965,CLE,5.290123457
1047,1965,DET,5.87654321
1048,1965,HOU,5.413580247
1049,1965,LAD,5.5
1050,1965,MIN,5.981481481
1051,1965,NYM,6.884146341
1052,1965,NYY,5.87037037
1053,1965,OAK,6.296296296
1054,1965,PHI,6.734567901
1055,1965,PIT,6.18404908
1056,1965,SFG,5.17791411
1057,1965,STL,5.444444444
1058,1965,TEX,6.944444444
1059,1966,ANA,6.555555556
1060,1966,ATL,5.601226994
1061,1966,BAL,5.7875
1062,1966,BOS,6.296296296
1063,1966,CHC,6.160493827
1064,1966,CHW,5.349693252
1065,1966,CIN,5.48125
1066,1966,CLE,5.641975309
1067,1966,DET,6.092592593
1068,1966,HOU,5.429447853
1069,1966,LAD,5.12345679
1070,1966,MIN,5.209876543
1071,1966,NYM,6.161490683
1072,1966,NYY,5.10625
1073,1966,OAK,6.1375
1074,1966,PHI,5.981481481
1075,1966,PIT,6.240740741
1076,1966,SFG,5.341614907
1077,1966,STL,6.030864198
1078,1966,TEX,6.72327044
1079,1967,ANA,6.341614907
1080,1967,ATL,5.845679012
1081,1967,BAL,6.223602484
1082,1967,BOS,6.296296296
1083,1967,CHC,5.62962963
1084,1967,CHW,5.240740741
1085,1967,CIN,5.981481481
1086,1967,CLE,6.074074074
1087,1967,DET,6.098159509
1088,1967,HOU,5.765432099
1089,1967,LAD,5.438271605
1090,1967,MIN,5.951219512
1091,1967,NYM,6.055555556
1092,1967,NYY,6.398773006
1093,1967,OAK,6.329192547
1094,1967,PHI,6.37654321
1095,1967,PIT,5.607361963
1096,1967,SFG,6.037037037
1097,1967,STL,5.708074534
1098,1967,TEX,6.440993789
1099,1968,ANA,6.666666667
1100,1968,ATL,4.797546012
1101,1968,BAL,6.290123457
1102,1968,BOS,6.012345679
1103,1968,CHC,5.239263804
1104,1968,CHW,5.185185185
1105,1968,CIN,5.754601227
1106,1968,CLE,5.296296296
1107,1968,DET,5.87804878
1108,1968,HOU,6.098765432
1109,1968,LAD,6.049382716
1110,1968,MIN,5.962962963
1111,1968,NYM,7.380368098
1112,1968,NYY,5.841463415
1113,1968,OAK,6.26993865
1114,1968,PHI,6.191358025
1115,1968,PIT,5.846625767
1116,1968,SFG,5.54601227
1117,1968,STL,5.537037037
1118,1968,TEX,5.962732919
1119,1969,ANA,5.699386503
1120,1969,ATL,4.104938272
1121,1969,BAL,4.975308642
1122,1969,BOS,5.697530864
1123,1969,CHC,5.693251534
1124,1969,CHW,5.209876543
1125,1969,CIN,6.392638037
1126,1969,CLE,5.627329193
1127,1969,DET,5.691358025
1128,1969,HOU,6
1129,1969,KCR,5.527607362
1130,1969,LAD,5.080246914
1131,1969,MIL,6.226993865
1132,1969,MIN,5.592592593
1133,1969,NYM,6.722222222
1134,1969,NYY,5.185185185
1135,1969,OAK,5.882716049
1136,1969,PHI,6.975308642
1137,1969,PIT,5.827160494
1138,1969,SDP,7.055555556
1139,1969,SFG,6.50617284
1140,1969,STL,5.407407407
1141,1969,TEX,5.555555556
1142,1969,WSN,5.938271605
1143,1970,ANA,5.691358025
1144,1970,ATL,4.543209877
1145,1970,BAL,5.87654321
1146,1970,BOS,5.277777778
1147,1970,CHC,5.209876543
1148,1970,CHW,5.382716049
1149,1970,CIN,6.074074074
1150,1970,CLE,5.611111111
1151,1970,DET,5.092592593
1152,1970,HOU,5.62345679
1153,1970,KCR,5.913580247
1154,1970,LAD,5.223602484
1155,1970,MIL,6.042944785
1156,1970,MIN,5.586419753
1157,1970,NYM,6.555555556
1158,1970,NYY,4.957055215
1159,1970,OAK,6.030864198
1160,1970,PHI,6.621118012
1161,1970,PIT,5.37654321
1162,1970,SDP,7.185185185
1163,1970,SFG,6.203703704
1164,1970,STL,5.932098765
1165,1970,TEX,6.104938272
1166,1970,WSN,6
1167,1971,ANA,5.104938272
1168,1971,ATL,4.611111111
1169,1971,BAL,5.341772152
1170,1971,BOS,5.37654321
1171,1971,CHC,4.765432099
1172,1971,CHW,5.37037037
1173,1971,CIN,5.598765432
1174,1971,CLE,5.358024691
1175,1971,DET,5.271604938
1176,1971,HOU,5.481481481
1177,1971,KCR,5.086956522
1178,1971,LAD,4.660493827
1179,1971,MIL,5.739130435
1180,1971,MIN,5.2875
1181,1971,NYM,5.913580247
1182,1971,NYY,4.425925926
1183,1971,OAK,6.322981366
1184,1971,PHI,6.364197531
1185,1971,PIT,5.672839506
1186,1971,SDP,6
1187,1971,SFG,6.432098765
1188,1971,STL,4.644171779
1189,1971,TEX,6.012578616
1190,1971,WSN,4.938271605
1191,1972,ANA,5.483870968
1192,1972,ATL,4.967741935
1193,1972,BAL,6.071428571
1194,1972,BOS,5.535483871
1195,1972,CHC,5.224358974
1196,1972,CHW,6.435064935
1197,1972,CIN,5.935064935
1198,1972,CLE,4.884615385
1199,1972,DET,5.083333333
1200,1972,HOU,5.928104575
1201,1972,KCR,4.616883117
1202,1972,LAD,5.070967742
1203,1972,MIL,5.564102564
1204,1972,MIN,5.876623377
1205,1972,NYM,6.346153846
1206,1972,NYY,4.44516129
1207,1972,OAK,5.716129032
1208,1972,PHI,5.961538462
1209,1972,PIT,5.619354839
1210,1972,SDP,6.379084967
1211,1972,SFG,6.219354839
1212,1972,STL,5.083333333
1213,1972,TEX,6.012987013
1214,1972,WSN,5.307692308
1215,1973,ANA,5.037037037
1216,1973,ATL,5.37037037
1217,1973,BAL,4.641975309
1218,1973,BOS,4.932098765
1219,1973,CHC,5.310559006
1220,1973,CHW,5.87654321
1221,1973,CIN,5.845679012
1222,1973,CLE,4.895061728
1223,1973,DET,4.456790123
1224,1973,HOU,5.938271605
1225,1973,KCR,4.296296296
1226,1973,LAD,4.907407407
1227,1973,MIL,6.030864198
1228,1973,MIN,5.888888889
1229,1973,NYM,5
1230,1973,NYY,4.197530864
1231,1973,OAK,5.672839506
1232,1973,PHI,6.043209877
1233,1973,PIT,5.197530864
1234,1973,SDP,5.962962963
1235,1973,SFG,5.635802469
1236,1973,STL,4.913580247
1237,1973,TEX,4.882716049
1238,1973,WSN,4.796296296
1239,1974,ANA,4.914110429
1240,1974,ATL,4.736196319
1241,1974,BAL,4.75308642
1242,1974,BOS,5.00617284
1243,1974,CHC,5.290123457
1244,1974,CHW,5.263803681
1245,1974,CIN,5.766871166
1246,1974,CLE,4.666666667
1247,1974,DET,4.839506173
1248,1974,HOU,5.333333333
1249,1974,KCR,4.740740741
1250,1974,LAD,5.061728395
1251,1974,MIL,5.611111111
1252,1974,MIN,4.852760736
1253,1974,NYM,4.537037037
1254,1974,NYY,4.259259259
1255,1974,OAK,5.407407407
1256,1974,PHI,5.074074074
1257,1974,PIT,5.111111111
1258,1974,SDP,5.555555556
1259,1974,SFG,5.364197531
1260,1974,STL,4.670807453
1261,1974,TEX,4.409937888
1262,1974,WSN,5.043478261
1263,1975,ANA,5.037267081
1264,1975,ATL,4.714285714
1265,1975,BAL,5.245283019
1266,1975,BOS,4.63125
1267,1975,CHC,4.950617284
1268,1975,CHW,4.968944099
1269,1975,CIN,5.654320988
1270,1975,CLE,4.194968553
1271,1975,DET,5.48427673
1272,1975,HOU,4.703703704
1273,1975,KCR,4.166666667
1274,1975,LAD,5.092592593
1275,1975,MIL,5.691358025
1276,1975,MIN,4.691823899
1277,1975,NYM,4.969135802
1278,1975,NYY,4.4375
1279,1975,OAK,5.222222222
1280,1975,PHI,5.925925926
1281,1975,PIT,5.167701863
1282,1975,SDP,4.654320988
1283,1975,SFG,4.813664596
1284,1975,STL,3.981595092
1285,1975,TEX,5.327160494
1286,1975,WSN,5.888888889
1287,1976,ANA,5.012345679
1288,1976,ATL,5.00617284
1289,1976,BAL,5.450617284
1290,1976,BOS,5.135802469
1291,1976,CHC,5.148148148
1292,1976,CHW,4.590062112
1293,1976,CIN,5.567901235
1294,1976,CLE,3.968553459
1295,1976,DET,4.534161491
1296,1976,HOU,4.438271605
1297,1976,KCR,4.012345679
1298,1976,LAD,4.592592593
1299,1976,MIL,5.645962733
1300,1976,MIN,4.407407407
1301,1976,NYM,4.919753086
1302,1976,NYY,3.874213836
1303,1976,OAK,5.080745342
1304,1976,PHI,4.895061728
1305,1976,PIT,4.981481481
1306,1976,SDP,4.419753086
1307,1976,SFG,4.802469136
1308,1976,STL,5.308641975
1309,1976,TEX,4.99382716
1310,1976,WSN,5.191358025
1311,1977,ANA,5.432098765
1312,1977,ATL,5.407407407
1313,1977,BAL,5.869565217
1314,1977,BOS,5.621118012
1315,1977,CHC,4.913580247
1316,1977,CHW,4.111111111
1317,1977,CIN,5.62345679
1318,1977,CLE,4.273291925
1319,1977,DET,4.716049383
1320,1977,HOU,5.179012346
1321,1977,KCR,4.240740741
1322,1977,LAD,5.530864198
1323,1977,MIL,5.320987654
1324,1977,MIN,4.683229814
1325,1977,NYM,5.475308642
1326,1977,NYY,4.203703704
1327,1977,OAK,5.652173913
1328,1977,PHI,4.975308642
1329,1977,PIT,5.419753086
1330,1977,SDP,6.524691358
1331,1977,SEA,4.74691358
1332,1977,SFG,5.197530864
1333,1977,STL,5.080246914
1334,1977,TEX,5.580246914
1335,1977,TOR,5.086956522
1336,1977,WSN,5.413580247
1337,1978,ANA,4.209876543
1338,1978,ATL,5.395061728
1339,1978,BAL,5.366459627
1340,1978,BOS,5.122699387
1341,1978,CHC,4.604938272
1342,1978,CHW,3.881987578
1343,1978,CIN,5.583850932
1344,1978,CLE,4.389937107
1345,1978,DET,4.290123457
1346,1978,HOU,4.586419753
1347,1978,KCR,3.975308642
1348,1978,LAD,5.049382716
1349,1978,MIL,4.969135802
1350,1978,MIN,4.222222222
1351,1978,NYM,5.117283951
1352,1978,NYY,4.263803681
1353,1978,OAK,4.938271605
1354,1978,PHI,5.345679012
1355,1978,PIT,5.428571429
1356,1978,SDP,5.234567901
1357,1978,SEA,4.3875
1358,1978,SFG,5.024691358
1359,1978,STL,4.401234568
1360,1978,TEX,4.808641975
1361,1978,TOR,4.00621118
1362,1978,WSN,5.438271605
1363,1979,ANA,5.203703704
1364,1979,ATL,5.1125
1365,1979,BAL,5.327044025
1366,1979,BOS,4.425
1367,1979,CHC,4.703703704
1368,1979,CHW,4.175
1369,1979,CIN,5.602484472
1370,1979,CLE,4.881987578
1371,1979,DET,5.055900621
1372,1979,HOU,4.598765432
1373,1979,KCR,4.166666667
1374,1979,LAD,5.148148148
1375,1979,MIL,4.627329193
1376,1979,MIN,4.277777778
1377,1979,NYM,5.012269939
1378,1979,NYY,3.6875
1379,1979,OAK,4.635802469
1380,1979,PHI,4.687116564
1381,1979,PIT,5.245398773
1382,1979,SDP,4.782608696
1383,1979,SEA,4.475308642
1384,1979,SFG,5.709876543
1385,1979,STL,5.141104294
1386,1979,TEX,3.74691358
1387,1979,TOR,4.092592593
1388,1979,WSN,5.5625
1389,1980,ANA,5.55625
1390,1980,ATL,5.583850932
1391,1980,BAL,4.728395062
1392,1980,BOS,4.5
1393,1980,CHC,5.62962963
1394,1980,CHW,4.135802469
1395,1980,CIN,5.226993865
1396,1980,CLE,3.90625
1397,1980,DET,5.17791411
1398,1980,HOU,4.63190184
1399,1980,KCR,4.37654321
1400,1980,LAD,5.190184049
1401,1980,MIL,4.598765432
1402,1980,MIN,4.366459627
1403,1980,NYM,5.185185185
1404,1980,NYY,4.561728395
1405,1980,OAK,5.086419753
1406,1980,PHI,4.37037037
1407,1980,PIT,4.691358025
1408,1980,SDP,4.852760736
1409,1980,SEA,4.460122699
1410,1980,SFG,5.217391304
1411,1980,STL,4.820987654
1412,1980,TEX,3.613496933
1413,1980,TOR,5.018518519
1414,1980,WSN,5.339506173
1415,1981,ANA,5.190909091
1416,1981,ATL,5.046728972
1417,1981,BAL,4.323809524
1418,1981,BOS,4.814814815
1419,1981,CHC,5.764150943
1420,1981,CHW,4.886792453
1421,1981,CIN,5.12037037
1422,1981,CLE,3.67961165
1423,1981,DET,4.587155963
1424,1981,HOU,4.436363636
1425,1981,KCR,4.067961165
1426,1981,LAD,5
1427,1981,MIL,4.229357798
1428,1981,MIN,4.518181818
1429,1981,NYM,5.742857143
1430,1981,NYY,4.056074766
1431,1981,OAK,5.935779817
1432,1981,PHI,4.037383178
1433,1981,PIT,4.796116505
1434,1981,SDP,4.772727273
1435,1981,SEA,5.027272727
1436,1981,SFG,4.891891892
1437,1981,STL,4.805825243
1438,1981,TEX,3.771428571
1439,1981,TOR,5.245283019
1440,1981,WSN,4.611111111
1441,1982,ANA,4.691358025
1442,1982,ATL,5.364197531
1443,1982,BAL,4.883435583
1444,1982,BOS,4.543209877
1445,1982,CHC,5.364197531
1446,1982,CHW,5.345679012
1447,1982,CIN,5.043209877
1448,1982,CLE,3.858024691
1449,1982,DET,4.981481481
1450,1982,HOU,5.12345679
1451,1982,KCR,4.679012346
1452,1982,LAD,4.962962963
1453,1982,MIL,4.380368098
1454,1982,MIN,5.475308642
1455,1982,NYM,6.203703704
1456,1982,NYY,4.438271605
1457,1982,OAK,5.851851852
1458,1982,PHI,5.12962963
1459,1982,PIT,5.320987654
1460,1982,SDP,5.413580247
1461,1982,SEA,4.975308642
1462,1982,SFG,5.648148148
1463,1982,STL,4.969135802
1464,1982,TEX,4.62962963
1465,1982,TOR,4.62345679
1466,1982,WSN,5.037037037
1467,1983,ANA,5.154320988
1468,1983,ATL,5.228395062
1469,1983,BAL,4.938271605
1470,1983,BOS,4.679012346
1471,1983,CHC,5.358024691
1472,1983,CHW,5.481481481
1473,1983,CIN,6.209876543
1474,1983,CLE,4.265432099
1475,1983,DET,5.12962963
1476,1983,HOU,5.364197531
1477,1983,KCR,4.429447853
1478,1983,LAD,5.674846626
1479,1983,MIL,4.104938272
1480,1983,MIN,4.950617284
1481,1983,NYM,6.364197531
1482,1983,NYY,4.234567901
1483,1983,OAK,5.382716049
1484,1983,PHI,5.558282209
1485,1983,PIT,5.388888889
1486,1983,SDP,5.042944785
1487,1983,SEA,5.185185185
1488,1983,SFG,6.111111111
1489,1983,STL,5.425925926
1490,1983,TEX,4.705521472
1491,1983,TOR,5
1492,1983,WSN,4.496932515
1493,1984,ANA,5.728395062
1494,1984,ATL,5.530864198
1495,1984,BAL,5.456790123
1496,1984,BOS,5.197530864
1497,1984,CHC,6.00621118
1498,1984,CHW,5.450617284
1499,1984,CIN,6.037037037
1500,1984,CLE,5
1501,1984,DET,5.808641975
1502,1984,HOU,5.166666667
1503,1984,KCR,5.135802469
1504,1984,LAD,5.117283951
1505,1984,MIL,4.180124224
1506,1984,MIN,4.537037037
1507,1984,NYM,6.179012346
1508,1984,NYY,4.154320988
1509,1984,OAK,5.37654321
1510,1984,PHI,6.691358025
1511,1984,PIT,5.191358025
1512,1984,SDP,5
1513,1984,SEA,5.37654321
1514,1984,SFG,6.049382716
1515,1984,STL,5.703703704
1516,1984,TEX,5.01242236
1517,1984,TOR,5.006134969
1518,1984,WSN,4.857142857
1519,1985,ANA,5.567901235
1520,1985,ATL,5.240740741
1521,1985,BAL,5.639751553
1522,1985,BOS,5.006134969
1523,1985,CHC,5.783950617
1524,1985,CHW,5.171779141
1525,1985,CIN,5.283950617
1526,1985,CLE,5.043209877
1527,1985,DET,5.751552795
1528,1985,HOU,5.388888889
1529,1985,KCR,5.185185185
1530,1985,LAD,5.222222222
1531,1985,MIL,4.633540373
1532,1985,MIN,4.808641975
1533,1985,NYM,5.382716049
1534,1985,NYY,4.788819876
1535,1985,OAK,5.314814815
1536,1985,PHI,6.759259259
1537,1985,PIT,5.229813665
1538,1985,SDP,4.99382716
1539,1985,SEA,5.814814815
1540,1985,SFG,5.938271605
1541,1985,STL,5.265432099
1542,1985,TEX,5.086956522
1543,1985,TOR,5.01242236
1544,1985,WSN,5.465838509
1545,1986,ANA,5.308641975
1546,1986,ATL,5.614906832
1547,1986,BAL,5.320987654
1548,1986,BOS,4.391304348
1549,1986,CHC,6.0375
1550,1986,CHW,5.802469136
1551,1986,CIN,5.679012346
1552,1986,CLE,5.791411043
1553,1986,DET,5.462962963
1554,1986,HOU,5.654320988
1555,1986,KCR,5.672839506
1556,1986,LAD,5.962962963
1557,1986,MIL,6.124223602
1558,1986,MIN,6.030864198
1559,1986,NYM,5.975308642
1560,1986,NYY,5.62345679
1561,1986,OAK,6.067901235
1562,1986,PHI,7.167701863
1563,1986,PIT,5.734567901
1564,1986,SDP,5.660493827
1565,1986,SEA,7.086419753
1566,1986,SFG,6.709876543
1567,1986,STL,5.621118012
1568,1986,TEX,6.716049383
1569,1986,TOR,5.202453988
1570,1986,WSN,6.310559006
1571,1987,ANA,5.716049383
1572,1987,ATL,5.180124224
1573,1987,BAL,5.796296296
1574,1987,BOS,5.092592593
1575,1987,CHC,6.608695652
1576,1987,CHW,5.99382716
1577,1987,CIN,5.728395062
1578,1987,CLE,6.030864198
1579,1987,DET,5.635802469
1580,1987,HOU,5.777777778
1581,1987,KCR,6.382716049
1582,1987,LAD,5.697530864
1583,1987,MIL,6.419753086
1584,1987,MIN,5.543209877
1585,1987,NYM,6.24691358
1586,1987,NYY,5.858024691
1587,1987,OAK,6.518518519
1588,1987,PHI,6.845679012
1589,1987,PIT,5.641975309
1590,1987,SDP,6.12345679
1591,1987,SEA,5.327160494
1592,1987,SFG,6.75308642
1593,1987,STL,5.759259259
1594,1987,TEX,6.672839506
1595,1987,TOR,5.987654321
1596,1987,WSN,5.666666667
1597,1988,ANA,5.055555556
1598,1988,ATL,5.3
1599,1988,BAL,5.397515528
1600,1988,BOS,4.49382716
1601,1988,CHC,5.582822086
1602,1988,CHW,5.639751553
1603,1988,CIN,5.726708075
1604,1988,CLE,5.345679012
1605,1988,DET,5.191358025
1606,1988,HOU,5.185185185
1607,1988,KCR,5.863354037
1608,1988,LAD,5.845679012
1609,1988,MIL,5.62345679
1610,1988,MIN,5.135802469
1611,1988,NYM,5.2625
1612,1988,NYY,5.807453416
1613,1988,OAK,5.716049383
1614,1988,PHI,6.055555556
1615,1988,PIT,5.91875
1616,1988,SDP,5.540372671
1617,1988,SEA,4.888198758
1618,1988,SFG,6.314814815
1619,1988,STL,5.104938272
1620,1988,TEX,6.347826087
1621,1988,TOR,5.771604938
1622,1988,WSN,6.460122699
1623,1989,ANA,6.240740741
1624,1989,ATL,6.186335404
1625,1989,BAL,5.907407407
1626,1989,BOS,4.660493827
1627,1989,CHC,5.685185185
1628,1989,CHW,5.422360248
1629,1989,CIN,6.345679012
1630,1989,CLE,5.765432099
1631,1989,DET,5.549382716
1632,1989,HOU,5.308641975
1633,1989,KCR,5.537037037
1634,1989,LAD,5.53125
1635,1989,MIL,4.882716049
1636,1989,MIN,4.586419753
1637,1989,NYM,5.765432099
1638,1989,NYY,5.161490683
1639,1989,OAK,5.277777778
1640,1989,PHI,5.680981595
1641,1989,PIT,5.573170732
1642,1989,SDP,6.25308642
1643,1989,SEA,5.172839506
1644,1989,SFG,6.611111111
1645,1989,STL,5.170731707
1646,1989,TEX,6.104938272
1647,1989,TOR,5.697530864
1648,1989,WSN,5.913580247
1649,1990,ANA,6.172839506
1650,1990,ATL,6.234567901
1651,1990,BAL,5.97515528
1652,1990,BOS,4.907407407
1653,1990,CHC,5.364197531
1654,1990,CHW,5.574074074
1655,1990,CIN,5.635802469
1656,1990,CLE,5.160493827
1657,1990,DET,5.87654321
1658,1990,HOU,6.154320988
1659,1990,KCR,5.459627329
1660,1990,LAD,5.87654321
1661,1990,MIL,5.067901235
1662,1990,MIN,4.62345679
1663,1990,NYM,5.25308642
1664,1990,NYY,6.339506173
1665,1990,OAK,6.12345679
1666,1990,PHI,5.648148148
1667,1990,PIT,5.641975309
1668,1990,SDP,5.567901235
1669,1990,SEA,4.62345679
1670,1990,SFG,6.00617284
1671,1990,STL,5.209876543
1672,1990,TEX,6.50617284
1673,1990,TOR,5.987654321
1674,1990,WSN,6.320987654
1675,1991,ANA,5.728395062
1676,1991,ATL,5.592592593
1677,1991,BAL,6.012345679
1678,1991,BOS,5.061728395
1679,1991,CHC,5.49375
1680,1991,CHW,5.530864198
1681,1991,CIN,6.209876543
1682,1991,CLE,5.481481481
1683,1991,DET,7.314814815
1684,1991,HOU,6.339506173
1685,1991,KCR,5.981481481
1686,1991,LAD,5.907407407
1687,1991,MIL,4.950617284
1688,1991,MIN,4.611111111
1689,1991,NYM,4.900621118
1690,1991,NYY,5.314814815
1691,1991,OAK,6.055555556
1692,1991,PHI,6.333333333
1693,1991,PIT,5.561728395
1694,1991,SDP,6.598765432
1695,1991,SEA,5.00617284
1696,1991,SFG,6.00617284
1697,1991,STL,5.290123457
1698,1991,TEX,6.413580247
1699,1991,TOR,6.438271605
1700,1991,WSN,6.559006211
1701,1992,ANA,5.444444444
1702,1992,ATL,5.703703704
1703,1992,BAL,5.104938272
1704,1992,BOS,5.339506173
1705,1992,CHC,5.037037037
1706,1992,CHW,4.839506173
1707,1992,CIN,5.481481481
1708,1992,CLE,5.462962963
1709,1992,DET,6.512345679
1710,1992,HOU,6.327160494
1711,1992,KCR,4.574074074
1712,1992,LAD,5.549382716
1713,1992,MIL,4.808641975
1714,1992,MIN,5.148148148
1715,1992,NYM,5.901234568
1716,1992,NYY,5.574074074
1717,1992,OAK,5.12962963
1718,1992,PHI,6.537037037
1719,1992,PIT,5.382716049
1720,1992,SDP,5.333333333
1721,1992,SEA,5.191358025
1722,1992,SFG,6.586419753
1723,1992,STL,6.148148148
1724,1992,TEX,6.395061728
1725,1992,TOR,5.759259259
1726,1992,WSN,6.024691358
1727,1993,ANA,5.740740741
1728,1993,ATL,5.839506173
1729,1993,BAL,5.740740741
1730,1993,BOS,5.37654321
1731,1993,CHC,5.662576687
1732,1993,CHW,5.148148148
1733,1993,CIN,6.327160494
1734,1993,CLE,5.203703704
1735,1993,COL,5.827160494
1736,1993,DET,6.925925926
1737,1993,FLA,6.50617284
1738,1993,HOU,5.62345679
1739,1993,KCR,5.777777778
1740,1993,LAD,5.783950617
1741,1993,MIL,5.75308642
1742,1993,MIN,5.24691358
1743,1993,NYM,5.425925926
1744,1993,NYY,5.617283951
1745,1993,OAK,6.469135802
1746,1993,PHI,6.475308642
1747,1993,PIT,6
1748,1993,SDP,6.456790123
1749,1993,SEA,5.561728395
1750,1993,SFG,5.740740741
1751,1993,STL,5.444444444
1752,1993,TEX,6.074074074
1753,1993,TOR,5.314814815
1754,1993,WSN,5.27607362
1755,1994,ANA,6.217391304
1756,1994,ATL,5.859649123
1757,1994,BAL,5.848214286
1758,1994,BOS,6.286956522
1759,1994,CHC,6.637168142
1760,1994,CHW,5.026548673
1761,1994,CIN,6.417391304
1762,1994,CLE,5.566371681
1763,1994,COL,6.504273504
1764,1994,DET,7.8
1765,1994,FLA,6.486956522
1766,1994,HOU,6.243478261
1767,1994,KCR,6.069565217
1768,1994,LAD,6.026315789
1769,1994,MIL,5.913043478
1770,1994,MIN,5.619469027
1771,1994,NYM,7.14159292
1772,1994,NYY,5.840707965
1773,1994,OAK,6.01754386
1774,1994,PHI,6.182608696
1775,1994,PIT,6.359649123
1776,1994,SDP,6.512820513
1777,1994,SEA,5.821428571
1778,1994,SFG,6.252173913
1779,1994,STL,5.965217391
1780,1994,TEX,6.403508772
1781,1994,TOR,6.008695652
1782,1994,WSN,5.868421053
1783,1995,ANA,6.131034483
1784,1995,ATL,6.479166667
1785,1995,BAL,5.576388889
1786,1995,BOS,6.409722222
1787,1995,CHC,6.618055556
1788,1995,CHW,5.289655172
1789,1995,CIN,6.569444444
1790,1995,CLE,5.319444444
1791,1995,COL,6.548611111
1792,1995,DET,6.854166667
1793,1995,FLA,6.405594406
1794,1995,HOU,6.888888889
1795,1995,KCR,5.895833333
1796,1995,LAD,7.104166667
1797,1995,MIL,5.555555556
1798,1995,MIN,6.361111111
1799,1995,NYM,6.902777778
1800,1995,NYY,5.868965517
1801,1995,OAK,6.326388889
1802,1995,PHI,6.138888889
1803,1995,PIT,6.75
1804,1995,SDP,6.055555556
1805,1995,SEA,6.006896552
1806,1995,SFG,7.361111111
1807,1995,STL,6.433566434
1808,1995,TEX,6.090277778
1809,1995,TOR,6.291666667
1810,1995,WSN,6.256944444
1811,1996,ANA,6.049689441
1812,1996,ATL,6.37037037
1813,1996,BAL,5.613496933
1814,1996,BOS,6.296296296
1815,1996,CHC,6.728395062
1816,1996,CHW,5.722222222
1817,1996,CIN,7
1818,1996,CLE,5.242236025
1819,1996,COL,6.839506173
1820,1996,DET,7.827160494
1821,1996,FLA,6.925925926
1822,1996,HOU,6.524691358
1823,1996,KCR,5.857142857
1824,1996,LAD,7.345679012
1825,1996,MIL,6.086419753
1826,1996,MIN,5.913580247
1827,1996,NYM,6.598765432
1828,1996,NYY,5.611111111
1829,1996,OAK,6.87654321
1830,1996,PHI,6.740740741
1831,1996,PIT,6.104938272
1832,1996,SDP,6.259259259
1833,1996,SEA,6.534161491
1834,1996,SFG,7.339506173
1835,1996,STL,6.722222222
1836,1996,TEX,6.386503067
1837,1996,TOR,6.820987654
1838,1996,WSN,6.648148148
1839,1997,ANA,5.882716049
1840,1997,ATL,7.160493827
1841,1997,BAL,5.87654321
1842,1997,BOS,6.444444444
1843,1997,CHC,6.191358025
1844,1997,CHW,5.596273292
1845,1997,CIN,6.87037037
1846,1997,CLE,5.931677019
1847,1997,COL,6.543209877
1848,1997,DET,7.185185185
1849,1997,FLA,6.62962963
1850,1997,HOU,6.697530864
1851,1997,KCR,6.590062112
1852,1997,LAD,6.660493827
1853,1997,MIL,6.00621118
1854,1997,MIN,6.919753086
1855,1997,NYM,6.351851852
1856,1997,NYY,5.888888889
1857,1997,OAK,7.290123457
1858,1997,PHI,6.37037037
1859,1997,PIT,7.166666667
1860,1997,SDP,6.969135802
1861,1997,SEA,6.851851852
1862,1997,SFG,6.913580247
1863,1997,STL,7.351851852
1864,1997,TEX,6.888888889
1865,1997,TOR,7.024691358
1866,1997,WSN,6.691358025
1867,1998,ANA,6.345679012
1868,1998,ARI,7.648148148
1869,1998,ATL,6.555555556
1870,1998,BAL,5.574074074
1871,1998,BOS,6.475308642
1872,1998,CHC,7.503067485
1873,1998,CHW,5.619631902
1874,1998,CIN,6.833333333
1875,1998,CLE,6.549382716
1876,1998,COL,5.858024691
1877,1998,DET,6.604938272
1878,1998,FLA,6.913580247
1879,1998,HOU,6.925925926
1880,1998,KCR,6.111801242
1881,1998,LAD,6.518518519
1882,1998,MIL,6.413580247
1883,1998,MIN,5.648148148
1884,1998,NYM,6.475308642
1885,1998,NYY,6.327160494
1886,1998,OAK,6.925925926
1887,1998,PHI,6.666666667
1888,1998,PIT,6.503067485
1889,1998,SDP,6.617283951
1890,1998,SEA,6.714285714
1891,1998,SFG,6.380368098
1892,1998,STL,7.233128834
1893,1998,TBD,6.833333333
1894,1998,TEX,6.450617284
1895,1998,TOR,6.944785276
1896,1998,WSN,6.530864198
1897,1999,ANA,6.308641975
1898,1999,ARI,6.450617284
1899,1999,ATL,5.938271605
1900,1999,BAL,5.49382716
1901,1999,BOS,5.728395062
1902,1999,CHC,7.222222222
1903,1999,CHW,5
1904,1999,CIN,6.901840491
1905,1999,CLE,6.783950617
1906,1999,COL,5.327160494
1907,1999,DET,6.51552795
1908,1999,FLA,7.067901235
1909,1999,HOU,7.024691358
1910,1999,KCR,5.788819876
1911,1999,LAD,6.358024691
1912,1999,MIL,6.614906832
1913,1999,MIN,6.074534161
1914,1999,NYM,6.098159509
1915,1999,NYY,6.037037037
1916,1999,OAK,6.969135802
1917,1999,PHI,6.672839506
1918,1999,PIT,7.434782609
1919,1999,SDP,7.216049383
1920,1999,SEA,6.759259259
1921,1999,SFG,6.345679012
1922,1999,STL,7.465838509
1923,1999,TBD,6.432098765
1924,1999,TEX,5.783950617
1925,1999,TOR,6.648148148
1926,1999,WSN,5.796296296
1927,2000,ANA,6.320987654
1928,2000,ARI,6.018518519
1929,2000,ATL,6.234567901
1930,2000,BAL,5.555555556
1931,2000,BOS,6.290123457
1932,2000,CHC,6.913580247
1933,2000,CHW,5.925925926
1934,2000,CIN,6.104294479
1935,2000,CLE,6.524691358
1936,2000,COL,5.598765432
1937,2000,DET,6.061728395
1938,2000,FLA,7.354037267
1939,2000,HOU,6.969135802
1940,2000,KCR,5.185185185
1941,2000,LAD,6.685185185
1942,2000,MIL,7.63803681
1943,2000,MIN,6.302469136
1944,2000,NYM,6.401234568
1945,2000,NYY,6.254658385
1946,2000,OAK,7.198757764
1947,2000,PHI,6.895061728
1948,2000,PIT,6.37037037
1949,2000,SDP,7.265432099
1950,2000,SEA,6.62345679
1951,2000,SFG,6.37037037
1952,2000,STL,7.734567901
1953,2000,TBD,6.347826087
1954,2000,TEX,5.691358025
1955,2000,TOR,6.333333333
1956,2000,WSN,6.469135802
1957,2001,ANA,6.179012346
1958,2001,ARI,6.49382716
1959,2001,ATL,6.413580247
1960,2001,BAL,6.104938272
1961,2001,BOS,7.02484472
1962,2001,CHC,6.648148148
1963,2001,CHW,6.160493827
1964,2001,CIN,7.234567901
1965,2001,CLE,6.641975309
1966,2001,COL,6.339506173
1967,2001,DET,6
1968,2001,FLA,7.067901235
1969,2001,HOU,6.907407407
1970,2001,KCR,5.543209877
1971,2001,LAD,6.555555556
1972,2001,MIL,8.635802469
1973,2001,MIN,6.685185185
1974,2001,NYM,6.555555556
1975,2001,NYY,6.428571429
1976,2001,OAK,6.302469136
1977,2001,PHI,6.944444444
1978,2001,PIT,6.827160494
1979,2001,SDP,7.858024691
1980,2001,SEA,6.104938272
1981,2001,SFG,6.728395062
1982,2001,STL,6.722222222
1983,2001,TBD,6.888888889
1984,2001,TEX,6.74691358
1985,2001,TOR,6.75308642
1986,2001,WSN,6.611111111
1987,2002,ANA,4.969135802
1988,2002,ARI,6.271604938
1989,2002,ATL,6.385093168
1990,2002,BAL,6.12962963
1991,2002,BOS,5.827160494
1992,2002,CHC,7.833333333
1993,2002,CHW,5.87654321
1994,2002,CIN,7.333333333
1995,2002,CLE,6.172839506
1996,2002,COL,6.438271605
1997,2002,DET,6.428571429
1998,2002,FLA,6.975308642
1999,2002,HOU,6.913580247
2000,2002,KCR,5.685185185
2001,2002,LAD,5.802469136
2002,2002,MIL,6.944444444
2003,2002,MIN,6.763975155
2004,2002,NYM,6.48447205
2005,2002,NYY,7.273291925
2006,2002,OAK,6.222222222
2007,2002,PHI,6.801242236
2008,2002,PIT,6.888198758
2009,2002,SDP,6.555555556
2010,2002,SEA,6.191358025
2011,2002,SFG,5.932098765
2012,2002,STL,5.722222222
2013,2002,TBD,6.925465839
2014,2002,TEX,6.512345679
2015,2002,TOR,7.049382716
2016,2002,WSN,6.814814815
2017,2003,ANA,5.172839506
2018,2003,ARI,6.209876543
2019,2003,ATL,5.759259259
2020,2003,BAL,5.533742331
2021,2003,BOS,5.820987654
2022,2003,CHC,7.148148148
2023,2003,CHW,5.654320988
2024,2003,CIN,8.185185185
2025,2003,CLE,6.555555556
2026,2003,COL,7
2027,2003,DET,6.783950617
2028,2003,FLA,6.037037037
2029,2003,HOU,6.302469136
2030,2003,KCR,5.716049383
2031,2003,LAD,6.080246914
2032,2003,MIL,7.537037037
2033,2003,MIN,6.339506173
2034,2003,NYM,6.428571429
2035,2003,NYY,6.392638037
2036,2003,OAK,5.543209877
2037,2003,PHI,7.12962963
2038,2003,PIT,6.475308642
2039,2003,SDP,6.62345679
2040,2003,SEA,6.104938272
2041,2003,SFG,6.086956522
2042,2003,STL,5.87654321
2043,2003,TBD,6.358024691
2044,2003,TEX,6.49382716
2045,2003,TOR,6.672839506
2046,2003,WSN,6.111111111
2047,2004,ANA,5.814814815
2048,2004,ARI,6.308641975
2049,2004,ATL,7.148148148
2050,2004,BAL,5.858024691
2051,2004,BOS,7.339506173
2052,2004,CHC,6.666666667
2053,2004,CHW,6.358024691
2054,2004,CIN,8.240740741
2055,2004,CLE,6.228395062
2056,2004,COL,7.290123457
2057,2004,DET,7.061728395
2058,2004,FLA,5.975308642
2059,2004,HOU,6.166666667
2060,2004,KCR,6.524691358
2061,2004,LAD,6.740740741
2062,2004,MIL,8.149068323
2063,2004,MIN,6.061728395
2064,2004,NYM,7.154320988
2065,2004,NYY,6.061728395
2066,2004,OAK,6.549382716
2067,2004,PHI,6.99382716
2068,2004,PIT,6.621118012
2069,2004,SDP,5.617283951
2070,2004,SEA,6.530864198
2071,2004,SFG,5.395061728
2072,2004,STL,6.697530864
2073,2004,TBD,5.863354037
2074,2004,TEX,6.783950617
2075,2004,TOR,6.726708075
2076,2004,WSN,5.709876543
2077,2005,ANA,5.234567901
2078,2005,ARI,6.75308642
2079,2005,ATL,6.691358025
2080,2005,BAL,5.567901235
2081,2005,BOS,6.444444444
2082,2005,CHC,5.679012346
2083,2005,CHW,6.185185185
2084,2005,CIN,7.993865031
2085,2005,CLE,6.74691358
2086,2005,COL,6.808641975
2087,2005,DET,6.407407407
2088,2005,FLA,5.666666667
2089,2005,HOU,6.36196319
2090,2005,KCR,6.222222222
2091,2005,LAD,6.75308642
2092,2005,MIL,7.172839506
2093,2005,MIN,6.037037037
2094,2005,NYM,6.635802469
2095,2005,NYY,6.104938272
2096,2005,OAK,5.055555556
2097,2005,PHI,6.685185185
2098,2005,PIT,6.740740741
2099,2005,SDP,6.030864198
2100,2005,SEA,6.086419753
2101,2005,SFG,5.561728395
2102,2005,STL,5.845679012
2103,2005,TBD,6.111111111
2104,2005,TEX,6.864197531
2105,2005,TOR,5.895061728
2106,2005,WSN,6.728395062
2107,2006,ANA,5.641975309
2108,2006,ARI,5.956790123
2109,2006,ATL,7.216049383
2110,2006,BAL,5.419753086
2111,2006,BOS,6.518518519
2112,2006,CHC,5.728395062
2113,2006,CHW,6.518518519
2114,2006,CIN,7.358024691
2115,2006,CLE,7.432098765
2116,2006,COL,6.839506173
2117,2006,DET,6.99382716
2118,2006,FLA,7.709876543
2119,2006,HOU,6.641975309
2120,2006,KCR,6.419753086
2121,2006,LAD,5.919753086
2122,2006,MIL,7.611111111
2123,2006,MIN,5.382716049
2124,2006,NYM,6.611111111
2125,2006,NYY,6.5
2126,2006,OAK,6.024691358
2127,2006,PHI,7.425925926
2128,2006,PIT,7.407407407
2129,2006,SDP,6.814814815
2130,2006,SEA,6.012345679
2131,2006,SFG,5.534161491
2132,2006,STL,5.726708075
2133,2006,TBD,6.827160494
2134,2006,TEX,6.549382716
2135,2006,TOR,5.592592593
2136,2006,WSN,7.135802469
2137,2007,ANA,5.450617284
2138,2007,ARI,6.858024691
2139,2007,ATL,7.092592593
2140,2007,BAL,5.796296296
2141,2007,BOS,6.432098765
2142,2007,CHC,6.50617284
2143,2007,CHW,7.092592593
2144,2007,CIN,6.87037037
2145,2007,CLE,7.419753086
2146,2007,COL,7.067484663
2147,2007,DET,6.50617284
2148,2007,FLA,8.222222222
2149,2007,HOU,6.438271605
2150,2007,KCR,6.598765432
2151,2007,LAD,5.333333333
2152,2007,MIL,7.018518519
2153,2007,MIN,5.179012346
2154,2007,NYM,6.055555556
2155,2007,NYY,6.117283951
2156,2007,OAK,6.907407407
2157,2007,PHI,7.438271605
2158,2007,PIT,7.00617284
2159,2007,SDP,7.539877301
2160,2007,SEA,5.314814815
2161,2007,SFG,5.598765432
2162,2007,STL,5.611111111
2163,2007,TBD,8.172839506
2164,2007,TEX,7.555555556
2165,2007,TOR,6.444444444
2166,2007,WSN,6.962962963
2167,2008,ANA,6.092592593
2168,2008,ARI,7.944444444
2169,2008,ATL,6.314814815
2170,2008,BAL,6.149068323
2171,2008,BOS,6.592592593
2172,2008,CHC,7.366459627
2173,2008,CHW,6.233128834
2174,2008,CIN,6.944444444
2175,2008,CLE,7.487654321
2176,2008,COL,7.462962963
2177,2008,DET,6.641975309
2178,2008,FLA,8.51552795
2179,2008,HOU,6.527950311
2180,2008,KCR,6.203703704
2181,2008,LAD,6.37037037
2182,2008,MIL,7.425925926
2183,2008,MIN,6.006134969
2184,2008,NYM,6.320987654
2185,2008,NYY,6.265432099
2186,2008,OAK,7.614906832
2187,2008,PHI,6.895061728
2188,2008,PIT,6.413580247
2189,2008,SDP,7.771604938
2190,2008,SEA,5.49382716
2191,2008,SFG,6.444444444
2192,2008,STL,6.080246914
2193,2008,TBD,7.555555556
2194,2008,TEX,7.450617284
2195,2008,TOR,5.790123457
2196,2008,WSN,6.801242236
2197,2009,ANA,6.50617284
2198,2009,ARI,8.012345679
2199,2009,ATL,6.567901235
2200,2009,BAL,6.25308642
2201,2009,BOS,6.913580247
2202,2009,CHC,7.360248447
2203,2009,CHW,6.308641975
2204,2009,CIN,6.969135802
2205,2009,CLE,7.475308642
2206,2009,COL,7.882716049
2207,2009,DET,6.834355828
2208,2009,FLA,7.567901235
2209,2009,HOU,6.111111111
2210,2009,KCR,6.734567901
2211,2009,LAD,6.592592593
2212,2009,MIL,7.598765432
2213,2009,MIN,6.263803681
2214,2009,NYM,5.728395062
2215,2009,NYY,6.259259259
2216,2009,OAK,6.456790123
2217,2009,PHI,7.12962963
2218,2009,PIT,7.093167702
2219,2009,SDP,7.296296296
2220,2009,SEA,6.74691358
2221,2009,SFG,7.148148148
2222,2009,STL,6.425925926
2223,2009,TBD,7.586419753
2224,2009,TEX,7.734567901
2225,2009,TOR,6.345679012
2226,2009,WSN,7.456790123
2227,2010,ANA,6.604938272
2228,2010,ARI,9.438271605
2229,2010,ATL,7.037037037
2230,2010,BAL,6.518518519
2231,2010,BOS,7.037037037
2232,2010,CHC,7.62962963
2233,2010,CHW,5.691358025
2234,2010,CIN,7.518518519
2235,2010,CLE,7.308641975
2236,2010,COL,7.864197531
2237,2010,DET,7.080246914
2238,2010,FLA,8.487654321
2239,2010,HOU,6.327160494
2240,2010,KCR,5.586419753
2241,2010,LAD,7.308641975
2242,2010,MIL,7.50617284
2243,2010,MIN,5.969135802
2244,2010,NYM,6.759259259
2245,2010,NYY,7.012345679
2246,2010,OAK,6.549382716
2247,2010,PHI,6.567901235
2248,2010,PIT,7.450617284
2249,2010,SDP,7.302469136
2250,2010,SEA,7.308641975
2251,2010,SFG,6.783950617
2252,2010,STL,6.339506173
2253,2010,TBD,7.975308642
2254,2010,TEX,6.086419753
2255,2010,TOR,7.185185185
2256,2010,WSN,7.530864198
2257,2011,ANA,6.703703704
2258,2011,ARI,7.709876543
2259,2011,ATL,7.777777778
2260,2011,BAL,6.913580247
2261,2011,BOS,6.839506173
2262,2011,CHC,7.419753086
2263,2011,CHW,6.104938272
2264,2011,CIN,7.716049383
2265,2011,CLE,7.833333333
2266,2011,COL,7.413580247
2267,2011,DET,7.055555556
2268,2011,FLA,7.679012346
2269,2011,HOU,7.185185185
2270,2011,KCR,6.209876543
2271,2011,LAD,6.751552795
2272,2011,MIL,6.685185185
2273,2011,MIN,6.469135802
2274,2011,NYM,6.697530864
2275,2011,NYY,7.024691358
2276,2011,OAK,6.75308642
2277,2011,PHI,6.320987654
2278,2011,PIT,8.074074074
2279,2011,SDP,8.148148148
2280,2011,SEA,7.901234568
2281,2011,SFG,6.925925926
2282,2011,STL,6.037037037
2283,2011,TBD,7.364197531
2284,2011,TEX,5.740740741
2285,2011,TOR,7.308641975
2286,2011,WSN,8.217391304
2287,2012,ANA,6.87037037
2288,2012,ARI,7.814814815
2289,2012,ATL,7.956790123
2290,2012,BAL,8.117283951
2291,2012,BOS,7.388888889
2292,2012,CHC,7.62345679
2293,2012,CHW,7.425925926
2294,2012,CIN,7.814814815
2295,2012,CLE,6.709876543
2296,2012,COL,7.487654321
2297,2012,DET,6.808641975
2298,2012,FLA,7.580246914
2299,2012,HOU,8.425925926
2300,2012,KCR,6.37037037
2301,2012,LAD,7.135802469
2302,2012,MIL,7.654320988
2303,2012,MIN,6.598765432
2304,2012,NYM,7.716049383
2305,2012,NYY,7.259259259
2306,2012,OAK,8.561728395
2307,2012,PHI,6.75308642
2308,2012,PIT,8.358024691
2309,2012,SDP,7.641975309
2310,2012,SEA,7.771604938
2311,2012,SFG,6.771604938
2312,2012,STL,7.358024691
2313,2012,TBD,8.166666667
2314,2012,TEX,6.808641975
2315,2012,TOR,7.722222222
2316,2012,WSN,8.179012346
