country,value,year
ARG,6.00E+00,2003
ARG,5.00E+00,1997
ARG,5.00E+00,1988
ARG,5.00E+00,1989
ARG,5.00E+00,1986
ARG,5.00E+00,1987
ARG,5.00E+00,1984
ARG,5.00E+00,1985
ARG,5.00E+00,1968
ARG,5.00E+00,1969
ARG,5.00E+00,1980
ARG,5.00E+00,1981
ARG,5.00E+00,1964
ARG,5.00E+00,1965
ARG,5.00E+00,1966
ARG,5.00E+00,1967
ARG,5.00E+00,1960
ARG,5.00E+00,1961
ARG,5.00E+00,1962
ARG,5.00E+00,1963
ARG,5.00E+00,1996
ARG,6.00E+00,2011
ARG,6.00E+00,2010
ARG,6.00E+00,2012
ARG,6.00E+00,2005
ARG,5.00E+00,1982
ARG,5.00E+00,1983
ARG,5.00E+00,1991
ARG,5.00E+00,1990
ARG,5.00E+00,1993
ARG,5.00E+00,1992
ARG,5.00E+00,1995
ARG,5.00E+00,1994
ARG,5.00E+00,1979
ARG,5.00E+00,1978
ARG,5.00E+00,1977
ARG,5.00E+00,1976
ARG,5.00E+00,1975
ARG,5.00E+00,1974
ARG,5.00E+00,1973
ARG,5.00E+00,1972
ARG,5.00E+00,1971
ARG,5.00E+00,1970
ARG,6.00E+00,2002
ARG,6.00E+00,1999
ARG,6.00E+00,2000
ARG,6.00E+00,2001
ARG,6.00E+00,2006
ARG,6.00E+00,2007
ARG,6.00E+00,2004
ARG,6.00E+00,1998
ARG,6.00E+00,2008
ARG,6.00E+00,2009
BRA,7.00E+00,2003
BRA,7.00E+00,1997
BRA,7.00E+00,1988
BRA,7.00E+00,1989
BRA,7.00E+00,1986
BRA,7.00E+00,1987
BRA,7.00E+00,1984
BRA,7.00E+00,1985
BRA,7.00E+00,1968
BRA,7.00E+00,1969
BRA,7.00E+00,1980
BRA,7.00E+00,1981
BRA,7.00E+00,1964
BRA,7.00E+00,1965
BRA,7.00E+00,1966
BRA,7.00E+00,1967
BRA,7.00E+00,1960
BRA,7.00E+00,1961
BRA,7.00E+00,1962
BRA,7.00E+00,1963
BRA,7.00E+00,1996
BRA,7.00E+00,2011
BRA,7.00E+00,2010
BRA,7.00E+00,2012
BRA,7.00E+00,2005
BRA,7.00E+00,1982
BRA,7.00E+00,1983
BRA,7.00E+00,1991
BRA,7.00E+00,1990
BRA,7.00E+00,1993
BRA,7.00E+00,1992
BRA,7.00E+00,1995
BRA,7.00E+00,1994
BRA,7.00E+00,1979
BRA,7.00E+00,1978
BRA,7.00E+00,1977
BRA,7.00E+00,1976
BRA,7.00E+00,1975
BRA,7.00E+00,1974
BRA,7.00E+00,1973
BRA,7.00E+00,1972
BRA,7.00E+00,1971
BRA,7.00E+00,1970
BRA,7.00E+00,2002
BRA,7.00E+00,1999
BRA,7.00E+00,2000
BRA,7.00E+00,2001
BRA,7.00E+00,2006
BRA,7.00E+00,2007
BRA,7.00E+00,2004
BRA,7.00E+00,1998
BRA,7.00E+00,2008
BRA,7.00E+00,2009
CHL,6.00E+00,2003
CHL,6.00E+00,1997
CHL,6.00E+00,1988
CHL,6.00E+00,1989
CHL,6.00E+00,1986
CHL,6.00E+00,1987
CHL,6.00E+00,1984
CHL,6.00E+00,1985
CHL,6.00E+00,1968
CHL,6.00E+00,1969
CHL,6.00E+00,1980
CHL,6.00E+00,1981
CHL,6.00E+00,1964
CHL,6.00E+00,1965
CHL,6.00E+00,1966
CHL,6.00E+00,1967
CHL,6.00E+00,1960
CHL,6.00E+00,1961
CHL,6.00E+00,1962
CHL,6.00E+00,1963
CHL,6.00E+00,1996
CHL,6.00E+00,2011
CHL,6.00E+00,2010
CHL,6.00E+00,2012
CHL,6.00E+00,2005
CHL,6.00E+00,1982
CHL,6.00E+00,1983
CHL,6.00E+00,1991
CHL,6.00E+00,1990
CHL,6.00E+00,1993
CHL,6.00E+00,1992
CHL,6.00E+00,1995
CHL,6.00E+00,1994
CHL,6.00E+00,1979
CHL,6.00E+00,1978
CHL,6.00E+00,1977
CHL,6.00E+00,1976
CHL,6.00E+00,1975
CHL,6.00E+00,1974
CHL,6.00E+00,1973
CHL,6.00E+00,1972
CHL,6.00E+00,1971
CHL,6.00E+00,1970
CHL,6.00E+00,2002
CHL,6.00E+00,1999
CHL,6.00E+00,2000
CHL,6.00E+00,2001
CHL,6.00E+00,2006
CHL,6.00E+00,2007
CHL,6.00E+00,2004
CHL,6.00E+00,1998
CHL,6.00E+00,2008
CHL,6.00E+00,2009
CHN,6.00E+00,2003
CHN,6.00E+00,1997
CHN,6.00E+00,1988
CHN,6.00E+00,1989
CHN,6.00E+00,1986
CHN,6.00E+00,1987
CHN,6.00E+00,1984
CHN,6.00E+00,1985
CHN,4.00E+00,1968
CHN,4.00E+00,1969
CHN,6.00E+00,1980
CHN,6.00E+00,1981
CHN,4.00E+00,1964
CHN,4.00E+00,1965
CHN,4.00E+00,1966
CHN,4.00E+00,1967
CHN,4.00E+00,1960
CHN,4.00E+00,1961
CHN,4.00E+00,1962
CHN,4.00E+00,1963
CHN,6.00E+00,1996
CHN,6.00E+00,2011
CHN,6.00E+00,2010
CHN,6.00E+00,2012
CHN,6.00E+00,2005
CHN,6.00E+00,1982
CHN,6.00E+00,1983
CHN,6.00E+00,1991
CHN,6.00E+00,1990
CHN,6.00E+00,1993
CHN,6.00E+00,1992
CHN,6.00E+00,1995
CHN,6.00E+00,1994
CHN,6.00E+00,1979
CHN,6.00E+00,1978
CHN,5.00E+00,1977
CHN,4.00E+00,1976
CHN,4.00E+00,1975
CHN,4.00E+00,1974
CHN,4.00E+00,1973
CHN,4.00E+00,1972
CHN,4.00E+00,1971
CHN,4.00E+00,1970
CHN,6.00E+00,2002
CHN,6.00E+00,1999
CHN,6.00E+00,2000
CHN,6.00E+00,2001
CHN,6.00E+00,2006
CHN,6.00E+00,2007
CHN,6.00E+00,2004
CHN,6.00E+00,1998
CHN,6.00E+00,2008
CHN,6.00E+00,2009
EGY,6.00E+00,2003
EGY,6.00E+00,1997
EGY,6.00E+00,1988
EGY,6.00E+00,1989
EGY,6.00E+00,1986
EGY,6.00E+00,1987
EGY,6.00E+00,1984
EGY,6.00E+00,1985
EGY,6.00E+00,1968
EGY,6.00E+00,1969
EGY,6.00E+00,1980
EGY,6.00E+00,1981
EGY,6.00E+00,1964
EGY,6.00E+00,1965
EGY,6.00E+00,1966
EGY,6.00E+00,1967
EGY,6.00E+00,1960
EGY,6.00E+00,1961
EGY,6.00E+00,1962
EGY,6.00E+00,1963
EGY,6.00E+00,1996
EGY,6.00E+00,2011
EGY,6.00E+00,2010
EGY,6.00E+00,2012
EGY,6.00E+00,2005
EGY,6.00E+00,1982
EGY,6.00E+00,1983
EGY,6.00E+00,1991
EGY,6.00E+00,1990
EGY,6.00E+00,1993
EGY,6.00E+00,1992
EGY,6.00E+00,1995
EGY,6.00E+00,1994
EGY,6.00E+00,1979
EGY,6.00E+00,1978
EGY,6.00E+00,1977
EGY,6.00E+00,1976
EGY,6.00E+00,1975
EGY,6.00E+00,1974
EGY,6.00E+00,1973
EGY,6.00E+00,1972
EGY,6.00E+00,1971
EGY,6.00E+00,1970
EGY,6.00E+00,2002
EGY,6.00E+00,1999
EGY,6.00E+00,2000
EGY,6.00E+00,2001
EGY,6.00E+00,2006
EGY,6.00E+00,2007
EGY,6.00E+00,2004
EGY,6.00E+00,1998
EGY,6.00E+00,2008
EGY,6.00E+00,2009
DEU,9.00E+00,2003
DEU,9.00E+00,1997
DEU,9.00E+00,1988
DEU,9.00E+00,1989
DEU,9.00E+00,1986
DEU,9.00E+00,1987
DEU,9.00E+00,1984
DEU,9.00E+00,1985
DEU,9.00E+00,1968
DEU,9.00E+00,1969
DEU,9.00E+00,1980
DEU,9.00E+00,1981
DEU,9.00E+00,1964
DEU,9.00E+00,1965
DEU,9.00E+00,1966
DEU,9.00E+00,1967
DEU,9.00E+00,1960
DEU,9.00E+00,1961
DEU,9.00E+00,1962
DEU,9.00E+00,1963
DEU,9.00E+00,1996
DEU,9.00E+00,2011
DEU,9.00E+00,2010
DEU,9.00E+00,2012
DEU,9.00E+00,2005
DEU,9.00E+00,1982
DEU,9.00E+00,1983
DEU,9.00E+00,1991
DEU,9.00E+00,1990
DEU,9.00E+00,1993
DEU,9.00E+00,1992
DEU,9.00E+00,1995
DEU,9.00E+00,1994
DEU,9.00E+00,1979
DEU,9.00E+00,1978
DEU,9.00E+00,1977
DEU,9.00E+00,1976
DEU,9.00E+00,1975
DEU,9.00E+00,1974
DEU,9.00E+00,1973
DEU,9.00E+00,1972
DEU,9.00E+00,1971
DEU,9.00E+00,1970
DEU,9.00E+00,2002
DEU,9.00E+00,1999
DEU,9.00E+00,2000
DEU,9.00E+00,2001
DEU,9.00E+00,2006
DEU,9.00E+00,2007
DEU,9.00E+00,2004
DEU,9.00E+00,1998
DEU,9.00E+00,2008
DEU,9.00E+00,2009
HKG,7.00E+00,2003
HKG,7.00E+00,1997
HKG,7.00E+00,1988
HKG,7.00E+00,1989
HKG,7.00E+00,1986
HKG,7.00E+00,1987
HKG,7.00E+00,1984
HKG,7.00E+00,1985
HKG,7.00E+00,1968
HKG,7.00E+00,1969
HKG,7.00E+00,1980
HKG,7.00E+00,1981
HKG,7.00E+00,1964
HKG,7.00E+00,1965
HKG,7.00E+00,1966
HKG,7.00E+00,1967
HKG,7.00E+00,1960
HKG,7.00E+00,1961
HKG,7.00E+00,1962
HKG,7.00E+00,1963
HKG,7.00E+00,1996
HKG,7.00E+00,2011
HKG,7.00E+00,2010
HKG,6.00E+00,2012
HKG,7.00E+00,2005
HKG,7.00E+00,1982
HKG,7.00E+00,1983
HKG,7.00E+00,1991
HKG,7.00E+00,1990
HKG,7.00E+00,1993
HKG,7.00E+00,1992
HKG,7.00E+00,1995
HKG,7.00E+00,1994
HKG,7.00E+00,1979
HKG,7.00E+00,1978
HKG,7.00E+00,1977
HKG,7.00E+00,1976
HKG,7.00E+00,1975
HKG,7.00E+00,1974
HKG,7.00E+00,1973
HKG,7.00E+00,1972
HKG,7.00E+00,1971
HKG,7.00E+00,1970
HKG,7.00E+00,2002
HKG,7.00E+00,1999
HKG,7.00E+00,2000
HKG,7.00E+00,2001
HKG,7.00E+00,2006
HKG,7.00E+00,2007
HKG,7.00E+00,2004
HKG,7.00E+00,1998
HKG,7.00E+00,2008
HKG,7.00E+00,2009
IND,7.00E+00,2003
IND,7.00E+00,1997
IND,7.00E+00,1988
IND,7.00E+00,1989
IND,7.00E+00,1986
IND,7.00E+00,1987
IND,7.00E+00,1984
IND,7.00E+00,1985
IND,7.00E+00,1968
IND,7.00E+00,1969
IND,7.00E+00,1980
IND,7.00E+00,1981
IND,7.00E+00,1964
IND,7.00E+00,1965
IND,7.00E+00,1966
IND,7.00E+00,1967
IND,7.00E+00,1960
IND,7.00E+00,1961
IND,7.00E+00,1962
IND,7.00E+00,1963
IND,7.00E+00,1996
IND,7.00E+00,2011
IND,7.00E+00,2010
IND,7.00E+00,2012
IND,7.00E+00,2005
IND,7.00E+00,1982
IND,7.00E+00,1983
IND,7.00E+00,1991
IND,7.00E+00,1990
IND,7.00E+00,1993
IND,7.00E+00,1992
IND,7.00E+00,1995
IND,7.00E+00,1994
IND,7.00E+00,1979
IND,7.00E+00,1978
IND,7.00E+00,1977
IND,7.00E+00,1976
IND,7.00E+00,1975
IND,7.00E+00,1974
IND,7.00E+00,1973
IND,7.00E+00,1972
IND,7.00E+00,1971
IND,7.00E+00,1970
IND,7.00E+00,2002
IND,7.00E+00,1999
IND,7.00E+00,2000
IND,7.00E+00,2001
IND,7.00E+00,2006
IND,7.00E+00,2007
IND,7.00E+00,2004
IND,7.00E+00,1998
IND,7.00E+00,2008
IND,7.00E+00,2009
IDN,6.00E+00,2003
IDN,6.00E+00,1997
IDN,6.00E+00,1988
IDN,6.00E+00,1989
IDN,6.00E+00,1986
IDN,6.00E+00,1987
IDN,6.00E+00,1984
IDN,6.00E+00,1985
IDN,6.00E+00,1968
IDN,6.00E+00,1969
IDN,6.00E+00,1980
IDN,6.00E+00,1981
IDN,6.00E+00,1964
IDN,6.00E+00,1965
IDN,6.00E+00,1966
IDN,6.00E+00,1967
IDN,6.00E+00,1960
IDN,6.00E+00,1961
IDN,6.00E+00,1962
IDN,6.00E+00,1963
IDN,6.00E+00,1996
IDN,6.00E+00,2011
IDN,6.00E+00,2010
IDN,6.00E+00,2012
IDN,6.00E+00,2005
IDN,6.00E+00,1982
IDN,6.00E+00,1983
IDN,6.00E+00,1991
IDN,6.00E+00,1990
IDN,6.00E+00,1993
IDN,6.00E+00,1992
IDN,6.00E+00,1995
IDN,6.00E+00,1994
IDN,6.00E+00,1979
IDN,6.00E+00,1978
IDN,6.00E+00,1977
IDN,6.00E+00,1976
IDN,6.00E+00,1975
IDN,6.00E+00,1974
IDN,6.00E+00,1973
IDN,6.00E+00,1972
IDN,6.00E+00,1971
IDN,6.00E+00,1970
IDN,6.00E+00,2002
IDN,6.00E+00,1999
IDN,6.00E+00,2000
IDN,6.00E+00,2001
IDN,6.00E+00,2006
IDN,6.00E+00,2007
IDN,6.00E+00,2004
IDN,6.00E+00,1998
IDN,6.00E+00,2008
IDN,6.00E+00,2009
JPN,6.00E+00,2003
JPN,6.00E+00,1997
JPN,6.00E+00,1988
JPN,6.00E+00,1989
JPN,6.00E+00,1986
JPN,6.00E+00,1987
JPN,6.00E+00,1984
JPN,6.00E+00,1985
JPN,6.00E+00,1968
JPN,6.00E+00,1969
JPN,6.00E+00,1980
JPN,6.00E+00,1981
JPN,6.00E+00,1964
JPN,6.00E+00,1965
JPN,6.00E+00,1966
JPN,6.00E+00,1967
JPN,6.00E+00,1960
JPN,6.00E+00,1961
JPN,6.00E+00,1962
JPN,6.00E+00,1963
JPN,6.00E+00,1996
JPN,6.00E+00,2011
JPN,6.00E+00,2010
JPN,6.00E+00,2012
JPN,6.00E+00,2005
JPN,6.00E+00,1982
JPN,6.00E+00,1983
JPN,6.00E+00,1991
JPN,6.00E+00,1990
JPN,6.00E+00,1993
JPN,6.00E+00,1992
JPN,6.00E+00,1995
JPN,6.00E+00,1994
JPN,6.00E+00,1979
JPN,6.00E+00,1978
JPN,6.00E+00,1977
JPN,6.00E+00,1976
JPN,6.00E+00,1975
JPN,6.00E+00,1974
JPN,6.00E+00,1973
JPN,6.00E+00,1972
JPN,6.00E+00,1971
JPN,6.00E+00,1970
JPN,6.00E+00,2002
JPN,6.00E+00,1999
JPN,6.00E+00,2000
JPN,6.00E+00,2001
JPN,6.00E+00,2006
JPN,6.00E+00,2007
JPN,6.00E+00,2004
JPN,6.00E+00,1998
JPN,6.00E+00,2008
JPN,6.00E+00,2009
KOR,6.00E+00,2003
KOR,6.00E+00,1997
KOR,6.00E+00,1988
KOR,6.00E+00,1989
KOR,6.00E+00,1986
KOR,6.00E+00,1987
KOR,6.00E+00,1984
KOR,6.00E+00,1985
KOR,6.00E+00,1968
KOR,6.00E+00,1969
KOR,6.00E+00,1980
KOR,6.00E+00,1981
KOR,6.00E+00,1964
KOR,6.00E+00,1965
KOR,6.00E+00,1966
KOR,6.00E+00,1967
KOR,6.00E+00,1960
KOR,6.00E+00,1961
KOR,6.00E+00,1962
KOR,6.00E+00,1963
KOR,6.00E+00,1996
KOR,6.00E+00,2011
KOR,6.00E+00,2010
KOR,6.00E+00,2012
KOR,6.00E+00,2005
KOR,6.00E+00,1982
KOR,6.00E+00,1983
KOR,6.00E+00,1991
KOR,6.00E+00,1990
KOR,6.00E+00,1993
KOR,6.00E+00,1992
KOR,6.00E+00,1995
KOR,6.00E+00,1994
KOR,6.00E+00,1979
KOR,6.00E+00,1978
KOR,6.00E+00,1977
KOR,6.00E+00,1976
KOR,6.00E+00,1975
KOR,6.00E+00,1974
KOR,6.00E+00,1973
KOR,6.00E+00,1972
KOR,6.00E+00,1971
KOR,6.00E+00,1970
KOR,6.00E+00,2002
KOR,6.00E+00,1999
KOR,6.00E+00,2000
KOR,6.00E+00,2001
KOR,6.00E+00,2006
KOR,6.00E+00,2007
KOR,6.00E+00,2004
KOR,6.00E+00,1998
KOR,6.00E+00,2008
KOR,6.00E+00,2009
MYS,7.00E+00,2003
MYS,7.00E+00,1997
MYS,7.00E+00,1988
MYS,7.00E+00,1989
MYS,7.00E+00,1986
MYS,7.00E+00,1987
MYS,7.00E+00,1984
MYS,7.00E+00,1985
MYS,7.00E+00,1968
MYS,7.00E+00,1969
MYS,7.00E+00,1980
MYS,7.00E+00,1981
MYS,7.00E+00,1964
MYS,7.00E+00,1965
MYS,7.00E+00,1966
MYS,7.00E+00,1967
MYS,7.00E+00,1960
MYS,7.00E+00,1961
MYS,7.00E+00,1962
MYS,7.00E+00,1963
MYS,7.00E+00,1996
MYS,7.00E+00,2011
MYS,7.00E+00,2010
MYS,7.00E+00,2012
MYS,7.00E+00,2005
MYS,7.00E+00,1982
MYS,7.00E+00,1983
MYS,7.00E+00,1991
MYS,7.00E+00,1990
MYS,7.00E+00,1993
MYS,7.00E+00,1992
MYS,7.00E+00,1995
MYS,7.00E+00,1994
MYS,7.00E+00,1979
MYS,7.00E+00,1978
MYS,7.00E+00,1977
MYS,7.00E+00,1976
MYS,7.00E+00,1975
MYS,7.00E+00,1974
MYS,7.00E+00,1973
MYS,7.00E+00,1972
MYS,7.00E+00,1971
MYS,7.00E+00,1970
MYS,7.00E+00,2002
MYS,7.00E+00,1999
MYS,7.00E+00,2000
MYS,7.00E+00,2001
MYS,7.00E+00,2006
MYS,7.00E+00,2007
MYS,7.00E+00,2004
MYS,7.00E+00,1998
MYS,7.00E+00,2008
MYS,7.00E+00,2009
MEX,6.00E+00,2003
MEX,6.00E+00,1997
MEX,6.00E+00,1988
MEX,6.00E+00,1989
MEX,6.00E+00,1986
MEX,6.00E+00,1987
MEX,6.00E+00,1984
MEX,6.00E+00,1985
MEX,6.00E+00,1968
MEX,6.00E+00,1969
MEX,6.00E+00,1980
MEX,6.00E+00,1981
MEX,6.00E+00,1964
MEX,6.00E+00,1965
MEX,6.00E+00,1966
MEX,6.00E+00,1967
MEX,6.00E+00,1960
MEX,6.00E+00,1961
MEX,6.00E+00,1962
MEX,6.00E+00,1963
MEX,6.00E+00,1996
MEX,6.00E+00,2011
MEX,6.00E+00,2010
MEX,6.00E+00,2012
MEX,6.00E+00,2005
MEX,6.00E+00,1982
MEX,6.00E+00,1983
MEX,6.00E+00,1991
MEX,6.00E+00,1990
MEX,6.00E+00,1993
MEX,6.00E+00,1992
MEX,6.00E+00,1995
MEX,6.00E+00,1994
MEX,6.00E+00,1979
MEX,6.00E+00,1978
MEX,6.00E+00,1977
MEX,6.00E+00,1976
MEX,6.00E+00,1975
MEX,6.00E+00,1974
MEX,6.00E+00,1973
MEX,6.00E+00,1972
MEX,6.00E+00,1971
MEX,6.00E+00,1970
MEX,6.00E+00,2002
MEX,6.00E+00,1999
MEX,6.00E+00,2000
MEX,6.00E+00,2001
MEX,6.00E+00,2006
MEX,6.00E+00,2007
MEX,6.00E+00,2004
MEX,6.00E+00,1998
MEX,6.00E+00,2008
MEX,6.00E+00,2009
PHL,4.00E+00,2003
PHL,4.00E+00,1997
PHL,4.00E+00,1988
PHL,4.00E+00,1989
PHL,4.00E+00,1986
PHL,4.00E+00,1987
PHL,4.00E+00,1984
PHL,4.00E+00,1985
PHL,4.00E+00,1968
PHL,4.00E+00,1969
PHL,4.00E+00,1980
PHL,4.00E+00,1981
PHL,4.00E+00,1964
PHL,4.00E+00,1965
PHL,4.00E+00,1966
PHL,4.00E+00,1967
PHL,4.00E+00,1960
PHL,4.00E+00,1961
PHL,4.00E+00,1962
PHL,4.00E+00,1963
PHL,4.00E+00,1996
PHL,4.00E+00,2011
PHL,4.00E+00,2010
PHL,4.00E+00,2012
PHL,4.00E+00,2005
PHL,4.00E+00,1982
PHL,4.00E+00,1983
PHL,4.00E+00,1991
PHL,4.00E+00,1990
PHL,4.00E+00,1993
PHL,4.00E+00,1992
PHL,4.00E+00,1995
PHL,4.00E+00,1994
PHL,4.00E+00,1979
PHL,4.00E+00,1978
PHL,4.00E+00,1977
PHL,4.00E+00,1976
PHL,4.00E+00,1975
PHL,4.00E+00,1974
PHL,4.00E+00,1973
PHL,4.00E+00,1972
PHL,4.00E+00,1971
PHL,4.00E+00,1970
PHL,4.00E+00,2002
PHL,4.00E+00,1999
PHL,4.00E+00,2000
PHL,4.00E+00,2001
PHL,4.00E+00,2006
PHL,4.00E+00,2007
PHL,4.00E+00,2004
PHL,4.00E+00,1998
PHL,4.00E+00,2008
PHL,4.00E+00,2009
RUS,7.00E+00,2003
RUS,7.00E+00,1997
RUS,7.00E+00,1988
RUS,7.00E+00,1989
RUS,7.00E+00,1986
RUS,7.00E+00,1987
RUS,7.00E+00,1984
RUS,7.00E+00,1985
RUS,7.00E+00,1968
RUS,7.00E+00,1969
RUS,7.00E+00,1980
RUS,7.00E+00,1981
RUS,7.00E+00,1964
RUS,7.00E+00,1965
RUS,7.00E+00,1966
RUS,7.00E+00,1967
RUS,7.00E+00,1960
RUS,7.00E+00,1961
RUS,7.00E+00,1962
RUS,7.00E+00,1963
RUS,7.00E+00,1996
RUS,7.00E+00,2011
RUS,7.00E+00,2010
RUS,7.00E+00,2012
RUS,7.00E+00,2005
RUS,7.00E+00,1982
RUS,7.00E+00,1983
RUS,7.00E+00,1991
RUS,7.00E+00,1990
RUS,7.00E+00,1993
RUS,7.00E+00,1992
RUS,7.00E+00,1995
RUS,7.00E+00,1994
RUS,7.00E+00,1979
RUS,7.00E+00,1978
RUS,7.00E+00,1977
RUS,7.00E+00,1976
RUS,7.00E+00,1975
RUS,7.00E+00,1974
RUS,7.00E+00,1973
RUS,7.00E+00,1972
RUS,7.00E+00,1971
RUS,7.00E+00,1970
RUS,7.00E+00,2002
RUS,7.00E+00,1999
RUS,7.00E+00,2000
RUS,7.00E+00,2001
RUS,7.00E+00,2006
RUS,7.00E+00,2007
RUS,7.00E+00,2004
RUS,7.00E+00,1998
RUS,7.00E+00,2008
RUS,7.00E+00,2009
ZAF,5.00E+00,2003
ZAF,5.00E+00,1997
ZAF,5.00E+00,1988
ZAF,5.00E+00,1989
ZAF,5.00E+00,1986
ZAF,5.00E+00,1987
ZAF,5.00E+00,1984
ZAF,5.00E+00,1985
ZAF,5.00E+00,1968
ZAF,5.00E+00,1969
ZAF,5.00E+00,1980
ZAF,5.00E+00,1981
ZAF,5.00E+00,1964
ZAF,5.00E+00,1965
ZAF,5.00E+00,1966
ZAF,5.00E+00,1967
ZAF,5.00E+00,1960
ZAF,5.00E+00,1961
ZAF,5.00E+00,1962
ZAF,5.00E+00,1963
ZAF,5.00E+00,1996
ZAF,5.00E+00,2011
ZAF,5.00E+00,2010
ZAF,5.00E+00,2012
ZAF,5.00E+00,2005
ZAF,5.00E+00,1982
ZAF,5.00E+00,1983
ZAF,5.00E+00,1991
ZAF,5.00E+00,1990
ZAF,5.00E+00,1993
ZAF,5.00E+00,1992
ZAF,5.00E+00,1995
ZAF,5.00E+00,1994
ZAF,5.00E+00,1979
ZAF,5.00E+00,1978
ZAF,5.00E+00,1977
ZAF,5.00E+00,1976
ZAF,5.00E+00,1975
ZAF,5.00E+00,1974
ZAF,5.00E+00,1973
ZAF,5.00E+00,1972
ZAF,5.00E+00,1971
ZAF,5.00E+00,1970
ZAF,5.00E+00,2002
ZAF,5.00E+00,1999
ZAF,5.00E+00,2000
ZAF,5.00E+00,2001
ZAF,5.00E+00,2006
ZAF,5.00E+00,2007
ZAF,5.00E+00,2004
ZAF,5.00E+00,1998
ZAF,5.00E+00,2008
ZAF,5.00E+00,2009
LKA,8.00E+00,2003
LKA,8.00E+00,1997
LKA,8.00E+00,1988
LKA,8.00E+00,1989
LKA,7.00E+00,1986
LKA,8.00E+00,1987
LKA,7.00E+00,1984
LKA,7.00E+00,1985
LKA,7.00E+00,1968
LKA,7.00E+00,1969
LKA,7.00E+00,1980
LKA,7.00E+00,1981
LKA,7.00E+00,1964
LKA,7.00E+00,1965
LKA,7.00E+00,1966
LKA,7.00E+00,1967
LKA,7.00E+00,1960
LKA,7.00E+00,1961
LKA,7.00E+00,1962
LKA,7.00E+00,1963
LKA,8.00E+00,1996
LKA,8.00E+00,2011
LKA,8.00E+00,2010
LKA,8.00E+00,2012
LKA,8.00E+00,2005
LKA,7.00E+00,1982
LKA,7.00E+00,1983
LKA,8.00E+00,1991
LKA,8.00E+00,1990
LKA,8.00E+00,1993
LKA,8.00E+00,1992
LKA,8.00E+00,1995
LKA,8.00E+00,1994
LKA,7.00E+00,1979
LKA,7.00E+00,1978
LKA,7.00E+00,1977
LKA,7.00E+00,1976
LKA,7.00E+00,1975
LKA,7.00E+00,1974
LKA,7.00E+00,1973
LKA,7.00E+00,1972
LKA,7.00E+00,1971
LKA,7.00E+00,1970
LKA,8.00E+00,2002
LKA,8.00E+00,1999
LKA,8.00E+00,2000
LKA,8.00E+00,2001
LKA,8.00E+00,2006
LKA,8.00E+00,2007
LKA,8.00E+00,2004
LKA,8.00E+00,1998
LKA,8.00E+00,2008
LKA,8.00E+00,2009
THA,6.00E+00,2003
THA,6.00E+00,1997
THA,6.00E+00,1988
THA,6.00E+00,1989
THA,6.00E+00,1986
THA,6.00E+00,1987
THA,6.00E+00,1984
THA,6.00E+00,1985
THA,5.00E+00,1968
THA,5.00E+00,1969
THA,6.00E+00,1980
THA,6.00E+00,1981
THA,5.00E+00,1964
THA,5.00E+00,1965
THA,5.00E+00,1966
THA,5.00E+00,1967
THA,5.00E+00,1960
THA,5.00E+00,1961
THA,5.00E+00,1962
THA,5.00E+00,1963
THA,6.00E+00,1996
THA,6.00E+00,2011
THA,6.00E+00,2010
THA,6.00E+00,2012
THA,6.00E+00,2005
THA,6.00E+00,1982
THA,6.00E+00,1983
THA,6.00E+00,1991
THA,6.00E+00,1990
THA,6.00E+00,1993
THA,6.00E+00,1992
THA,6.00E+00,1995
THA,6.00E+00,1994
THA,6.00E+00,1979
THA,5.00E+00,1978
THA,5.00E+00,1977
THA,5.00E+00,1976
THA,5.00E+00,1975
THA,5.00E+00,1974
THA,5.00E+00,1973
THA,5.00E+00,1972
THA,5.00E+00,1971
THA,5.00E+00,1970
THA,6.00E+00,2002
THA,6.00E+00,1999
THA,6.00E+00,2000
THA,6.00E+00,2001
THA,6.00E+00,2006
THA,6.00E+00,2007
THA,6.00E+00,2004
THA,6.00E+00,1998
THA,6.00E+00,2008
THA,6.00E+00,2009
TUR,6.00E+00,2003
TUR,6.00E+00,1997
TUR,6.00E+00,1988
TUR,6.00E+00,1989
TUR,6.00E+00,1986
TUR,6.00E+00,1987
TUR,6.00E+00,1984
TUR,6.00E+00,1985
TUR,6.00E+00,1968
TUR,6.00E+00,1969
TUR,6.00E+00,1980
TUR,6.00E+00,1981
TUR,6.00E+00,1964
TUR,6.00E+00,1965
TUR,6.00E+00,1966
TUR,6.00E+00,1967
TUR,6.00E+00,1960
TUR,6.00E+00,1961
TUR,6.00E+00,1962
TUR,6.00E+00,1963
TUR,6.00E+00,1996
TUR,7.00E+00,2011
TUR,7.00E+00,2010
TUR,7.00E+00,2012
TUR,6.00E+00,2005
TUR,6.00E+00,1982
TUR,6.00E+00,1983
TUR,6.00E+00,1991
TUR,6.00E+00,1990
TUR,6.00E+00,1993
TUR,6.00E+00,1992
TUR,6.00E+00,1995
TUR,6.00E+00,1994
TUR,6.00E+00,1979
TUR,6.00E+00,1978
TUR,6.00E+00,1977
TUR,6.00E+00,1976
TUR,6.00E+00,1975
TUR,6.00E+00,1974
TUR,6.00E+00,1973
TUR,6.00E+00,1972
TUR,6.00E+00,1971
TUR,6.00E+00,1970
TUR,6.00E+00,2002
TUR,6.00E+00,1999
TUR,6.00E+00,2000
TUR,6.00E+00,2001
TUR,6.00E+00,2006
TUR,6.00E+00,2007
TUR,6.00E+00,2004
TUR,6.00E+00,1998
TUR,6.00E+00,2008
TUR,7.00E+00,2009
GBR,7.00E+00,2003
GBR,7.00E+00,1997
GBR,7.00E+00,1988
GBR,7.00E+00,1989
GBR,7.00E+00,1986
GBR,7.00E+00,1987
GBR,7.00E+00,1984
GBR,7.00E+00,1985
GBR,7.00E+00,1968
GBR,7.00E+00,1969
GBR,7.00E+00,1980
GBR,7.00E+00,1981
GBR,7.00E+00,1964
GBR,7.00E+00,1965
GBR,7.00E+00,1966
GBR,7.00E+00,1967
GBR,7.00E+00,1960
GBR,7.00E+00,1961
GBR,7.00E+00,1962
GBR,7.00E+00,1963
GBR,7.00E+00,1996
GBR,7.00E+00,2011
GBR,7.00E+00,2010
GBR,7.00E+00,2012
GBR,7.00E+00,2005
GBR,7.00E+00,1982
GBR,7.00E+00,1983
GBR,7.00E+00,1991
GBR,7.00E+00,1990
GBR,7.00E+00,1993
GBR,7.00E+00,1992
GBR,7.00E+00,1995
GBR,7.00E+00,1994
GBR,7.00E+00,1979
GBR,7.00E+00,1978
GBR,7.00E+00,1977
GBR,7.00E+00,1976
GBR,7.00E+00,1975
GBR,7.00E+00,1974
GBR,7.00E+00,1973
GBR,7.00E+00,1972
GBR,7.00E+00,1971
GBR,7.00E+00,1970
GBR,7.00E+00,2002
GBR,7.00E+00,1999
GBR,7.00E+00,2000
GBR,7.00E+00,2001
GBR,7.00E+00,2006
GBR,7.00E+00,2007
GBR,7.00E+00,2004
GBR,7.00E+00,1998
GBR,7.00E+00,2008
GBR,7.00E+00,2009
USA,6.00E+00,2003
USA,6.00E+00,1997
USA,6.00E+00,1988
USA,6.00E+00,1989
USA,6.00E+00,1986
USA,6.00E+00,1987
USA,6.00E+00,1984
USA,6.00E+00,1985
USA,6.00E+00,1968
USA,6.00E+00,1969
USA,6.00E+00,1980
USA,6.00E+00,1981
USA,6.00E+00,1964
USA,6.00E+00,1965
USA,6.00E+00,1966
USA,6.00E+00,1967
USA,6.00E+00,1960
USA,6.00E+00,1961
USA,6.00E+00,1962
USA,6.00E+00,1963
USA,6.00E+00,1996
USA,6.00E+00,2011
USA,6.00E+00,2010
USA,6.00E+00,2012
USA,6.00E+00,2005
USA,6.00E+00,1982
USA,6.00E+00,1983
USA,6.00E+00,1991
USA,6.00E+00,1990
USA,6.00E+00,1993
USA,6.00E+00,1992
USA,6.00E+00,1995
USA,6.00E+00,1994
USA,6.00E+00,1979
USA,6.00E+00,1978
USA,6.00E+00,1977
USA,6.00E+00,1976
USA,6.00E+00,1975
USA,6.00E+00,1974
USA,6.00E+00,1973
USA,6.00E+00,1972
USA,6.00E+00,1971
USA,6.00E+00,1970
USA,6.00E+00,2002
USA,6.00E+00,1999
USA,6.00E+00,2000
USA,6.00E+00,2001
USA,6.00E+00,2006
USA,6.00E+00,2007
USA,6.00E+00,2004
USA,6.00E+00,1998
USA,6.00E+00,2008
USA,6.00E+00,2009
