0.030590053505294021,1976
0.10655727527376002,2003
5.8407081515665362e-07,1962
1.6138351524609817e-06,1963
0.018360543915463289,1974
0.047540875108357,1986
0.043934317320471261,1987
0.079344157419713068,1984
0.080983501868752042,1985
0.096065470799910596,1982
0.076721206301250719,1983
0.090819568562985883,1980
0.10065563525721971,1981
4.1628516451241168e-06,1964
1.0472533226178755e-05,1965
2.6091138218467533e-05,1966
6.4752490402855415e-05,1967
0.0,1960
1.6806150606255089e-07,1961
0.041967103981624489,1988
0.058032679582206426,1989
0.10262284859606649,2001
1.0,2011
0.7147540658672189,2010
0.29573762469285747,2005
0.00016045246828800633,1968
0.00039734241773204765,1969
0.065901532937593502,1991
0.07311464851336498,1990
0.047868743998164792,1993
0.062294975149707756,1992
0.058688417361822016,1995
0.046557268438933617,1994
0.066885139607016877,1997
0.069835959615287033,1996
0.046229399549125819,1999
0.039999890642777723,1998
0.026819561272504386,1975
0.043934317320471261,1978
0.0032195585841393367,1973
0.0026097224490968388,1972
0.0024352227997107307,1971
0.00098372550223406767,1970
0.087868748554715728,2002
0.036721201744699776,1977
0.084917928546445573,2000
0.34754090928248899,2006
0.45901633181713913,2007
0.2452458156624571,2004
0.074098255182788356,1979
0.8950819552615058,2008
0.45901633181713913,2009
0.0026825747866742328,1976
0.02044454218042617,2003
0.0025048900730393672,1962
0.0020341258325107239,1963
0.001783234665471603,1974
0.0035819149078768625,1986
0.0049671888042454289,1987
0.004386969371211474,1984
0.0041693870838237414,1985
0.0047858702314223182,1982
0.0049381778325937311,1983
0.0039735630251747818,1980
0.0058810344112739076,1981
0.0016288632114472253,1964
0.001279988386994617,1965
0.00097965562255084731,1966
0.00072111082956395319,1967
0.0036869820197551217,1960
0.0030517428024785125,1961
0.017398390156997907,1988
0.0084775163741008536,1989
0.013191799267501737,2001
1.0,2011
0.74615399804764493,2010
0.095582958758323289,2005
0.00049853967551305597,1968
0.0003069368271074819,1969
0.0086950986614885879,1991
0.0081874066575838775,1990
0.0070994952206452121,1993
0.0081148792284546321,1992
0.0082599340867131211,1995
0.0084775163741008536,1994
0.0075346597954206781,1997
0.0076071872245499226,1996
0.010653339247978184,1999
0.013772018700535691,1998
0.0012247734611764219,1975
0.002501256213851122,1978
0.00066631225688124031,1973
2.8070880543890231e-05,1972
0.0,1971
0.00014199338916730267,1970
0.015077512424862088,2002
0.002653563815022535,1977
0.01275663469272627,2000
0.21742903969545377,2006
0.28778064595082081,2007
0.037778597742315567,2004
0.0037704862236128977,1979
0.55468158514643995,2008
0.38206630381883844,2009
0.2037245143682774,1976
0.034515973671536367,2003
0.95183817627227485,1962
0.90046556429603475,1963
0.2952319794509552,1974
0.29202119120244019,1986
0.30807513244501522,1987
0.25830791459303265,1984
0.27436185583560768,1985
0.22459463798362497,1982
0.24225397335045756,1983
0.19890833199550487,1980
0.21175148498956492,1981
0.84748755819553701,1964
0.7961149462192969,1965
0.74474233424305669,1966
0.69336972226681659,1967
1.0,1960
0.97591908813613737,1961
0.24707015572323004,1988
0.18445978487718737,1989
0.026649542462674588,2001
0.048322363140150905,2011
0.047680205490447915,2010
0.040295392518863375,2005
0.6323647455450313,1968
0.5697543746989886,1969
0.061647134371488201,1991
0.12345480815540215,1990
0.0012843152994060053,1993
0.0,1992
0.003852945898218016,1995
0.0025686305988120105,1994
0.0064215764970300265,1997
0.0051372611976240211,1996
0.016535559479852309,1999
0.011558837694654048,1998
0.24867554984748758,1975
0.17161663188312731,1978
0.34018301493016534,1973
0.38513405040937554,1972
0.44613902713116071,1971
0.50874939797720353,1970
0.031626264247872862,2002
0.15877347888906729,1977
0.021512281265050569,2000
0.04318510194252688,2006
0.046074811366190419,2007
0.037405683095199871,2004
0.1860651790014449,1979
0.046556429603467654,2008
0.047198587253170644,2009
0.91777777777777769,1976
0.14444444444444443,2003
0.9622222222222222,1962
0.98222222222222233,1963
0.9688888888888888,1974
0.45111111111111107,1986
0.43111111111111106,1987
0.51333333333333342,1984
0.4777777777777778,1985
0.60444444444444456,1982
0.55555555555555558,1983
0.71111111111111114,1980
0.65777777777777768,1981
0.9933333333333334,1964
1.0,1965
0.99777777777777787,1966
0.98888888888888893,1967
0.92222222222222228,1960
0.94222222222222229,1961
0.41777777777777769,1988
0.40666666666666662,1989
0.22888888888888884,2001
0.0022222222222222539,2011
0.0,2010
0.07111111111111118,2005
0.97555555555555573,1968
0.96666666666666667,1969
0.39777777777777773,1991
0.40000000000000002,1990
0.39333333333333342,1993
0.39555555555555549,1992
0.3822222222222223,1995
0.3888888888888889,1994
0.35111111111111104,1997
0.36888888888888893,1996
0.30222222222222228,1999
0.32888888888888884,1998
0.95111111111111102,1975
0.82000000000000017,1978
0.97555555555555573,1973
0.97111111111111115,1972
0.96444444444444455,1971
0.9622222222222222,1970
0.18666666666666665,2002
0.87333333333333329,1977
0.2688888888888889,2000
0.046666666666666697,2006
0.026666666666666731,2007
0.10444444444444451,2004
0.76666666666666672,1979
0.013333333333333365,2008
0.0044444444444445078,2009
0.32475247524752471,1976
0.78217821782178221,2003
0.053465346534653561,1962
0.027722772277227838,1963
0.26336633663366338,1974
0.4475247524752477,1986
0.4475247524752477,1987
0.43762376237623762,1984
0.44356435643564346,1985
0.41782178217821792,1982
0.42970297029702986,1983
0.39207920792079198,1980
0.40594059405940591,1981
0.0079207920792079278,1964
0.0,1965
0.0039603960396040524,1966
0.01980198019801991,1967
0.097029702970297074,1960
0.079207920792079278,1961
0.44950495049504963,1988
0.45346534653465348,1989
0.74257425742574279,2001
1.0,2011
0.96039603960396058,2010
0.82178217821782173,2005
0.04356435643564352,1968
0.07128712871287135,1969
0.48118811881188134,1991
0.46534653465346548,1990
0.52871287128712885,1993
0.50297029702970297,1992
0.58415841584158423,1995
0.55643564356435637,1994
0.63960396039603951,1997
0.61188118811881209,1996
0.70297029702970293,1999
0.66732673267326736,1998
0.29702970297029724,1975
0.36237623762376259,1978
0.22574257425742586,1973
0.18415841584158429,1972
0.14257425742574253,1971
0.104950495049505,1970
0.7623762376237625,2002
0.34653465346534673,1977
0.72277227722772264,2000
0.84158415841584178,2006
0.86138613861386149,2007
0.80198019801980203,2004
0.37821782178217844,1979
0.8811881188118813,2008
0.92079207920792072,2009
0.89378757515030038,1976
0.15030060120240479,2003
0.96192384769539063,1962
0.98196392785571129,1963
0.94789579158316617,1974
0.46092184368737471,1986
0.44288577154308617,1987
0.5170340681362724,1984
0.4849699398797595,1985
0.60320641282565124,1982
0.55711422845691372,1983
0.70140280561122237,1980
0.65130260521042072,1981
0.99398797595190358,1964
1.0,1965
0.99799599198396771,1966
0.98797595190380749,1967
0.91983967935871747,1960
0.94188376753507008,1961
0.43086172344689372,1988
0.42084168336673344,1989
0.23046092184368736,2001
0.0,2011
0.0040080160320641132,2010
0.082164328657314642,2005
0.97394789579158292,1968
0.96392785571142259,1969
0.40881763527054099,1991
0.41282565130260518,1990
0.40080160320641278,1993
0.40480961923847697,1992
0.38476953907815631,1995
0.39478957915831664,1994
0.35070140280561118,1997
0.36873747494989972,1996
0.30060120240480959,1999
0.32865731462925846,1998
0.92585170340681355,1975
0.80360721442885752,1978
0.95591182364729455,1973
0.95591182364729455,1972
0.95390781563126226,1971
0.95591182364729455,1970
0.19038076152304606,2002
0.85170340681362711,1977
0.26853707414829653,2000
0.056112224448897803,2006
0.036072144288577163,2007
0.11222444889779561,2004
0.75150300601202391,1979
0.022044088176352731,2008
0.01002004008016032,2009
0.2539682539682539,1976
0.015873015873015872,2003
0.79682539682539688,1962
1.0,1963
0.40952380952380951,1974
0.33333333333333326,1986
0.3619047619047619,1987
0.2539682539682539,1984
0.28888888888888886,1985
0.33015873015873015,1982
0.26349206349206344,1983
0.19999999999999996,1980
0.28571428571428564,1981
0.86349206349206353,1964
0.82539682539682535,1965
0.73650793650793656,1966
0.70158730158730165,1967
0.28571428571428564,1960
0.19365079365079363,1961
0.33333333333333326,1988
0.30793650793650795,1989
0.047619047619047616,2001
0.0,2011
0.0,2010
0.015873015873015872,2005
0.75238095238095248,1968
0.70476190476190481,1969
0.24761904761904757,1991
0.29206349206349208,1990
0.19682539682539685,1993
0.20317460317460317,1992
0.1650793650793651,1995
0.18412698412698408,1994
0.14920634920634923,1997
0.16190476190476188,1996
0.085714285714285687,1999
0.11746031746031743,1998
0.35238095238095235,1975
0.20317460317460317,1978
0.50793650793650791,1973
0.56825396825396823,1972
0.5968253968253967,1971
0.68253968253968256,1970
0.031746031746031744,2002
0.22222222222222215,1977
0.066666666666666652,2000
0.0063492063492063266,2006
0.0063492063492063266,2007
0.012698412698412711,2004
0.1873015873015873,1979
0.0063492063492063266,2008
0.0063492063492063266,2009
0.1224770076702546,1976
0.66705208710981589,2003
0.016207331364209536,1962
0.023048726834555784,1963
0.12065263554482895,1974
0.27572426620601059,1986
0.29852891777383139,1987
0.28484612683313892,1984
0.26751459164159508,1985
0.21825654425510205,1982
0.24835868432462557,1983
0.16443756655504491,1980
0.18268128780930157,1981
0.035819331712535464,1964
0.052238680841366472,1965
0.068658029970197432,1966
0.07139458815833595,1967
0.0,1960
0.0079064381935227551,1961
0.30126547596196984,1988
0.31129952265181104,1989
0.63603776097757958,2001
1.0,2011
0.94526883623723001,2010
0.75370976306753512,2005
0.06957021603291029,1968
0.070482402095623134,1969
0.35782101185016552,1991
0.34961133728575006,1990
0.409815617424797,1993
0.37515254704170936,1992
0.46545896725027991,1995
0.42349840836548946,1994
0.53843385226730656,1997
0.51654138676219852,1996
0.58221878327752252,1999
0.55941413170970167,1998
0.12612575192110592,1975
0.1589644501787679,1978
0.11882826341940325,1973
0.087813937287166952,1972
0.096023611851582424,1971
0.086901751224454094,1970
0.67161301742338009,2002
0.12886231010924443,1977
0.6168818536606101,2000
0.78107534494892006,2006
0.82668464808456177,2007
0.72908073937428852,2004
0.16808631080589623,1979
0.89053767247446003,2008
0.90878139372871669,2009
0.054194893173527887,1976
0.0099009900990099219,2003
0.19749869723814489,1962
0.19749869723814489,1963
0.058884835852006254,1974
0.033871808233454946,1986
0.02657634184471078,1987
0.031787389265242334,1984
0.029702970297029722,1985
0.020323084940072941,1982
0.035956227201667558,1983
0.0067743616466909799,1980
0.0078165711307973101,1981
0.27566440854611779,1964
0.17144346013548725,1965
0.13652944241792603,1966
0.1156852527357999,1967
1.0,1960
0.41636268890046901,1961
0.022407503908285553,1988
0.017196456487754044,1989
0.011464304325169348,2001
0.048462741010943187,2011
0.046899426784783767,2010
0.015633142261594572,2005
0.10422094841063059,1968
0.094841063053673763,1969
0.025534132360604495,1991
0.023970818134445026,1990
0.022407503908285553,1993
0.022407503908285553,1992
0.018759770713913517,1995
0.01459093277748829,1994
0.015633142261594572,1997
0.018238665971860326,1996
0.013027618551328819,1999
0.015112037519541431,1998
0.057842626367899969,1975
0.0020844189682126127,1978
0.043251693590411679,1973
0.072954663887441401,1972
0.057842626367899969,1971
0.07243355914538821,1970
0.010422094841063064,2002
0.034392912975508089,1977
0.012506513809275676,2000
0.031266284523189143,2006
0.037519541427826986,2007
0.010943199583116205,2004
0.0,1979
0.044293903074517964,2008
0.045336112558624297,2009
0.42795698924731179,1976
0.0086021505376344155,2003
0.96774193548387089,1962
0.98709677419354824,1963
0.57419354838709669,1974
0.28387096774193549,1986
0.27956989247311825,1987
0.27096774193548384,1984
0.27956989247311825,1985
0.25161290322580648,1982
0.2602150537634409,1983
0.25806451612903225,1980
0.24946236559139781,1981
1.0,1964
1.0,1965
0.989247311827957,1966
0.96774193548387089,1967
0.91397849462365588,1960
0.94193548387096759,1961
0.26666666666666666,1988
0.24301075268817204,1989
0.0,2001
0.032258064516129011,2011
0.030107526881720408,2010
0.017204301075268831,2005
0.93763440860215053,1968
0.89892473118279581,1969
0.17849462365591393,1991
0.21505376344086016,1990
0.10752688172043005,1993
0.14193548387096772,1992
0.051612903225806445,1995
0.077419354838709695,1994
0.017204301075268831,1997
0.032258064516129011,1996
0.0021505376344086039,1999
0.0086021505376344155,1998
0.49892473118279573,1975
0.31612903225806449,1978
0.65161290322580645,1973
0.72688172043010746,1972
0.79354838709677422,1971
0.85161290322580641,1970
0.0043010752688172078,2002
0.36559139784946232,1977
0.0,2000
0.019354838709677434,2006
0.023655913978494644,2007
0.012903225806451623,2004
0.27956989247311825,1979
0.025806451612903198,2008
0.027956989247311805,2009
0.092955787997731812,1976
0.70064844143037142,2003
0.013128705712497505,1962
0.020140544021335648,1963
0.089359973480378899,1974
0.23858627595052412,1986
0.2574643021666268,1987
0.21701138884640675,1984
0.22060720336375964,1985
0.16846789286214264,1982
0.18824487270758361,1983
0.13161079405927542,1980
0.14509509849934882,1981
0.030927987573394329,1964
0.042614384754791249,1965
0.052502874677511732,1966
0.054300781936188168,1967
0.0,1960
0.0063865534924608227,1961
0.26915069934802377,1988
0.28353395741743531,1989
0.6485091309287544,2001
1.0,2011
0.96404185482647098,2010
0.7842511289588262,2005
0.053401828306849933,1968
0.055199735565526376,1969
0.33387536066037588,1991
0.32129000984964073,1990
0.39590316108471335,1993
0.35814710865250798,1992
0.47231421957846237,1995
0.426467584482213,1994
0.53613992726147641,1997
0.51546399378669716,1996
0.60266249583250486,1999
0.57479493332302001,1998
0.094753695256408255,1975
0.11722753598986387,1978
0.088461019851040698,1973
0.072279854522952658,1972
0.074077761781629101,1971
0.063290318229570416,1970
0.68356832247294508,2002
0.095652648885746469,1977
0.6359237801180192,2000
0.81121973783897294,2006
0.85616741930588414,2007
0.75278775193198832,2004
0.13071184042993722,1979
0.91010463706617761,2008
0.93707324594632435,2009
1,1976
1,2003
1,1962
1,1963
1,1974
1,1986
1,1987
1,1984
1,1985
1,1982
1,1983
1,1980
1,1981
1,1964
1,1965
1,1966
1,1967
1,1960
1,1961
1,1988
1,1989
1,2001
1,2011
1,2010
1,2005
1,1968
1,1969
1,1991
1,1990
1,1993
1,1992
1,1995
1,1994
1,1997
1,1996
1,1999
1,1998
1,1975
1,1978
1,1973
1,1972
1,1971
1,1970
1,2002
1,1977
1,2000
1,2006
1,2007
1,2004
1,1979
1,2008
1,2009
0.72204472843450473,1976
0.94888178913737997,2003
0.047923322683706061,1962
0.099041533546325916,1963
0.6996805111821085,1974
0.80191693290734822,1986
0.80830670926517578,1987
0.78594249201277944,1984
0.79233226837060711,1985
0.76677316293929676,1982
0.77635782747603832,1983
0.75079872204472808,1980
0.76038338658146964,1981
0.16293929712460067,1964
0.23642172523961655,1965
0.31948881789137373,1966
0.39936102236421722,1967
0.0,1960
0.015974440894568689,1961
0.8146964856230029,1988
0.82428115015974446,1989
0.92332268370607007,2001
1.0,2011
0.99361022364217244,2010
0.96485623003194865,2005
0.47603833865814688,1968
0.53993610223642163,1969
0.83706070287539913,1991
0.83067092651757157,1990
0.84664536741214025,1993
0.84345047923322669,1992
0.85942492012779537,1995
0.85303514376996781,1994
0.87539936102236404,1997
0.86581469648562293,1996
0.89776357827476028,1999
0.88498402555910516,1998
0.71246006389776362,1975
0.73482428115015941,1978
0.68051118210862627,1973
0.65814696485623003,1972
0.62939297124600613,1971
0.59105431309904144,1970
0.9361022364217253,2002
0.72843450479233229,1977
0.91054313099041495,2000
0.97124600638977621,2006
0.97763578274760377,2007
0.95846645367412109,2004
0.74121405750798697,1979
0.98402555910543132,2008
0.98722044728434488,2009
0.70532915360501591,1976
0.94984326018808796,2003
0.031347962382445145,1962
0.084639498432601976,1963
0.68965517241379315,1974
0.78996865203761746,1986
0.79623824451410652,1987
0.77429467084639492,1984
0.78056426332288398,1985
0.75862068965517226,1982
0.76489028213166144,1983
0.73981191222570541,1980
0.7492163009404389,1981
0.16300940438871483,1964
0.25705329153605028,1965
0.35736677115987459,1966
0.45454545454545459,1967
0.0,1960
0.0031347962382445587,1961
0.80250783699059569,1988
0.80877742946708486,1989
0.92163009404388718,2001
1.0,2011
0.99373040752351083,2010
0.96865203761755481,2005
0.53605015673981193,1968
0.59561128526645768,1969
0.82131661442006265,1991
0.81504702194357392,1990
0.83072100313479647,1993
0.82758620689655171,1992
0.84012539184952995,1995
0.83699059561128519,1994
0.85893416927899691,1997
0.84952978056426343,1996
0.88714733542319768,1999
0.87147335423197514,1998
0.69592476489028199,1975
0.72413793103448287,1978
0.68025078369905967,1973
0.67398119122257061,1972
0.6614420062695926,1971
0.63636363636363658,1970
0.93730407523510972,2002
0.71473354231974939,1977
0.90282131661442022,2000
0.97492163009404398,2006
0.98119122257053304,2007
0.96238244514106575,2004
0.73354231974921624,1979
0.98432601880877746,2008
0.99059561128526652,2009
0.7142857142857143,1976
0.95238095238095233,2003
0.038095238095238189,1962
0.088888888888888795,1963
0.69523809523809543,1974
0.79682539682539666,1986
0.8031746031746031,1987
0.78095238095238073,1984
0.78730158730158717,1985
0.76507936507936491,1982
0.77142857142857135,1983
0.74603174603174605,1980
0.75555555555555542,1981
0.16190476190476194,1964
0.24761904761904752,1965
0.33968253968253975,1966
0.42857142857142855,1967
0.0,1960
0.0095238095238094327,1961
0.80952380952380953,1988
0.81904761904761891,1989
0.92380952380952364,2001
1.0,2011
0.99682539682539706,2010
0.9714285714285712,2005
0.50793650793650791,1968
0.5714285714285714,1969
0.83174603174603179,1991
0.82539682539682535,1990
0.84126984126984128,1993
0.83492063492063484,1992
0.85079365079365066,1995
0.84444444444444422,1994
0.86984126984126997,1997
0.86031746031746015,1996
0.89523809523809528,1999
0.87936507936507946,1998
0.70476190476190481,1975
0.73015873015873012,1978
0.68253968253968256,1973
0.66666666666666663,1972
0.64761904761904754,1971
0.61587301587301579,1970
0.93968253968253945,2002
0.72380952380952368,1977
0.90793650793650771,2000
0.97777777777777763,2006
0.98095238095238113,2007
0.96190476190476182,2004
0.73968253968253961,1979
0.98730158730158712,2008
0.99047619047619062,2009
0.076721554103890116,1976
0.75373599655749957,2003
0.0089354830532224691,1962
0.023745173981895174,1963
0.073336481891622077,1974
0.21212444259461199,1986
0.23412741197435433,1987
0.17827372047193152,1984
0.19858415374553984,1985
0.14188419419005005,1982
0.14950060666765314,1983
0.1249588331287098,1980
0.13088270950017888,1981
0.035677553530140051,1964
0.043378592813049857,1965
0.048879335157985426,1966
0.052179780564946772,1967
0.0,1960
0.0041963819560472057,1961
0.26543932993783376,1988
0.28151842294610696,1989
0.68941962452440664,2001
1.0,2011
0.97461195840798964,2010
0.81382102832525738,2005
0.052179780564946772,1968
0.051502766122493167,1969
0.34160345471386483,1991
0.30690646453811732,1990
0.41607504338376183,1993
0.37376164073041124,1992
0.51762720975180332,1995
0.4693899307269836,1994
0.56671075682968997,1997
0.54724659160914868,1996
0.63864354134038592,1999
0.61325549974837557,1998
0.076721554103890116,1975
0.087723038793761268,1978
0.072490213838555057,1973
0.07079767773242103,1972
0.062334997201750911,1971
0.051672019733106561,1970
0.71226886195721595,2002
0.078414090210024143,1977
0.67841813983453547,2000
0.84767175044793786,2006
0.88152247257061833,2007
0.7799703062025769,2004
0.10803347206736956,1979
0.91537319469329881,2008
0.94922391681597929,2009
0.0,1976
0.2738336713995943,2003
0.0,1962
0.0,1963
0.0,1974
0.0,1986
7.0993914807302228e-07,1987
0.0,1984
0.0,1985
0.0,1982
0.0,1983
0.0,1980
0.0,1981
0.0,1964
0.0,1965
0.0,1966
0.0,1967
0.0,1960
0.0,1961
3.2758620689655171e-06,1988
9.9492900608519268e-06,1989
0.14705882352941177,2001
1.0,2011
0.87119675456389456,2010
0.39858012170385393,2005
0.0,1968
0.0,1969
4.8174442190669372e-05,1991
1.8559837728194725e-05,1990
0.00064705882352941182,1993
0.0001795131845841785,1992
0.0036815415821501015,1995
0.0015922920892494929,1994
0.013387423935091278,1997
0.006947261663286004,1996
0.04391480730223124,1999
0.024239350912778904,1998
0.0,1975
0.0,1978
0.0,1973
0.0,1972
0.0,1971
0.0,1970
0.20892494929006086,2002
0.0,1977
0.086511156186612578,2000
0.46754563894523327,2006
0.55476673427991885,2007
0.33975659229208927,2004
0.0,1979
0.65010141987829617,2008
0.75760649087221099,2009
0.0,1976
0.28551912568306009,2003
0.0,1962
0.0,1963
0.0,1974
0.0,1986
8.7568306010928959e-07,1987
0.0,1984
0.0,1985
0.0,1982
0.0,1983
0.0,1980
0.0,1981
0.0,1964
0.0,1965
0.0,1966
0.0,1967
0.0,1960
0.0,1961
3.9754098360655737e-06,1988
1.1871584699453551e-05,1989
0.15437158469945356,2001
1.0,2011
0.87431693989071035,2010
0.41120218579234974,2005
0.0,1968
0.0,1969
5.6010928961748638e-05,1991
2.185792349726776e-05,1990
0.00073360655737704917,1993
0.00020628415300546449,1992
0.004084699453551912,1995
0.0017896174863387979,1994
0.014617486338797815,1997
0.0076366120218579235,1996
0.046994535519125684,1999
0.026092896174863385,1998
0.0,1975
0.0,1978
0.0,1973
0.0,1972
0.0,1971
0.0,1970
0.21857923497267759,2002
0.0,1977
0.091803278688524587,2000
0.47950819672131145,2006
0.56557377049180324,2007
0.35109289617486339,2004
0.0,1979
0.65983606557377039,2008
0.76502732240437155,2009
0.39852941176470591,1976
0.92647058823529416,2003
0.0088235294117647058,1962
0.032352941176470591,1963
0.35294117647058826,1974
0.6029411764705882,1986
0.61764705882352944,1987
0.55882352941176472,1984
0.57352941176470584,1985
0.51470588235294112,1982
0.52941176470588236,1983
0.47205882352941175,1980
0.49117647058823527,1981
0.055882352941176473,1964
0.080882352941176475,1965
0.11029411764705882,1966
0.13970588235294118,1967
0.010294117647058823,1960
0.0,1961
0.6470588235294118,1988
0.67647058823529416,1989
0.8970588235294118,2001
1.0,2011
1.0,2010
0.94117647058823528,2005
0.16911764705882354,1968
0.20000000000000001,1969
0.72058823529411764,1991
0.70588235294117652,1990
0.76470588235294112,1993
0.73529411764705888,1992
0.79411764705882348,1995
0.77941176470588236,1994
0.83823529411764708,1997
0.82352941176470584,1996
0.86764705882352944,1999
0.8529411764705882,1998
0.37647058823529411,1975
0.43529411764705883,1978
0.32647058823529412,1973
0.29705882352941176,1972
0.26617647058823529,1971
0.2323529411764706,1970
0.91176470588235292,2002
0.41617647058823531,1977
0.88235294117647056,2000
0.95588235294117652,2006
0.97058823529411764,2007
0.94117647058823528,2004
0.45441176470588235,1979
0.97058823529411764,2008
0.98529411764705888,2009
0.90909090909090906,1976
0.19480519480519479,2003
0.96969696969696961,1962
0.98701298701298679,1963
0.94805194805194792,1974
0.53679653679653672,1986
0.51948051948051943,1987
0.58874458874458879,1984
0.55844155844155829,1985
0.66666666666666652,1982
0.62770562770562766,1983
0.75324675324675316,1980
0.7099567099567099,1981
0.9956709956709956,1964
1.0,1965
1.0,1966
0.99134199134199119,1967
0.93939393939393945,1960
0.95670995670995673,1961
0.50649350649350644,1988
0.4978354978354978,1989
0.28571428571428575,2001
0.0,2011
0.0043290043290043906,2010
0.10822510822510822,2005
0.98268398268398272,1968
0.96969696969696961,1969
0.48484848484848481,1991
0.48917748917748916,1990
0.47186147186147176,1993
0.48051948051948057,1992
0.45454545454545453,1995
0.46753246753246752,1994
0.41991341991341985,1997
0.43722943722943725,1996
0.36363636363636354,1999
0.39393939393939398,1998
0.93506493506493504,1975
0.8354978354978353,1978
0.95670995670995673,1973
0.96103896103896114,1972
0.96103896103896114,1971
0.96536796536796521,1970
0.24242424242424246,2002
0.87445887445887449,1977
0.32900432900432902,2000
0.077922077922077948,2006
0.051948051948051917,2007
0.14718614718614711,2004
0.79653679653679643,1979
0.030303030303030269,2008
0.017316017316017254,2009
0.06557377049180306,1976
0.81967213114754112,2003
0.032786885245901336,1962
0.016393442622950668,1963
0.027322404371584702,1974
0.48087431693989063,1986
0.4972677595628413,1987
0.42076502732240423,1984
0.4535519125683059,1985
0.33333333333333309,1982
0.37704918032786883,1983
0.23497267759562829,1980
0.28415300546448069,1981
0.0054644808743166302,1964
0.0,1965
0.0054644808743166302,1966
0.010928961748633649,1967
0.060109289617486038,1960
0.043715846994535373,1961
0.51366120218579192,1988
0.52459016393442603,1989
0.71584699453551892,2001
1.0,2011
1.0,2010
0.90710382513661181,2005
0.021857923497267687,1968
0.027322404371584702,1969
0.53551912568306004,1991
0.53005464480874342,1990
0.54098360655737665,1993
0.53551912568306004,1992
0.55191256830601065,1995
0.54098360655737665,1994
0.58469945355191277,1997
0.56284153005464477,1996
0.63934426229508223,1999
0.60655737704918011,1998
0.038251366120218351,1975
0.14207650273224015,1978
0.021857923497267687,1973
0.027322404371584702,1972
0.027322404371584702,1971
0.032786885245901336,1970
0.76502732240437166,2002
0.10382513661202179,1977
0.67213114754098358,2000
0.93989071038251393,2006
0.96721311475409866,2007
0.86885245901639307,2004
0.19125683060109291,1979
0.98360655737704938,2008
0.99453551912568339,2009
0.20449897750511248,1976
0.76482617586912072,2003
0.036809815950920192,1962
0.018404907975460096,1963
0.15746421267893654,1974
0.41104294478527603,1986
0.41922290388548056,1987
0.38650306748466251,1984
0.40081799591002049,1985
0.34560327198363999,1982
0.36605316973415136,1983
0.29856850715746425,1980
0.32106339468302664,1981
0.0061349693251533345,1964
0.0,1965
0.0020449897750510811,1966
0.012269938650306761,1967
0.071574642126789392,1960
0.055214723926380375,1961
0.42535787321063401,1988
0.4314928425357874,1989
0.69734151329243366,2001
1.0,2011
0.96728016359918201,2010
0.82822085889570551,2005
0.028629856850715684,1968
0.047034764826175871,1969
0.45398773006134968,1991
0.441717791411043,1990
0.48670756646216767,1993
0.4683026584867076,1992
0.52760736196319025,1995
0.50715746421267882,1994
0.57668711656441729,1997
0.55214723926380371,1996
0.63394683026584864,1999
0.60531697341513291,1998
0.17995910020449896,1975
0.25153374233128828,1978
0.13292433537832302,1973
0.11042944785276075,1972
0.087934560327198305,1971
0.067484662576687129,1970
0.73006134969325165,2002
0.22699386503067492,1977
0.66462167689161555,2000
0.85685071574642124,2006
0.88343558282208601,2007
0.7975460122699386,2004
0.27402862985685073,1979
0.91002044989775066,2008
0.93660531697341498,2009
0.40095568491437461,1976
0.91868176718294681,2003
0.015744348870762648,1962
0.040444852758772118,1963
0.35623065686499539,1974
0.59340883591473392,1986
0.62051491352041832,1987
0.55274971950620733,1984
0.57985579711189172,1985
0.51209060309768073,1982
0.53919668070336513,1983
0.47143148668915413,1980
0.49853756429483853,1981
0.063485018723603903,1964
0.087880488568719828,1965
0.11634187005468838,1966
0.14480325154065712,1967
0.0,1960
0.0078398807966434201,1961
0.64762099112610272,1988
0.67472706873178712,1989
0.89157568957726241,2001
1.0,2011
0.9864469611971578,2010
0.9457878447886312,2005
0.17326463302662565,1968
0.2044366222731627,1969
0.71538618514031371,1991
0.70183314633747151,1990
0.75604530154884031,1993
0.74249226274599811,1992
0.79670441795736702,1995
0.78315137915452482,1994
0.83736353436589361,1997
0.82381049556305141,1996
0.86446961197157801,1999
0.85091657316873581,1998
0.37927082282982716,1975
0.44432540908346968,1978
0.33047988313959514,1973
0.30066319777334244,1972
0.27084651240708957,1971
0.23696391539998404,1970
0.90512872838010461,2002
0.41721933147778528,1977
0.87802265077442021,2000
0.9593408835914734,2006
0.9593408835914734,2007
0.93223480598578901,2004
0.45787844788631193,1979
0.9728939223943156,2008
0.9864469611971578,2009
0.67454068241469822,1976
0.43123359580052495,2003
0.4829396325459317,1962
0.91338582677165348,1963
0.8110236220472441,1974
0.65879265091863515,1986
0.68766404199475073,1987
0.61154855643044626,1984
0.62467191601049865,1985
0.65354330708661423,1982
0.64566929133858264,1983
0.59580052493438318,1980
0.60367454068241466,1981
0.87664041994750652,1964
0.89238845144356949,1965
1.0,1966
0.94225721784776895,1967
0.74803149606299213,1960
0.0,1961
0.69028871391076108,1988
0.66929133858267709,1989
0.45826771653543308,2001
0.39343832020997377,2011
0.394488188976378,2010
0.42204724409448818,2005
0.952755905511811,1968
0.9868766404199476,1969
0.62467191601049865,1991
0.65354330708661423,1990
0.56955380577427817,1993
0.59055118110236215,1992
0.55380577427821531,1995
0.56430446194225714,1994
0.53543307086614178,1997
0.54330708661417326,1996
0.49501312335958009,1999
0.51968503937007871,1998
0.73228346456692917,1975
0.61942257217847774,1978
0.86614173228346447,1973
0.91338582677165348,1972
0.98950131233595795,1971
0.99212598425196841,1970
0.44356955380577423,2002
0.62467191601049865,1977
0.47454068241469816,2000
0.4141732283464567,2006
0.40472440944881888,2007
0.42362204724409447,2004
0.61679790026246717,1979
0.40209973753280842,2008
0.39816272965879262,2009
0.0070609002647837602,1976
0.78817299205648716,2003
0.10150044130626655,1962
0.092674315975286845,1963
0.021182700794351281,1974
0.13768755516328332,1986
0.15445719329214475,1987
0.1059135039717564,1984
0.12180052956751986,1985
0.075022065313327446,1982
0.090026478375992938,1983
0.044130626654898503,1980
0.059135039717563988,1981
0.083848190644307152,1964
0.084730803177405126,1965
0.081200353045013246,1966
0.073256840247131513,1967
0.11915269196822595,1960
0.11032656663724624,1961
0.17210944395410416,1988
0.18976169461606354,1989
0.72639011473962933,2001
1.0,2011
0.98234774933804059,2010
0.85878199470432481,2005
0.065313327449249781,1968
0.057369814651368048,1969
0.2444836716681377,1991
0.20741394527802295,1990
0.32568402471315094,1993
0.28420123565754635,1992
0.41747572815533979,1995
0.36893203883495146,1994
0.5145631067961165,1997
0.46160635481023832,1996
0.62047661076787286,1999
0.56751985878199473,1998
0.01412180052956752,1975
0.01412180052956752,1978
0.028243601059135041,1973
0.035304501323918797,1972
0.042365401588702563,1971
0.050308914386584289,1970
0.76169461606354816,2002
0.0,1977
0.6822594880847308,2000
0.89408649602824364,2006
0.92056487202118276,2007
0.82347749338040599,2004
0.029126213592233011,1979
0.93821712268314206,2008
0.95586937334510147,2009
0.22715404699738909,1976
0.086161879895561386,2003
0.88250652741514379,1962
0.79112271540469981,1963
0.30287206266318545,1974
0.080939947780678867,1986
0.067885117493472646,1987
0.10966057441253263,1984
0.096605744125326409,1985
0.14099216710182769,1982
0.12271540469973896,1983
0.17232375979112277,1980
0.15665796344647523,1981
0.70757180156657984,1964
0.65013054830287209,1965
0.61618798955613585,1966
0.57702349869451719,1967
1.0,1960
0.95561357702349869,1961
0.054830287206266315,1988
0.044386422976501291,1989
0.10704960835509143,2001
0.0,2011
0.010443864229765024,2010
0.067885117493472646,2005
0.53785900783289819,1968
0.49869451697127937,1969
0.036553524804177583,1991
0.033942558746736268,1990
0.049608355091383803,1993
0.041775456919060094,1992
0.065274151436031339,1995
0.054830287206266315,1994
0.080939947780678867,1997
0.073107049608355054,1996
0.10182767624020891,1999
0.091383812010443891,1998
0.27415143603133157,1975
0.18015665796344649,1978
0.33681462140992169,1973
0.37336814621409931,1972
0.4151436031331594,1971
0.45953002610966071,1970
0.096605744125326409,2002
0.18537859007832899,1977
0.11488250652741513,2000
0.060052219321148827,2006
0.049608355091383803,2007
0.075718015665796362,2004
0.17493472584856395,1979
0.033942558746736268,2008
0.020887728459530047,2009
0.74999999999999556,1976
0.49999999999999112,2003
0.49999999999999112,1962
0.74999999999999556,1963
0.74999999999999556,1974
0.74999999999999556,1986
0.74999999999999556,1987
0.74999999999999556,1984
0.74999999999999556,1985
0.74999999999999556,1982
0.74999999999999556,1983
0.74999999999999556,1980
0.74999999999999556,1981
1.0,1964
1.0,1965
1.0,1966
1.0,1967
0.0,1960
0.25000000000000444,1961
0.74999999999999556,1988
0.74999999999999556,1989
0.49999999999999112,2001
0.25000000000000444,2011
0.25000000000000444,2010
0.49999999999999112,2005
0.74999999999999556,1968
0.74999999999999556,1969
0.74999999999999556,1991
0.74999999999999556,1990
0.74999999999999556,1993
0.74999999999999556,1992
0.74999999999999556,1995
0.74999999999999556,1994
0.74999999999999556,1997
0.74999999999999556,1996
0.74999999999999556,1999
0.74999999999999556,1998
0.74999999999999556,1975
0.74999999999999556,1978
0.74999999999999556,1973
0.49999999999999112,1972
0.49999999999999112,1971
0.49999999999999112,1970
0.49999999999999112,2002
0.74999999999999556,1977
0.49999999999999112,2000
0.49999999999999112,2006
0.49999999999999112,2007
0.49999999999999112,2004
0.74999999999999556,1979
0.25000000000000444,2008
0.25000000000000444,2009
1,1976
1,2003
1,1962
1,1963
1,1974
1,1986
1,1987
1,1984
1,1985
1,1982
1,1983
1,1980
1,1981
1,1964
1,1965
1,1966
1,1967
1,1960
1,1961
1,1988
1,1989
1,2001
1,2011
1,2010
1,2005
1,1968
1,1969
1,1991
1,1990
1,1993
1,1992
1,1995
1,1994
1,1997
1,1996
1,1999
1,1998
1,1975
1,1978
1,1973
1,1972
1,1971
1,1970
1,2002
1,1977
1,2000
1,2006
1,2007
1,2004
1,1979
1,2008
1,2009
1,1976
1,2003
1,1962
1,1963
1,1974
1,1986
1,1987
1,1984
1,1985
1,1982
1,1983
1,1980
1,1981
1,1964
1,1965
1,1966
1,1967
1,1960
1,1961
1,1988
1,1989
1,2001
1,2011
1,2010
1,2005
1,1968
1,1969
1,1991
1,1990
1,1993
1,1992
1,1995
1,1994
1,1997
1,1996
1,1999
1,1998
1,1975
1,1978
1,1973
1,1972
1,1971
1,1970
1,2002
1,1977
1,2000
1,2006
1,2007
1,2004
1,1979
1,2008
1,2009
0.75087719298245614,1976
0.78596491228070176,2003
0.0070175438596491229,1962
0.045614035087719301,1963
0.67719298245614035,1974
0.9263157894736842,1986
0.94736842105263153,1987
0.89824561403508774,1984
0.91228070175438591,1985
0.87017543859649127,1982
0.88771929824561402,1983
0.84210526315789469,1980
0.85263157894736841,1981
0.084210526315789472,1964
0.12280701754385964,1965
0.18245614035087721,1966
0.24210526315789474,1967
0.028070175438596492,1960
0.0,1961
0.96491228070175439,1988
0.98245614035087714,1989
0.87017543859649127,2001
0.40000000000000002,2011
0.44912280701754387,2010
0.69473684210526321,2005
0.30526315789473685,1968
0.36842105263157893,1969
1.0,1991
0.99649122807017543,1990
0.99649122807017543,1993
1.0,1992
0.98596491228070171,1995
0.99298245614035086,1994
0.96140350877192982,1997
0.9754385964912281,1996
0.92982456140350878,1999
0.94736842105263153,1998
0.72280701754385968,1975
0.80000000000000004,1978
0.62105263157894741,1973
0.56491228070175437,1972
0.50526315789473686,1971
0.43859649122807015,1970
0.82807017543859651,2002
0.77543859649122804,1977
0.90877192982456145,2000
0.64912280701754388,2006
0.59999999999999998,2007
0.74035087719298243,2004
0.82105263157894737,1979
0.55087719298245619,2008
0.50175438596491229,2009
0.95335276967930049,1976
0.30903790087463562,2003
0.97667638483965025,1962
0.96793002915451909,1963
0.96501457725947515,1974
0.78425655976676412,1986
0.76384839650145786,1987
0.82507288629737607,1984
0.80466472303206982,1985
0.86588921282798847,1982
0.84548104956268233,1983
0.90670553935860054,1980
0.88629737609329473,1981
0.95626822157434399,1964
0.94460641399416934,1965
0.95043731778425644,1966
0.95335276967930049,1967
1.0,1960
0.98833819241982535,1961
0.74344023323615172,1988
0.72303206997084546,1989
0.38775510204081626,2001
0.0,2011
0.037900874635568432,2010
0.23323615160349856,2005
0.95626822157434399,1968
0.96209912536443154,1969
0.67638483965014595,1991
0.7026239067055392,1990
0.62099125364431484,1993
0.65014577259475215,1992
0.56851311953352779,1995
0.59475218658892148,1994
0.51311953352769668,1997
0.54227405247813398,1996
0.45481049562682202,1999
0.48396501457725932,1998
0.96501457725947515,1975
0.93002915451895063,1978
0.96501457725947515,1973
0.96501457725947515,1972
0.96501457725947515,1971
0.96501457725947515,1970
0.34985422740524785,2002
0.94169096209912539,1977
0.42565597667638472,2000
0.19241982507288635,2006
0.15451895043731773,2007
0.27113702623906699,2004
0.91836734693877564,1979
0.11661807580174928,2008
0.075801749271137073,2009
0.0,1976
1.0,2003
0.0,1962
0.0,1963
0.0,1974
1.0,1986
1.0,1987
1.0,1984
1.0,1985
1.0,1982
1.0,1983
1.0,1980
1.0,1981
0.0,1964
0.0,1965
0.0,1966
0.0,1967
0.0,1960
0.0,1961
1.0,1988
1.0,1989
1.0,2001
1.0,2011
1.0,2010
1.0,2005
0.0,1968
0.0,1969
1.0,1991
1.0,1990
1.0,1993
1.0,1992
1.0,1995
1.0,1994
1.0,1997
1.0,1996
1.0,1999
1.0,1998
0.0,1975
1.0,1978
0.0,1973
0.0,1972
0.0,1971
0.0,1970
1.0,2002
0.5,1977
1.0,2000
1.0,2006
1.0,2007
1.0,2004
1.0,1979
1.0,2008
1.0,2009
1,1976
1,2003
1,1962
1,1963
1,1974
1,1986
1,1987
1,1984
1,1985
1,1982
1,1983
1,1980
1,1981
1,1964
1,1965
1,1966
1,1967
1,1960
1,1961
1,1988
1,1989
1,2001
1,2011
1,2010
1,2005
1,1968
1,1969
1,1991
1,1990
1,1993
1,1992
1,1995
1,1994
1,1997
1,1996
1,1999
1,1998
1,1975
1,1978
1,1973
1,1972
1,1971
1,1970
1,2002
1,1977
1,2000
1,2006
1,2007
1,2004
1,1979
1,2008
1,2009
1,1976
1,2003
1,1962
1,1963
1,1974
1,1986
1,1987
1,1984
1,1985
1,1982
1,1983
1,1980
1,1981
1,1964
1,1965
1,1966
1,1967
1,1960
1,1961
1,1988
1,1989
1,2001
1,2011
1,2010
1,2005
1,1968
1,1969
1,1991
1,1990
1,1993
1,1992
1,1995
1,1994
1,1997
1,1996
1,1999
1,1998
1,1975
1,1978
1,1973
1,1972
1,1971
1,1970
1,2002
1,1977
1,2000
1,2006
1,2007
1,2004
1,1979
1,2008
1,2009
0.68487394957983194,1976
0.94327731092436973,2003
0.0084033613445377853,1962
0.094537815126050417,1963
0.65966386554621848,1974
0.7857142857142857,1986
0.79411764705882359,1987
0.76680672268907579,1984
0.77521008403361336,1985
0.74789915966386555,1982
0.75840336134453779,1983
0.72689075630252098,1980
0.73739495798319332,1981
0.18067226890756305,1964
0.26680672268907568,1965
0.35294117647058831,1966
0.43907563025210078,1967
0.0,1960
0.0042016806722689672,1961
0.80252100840336127,1988
0.81092436974789917,1989
0.92436974789915982,2001
1.0,2011
0.99369747899159666,2010
0.95588235294117663,2005
0.47899159663865554,1968
0.51890756302521013,1969
0.82773109243697474,1991
0.81932773109243706,1990
0.84453781512605031,1993
0.83613445378151263,1992
0.85924369747899154,1995
0.85084033613445387,1994
0.87394957983193278,1997
0.86554621848739488,1996
0.89915966386554624,1999
0.88655462184873934,1998
0.67226890756302538,1975
0.70588235294117652,1978
0.6470588235294118,1973
0.63655462184873957,1972
0.59663865546218486,1971
0.55672268907563038,1970
0.93697478991596639,2002
0.69537815126050417,1977
0.91176470588235292,2000
0.96428571428571419,2006
0.97058823529411753,2007
0.94957983193277296,2004
0.71638655462184875,1979
0.97899159663865543,2008
0.98529411764705876,2009
0.71652173913043482,1976
0.95478260869565201,2003
0.0,1962
0.11304347826086956,1963
0.69913043478260872,1974
0.78956521739130425,1986
0.79652173913043478,1987
0.77565217391304342,1984
0.78260869565217395,1985
0.76173913043478259,1982
0.76869565217391311,1983
0.74782608695652175,1980
0.75478260869565206,1981
0.22782608695652171,1964
0.34086956521739126,1965
0.45391304347826084,1966
0.56869565217391305,1967
0.034782608695652174,1960
0.017391304347826087,1961
0.80173913043478251,1988
0.80869565217391304,1989
0.92869565217391292,2001
1.0,2011
0.99478260869565227,2010
0.96695652173913038,2005
0.59130434782608698,1968
0.61391304347826081,1969
0.82086956521739141,1991
0.81391304347826077,1990
0.83130434782608686,1993
0.82608695652173914,1992
0.84173913043478243,1995
0.8365217391304347,1994
0.8539130434782608,1997
0.84869565217391296,1996
0.89043478260869569,1999
0.87304347826086959,1998
0.70782608695652183,1975
0.73217391304347812,1978
0.69043478260869573,1973
0.68173913043478263,1972
0.6591304347826088,1971
0.63652173913043464,1970
0.94782608695652171,2002
0.72521739130434792,1977
0.90956521739130425,2000
0.97391304347826091,2006
0.97913043478260864,2007
0.96000000000000008,2004
0.73913043478260865,1979
0.98434782608695637,2008
0.98956521739130421,2009
0.0022665933039558994,1976
0.7139517973151831,2003
0.0002106251734907356,1962
0.00032242266205520883,1963
0.0018980095102150755,1974
0.007004096394135865,1986
0.0081210465189051496,1987
0.0050153803183271388,1984
0.0059688743272765278,1985
0.0038439448216178889,1982
0.0043070704831075926,1983
0.0032990911022182379,1980
0.0035170325899780983,1981
0.00043877926860213037,1964
0.0005598809162904397,1965
0.00068592110447004495,1966
0.00081710122742124707,1967
0.0,1960
0.00010320816471642671,1961
0.010354946768443719,1988
0.012943001935592061,1989
0.48783750376432794,2001
0.77388570644914478,2011
0.79840412382212911,2010
0.95096316525403135,2005
0.00095363089581843637,1968
0.0010957282636423239,1969
0.02048922594927723,1991
0.016130396194080021,1990
0.04459900303271179,1993
0.028798245170121906,1992
0.10834688820247097,1995
0.071841689002694345,1994
0.1889852386736193,1997
0.14703150227984618,1996
0.29441443337745177,1999
0.23557023168228947,1998
0.0020786187707630198,1975
0.0027269946968486044,1978
0.0017244769296425122,1973
0.0015577437529875273,1972
0.0013975435631269457,1971
0.0012436203850591258,1970
0.58046263606226856,2002
0.0024545678371487791,1977
0.39248810286938896,2000
1.0,2006
0.99455146280600348,2007
0.84744095856809765,2004
0.0029994215565484297,1979
0.92372047928404888,2008
0.85288949576209416,2009
0.0020867961195912134,1976
0.72370688397887162,2003
0.00022090589093017279,1962
0.00033522062474833163,1963
0.0017821660586509519,1974
0.006995364575492713,1986
0.0081435957070090902,1987
0.0048783134267593922,1984
0.0058830156668362209,1985
0.0036224356266633538,1982
0.0040889045238418813,1983
0.0031200845066249381,1980
0.0032994956209243722,1981
0.00045218971012032797,1964
0.00057187482858725718,1965
0.00069433898933246216,1966
0.0008196467803570903,1967
0.0,1960
0.0001091853341781151,1961
0.010583586861481392,1988
0.013346518021692677,1989
0.50123710224757356,2001
0.7560008845527697,2011
0.78111844055469049,2010
0.95694133256813585,2005
0.00094786418906898126,1968
0.0010790587458115565,1969
0.021420018165167205,1991
0.016755329193381921,1990
0.04768580529860434,1993
0.030318809434419131,1992
0.1155032065037904,1995
0.076750405815112652,1994
0.19910878576732663,1997
0.15605011833546251,1996
0.30496134320399276,1999
0.24647331994237723,1998
0.0019327330328111293,1975
0.0025100867180068631,1978
0.0016350158973981619,1973
0.0014912050075691597,1972
0.0013506576417914853,1971
0.0012132996673927133,1970
0.59453088168327917,2002
0.0022589111579876552,1977
0.4043551005258792,2000
1.0,2006
0.98923533314203393,2007
0.85647110856045283,2004
0.0028330267237458434,1979
0.9138826651362717,2008
0.83852999713050935,2009
0.10157618213660245,1976
0.71103327495621715,2003
0.0087565674255691769,1962
0.017513134851138354,1963
0.085814360770577927,1974
0.2521891418563923,1986
0.27145359019264448,1987
0.2136602451838879,1984
0.23117338003502627,1985
0.17688266199649738,1982
0.19614711033274956,1983
0.14360770577933449,1980
0.15936952714535901,1981
0.028021015761821366,1964
0.036777583187390543,1965
0.042031523642732049,1966
0.04553415061295972,1967
0.0,1960
0.0017513134851138354,1961
0.29422066549912435,1988
0.31523642732049034,1989
0.63922942206654987,2001
1.0,2011
0.96322241681260945,2010
0.78108581436077062,2005
0.050788091068301226,1968
0.056042031523642732,1969
0.36252189141856395,1991
0.33625218914185639,1990
0.41330998248686512,1993
0.38704028021015763,1992
0.46409807355516636,1995
0.43782837127845886,1994
0.52014010507880915,1997
0.49211908931698772,1996
0.57618213660245188,1999
0.54816112084063051,1998
0.089316987740805598,1975
0.12259194395796848,1978
0.078809106830122586,1973
0.073555166374781086,1972
0.066549912434325745,1971
0.059544658493870403,1970
0.6742556917688266,2002
0.11208406304728546,1977
0.60420315236427324,2000
0.81786339754816118,2006
0.85464098073555161,2007
0.74605954465849389,2004
0.13309982486865149,1979
0.89141856392294216,2008
0.9264448336252189,2009
0.046647230320699756,1976
0.69096209912536444,2003
0.023323615160349878,1962
0.032069970845481091,1963
0.034985422740524762,1974
0.21574344023323624,1986
0.23615160349854233,1987
0.17492711370262393,1984
0.19533527696793002,1985
0.13411078717201172,1982
0.15451895043731781,1983
0.093294460641399402,1980
0.11370262390670562,1981
0.043731778425655982,1964
0.055393586005830969,1965
0.049562682215743427,1966
0.046647230320699756,1967
0.0,1960
0.011661807580174989,1961
0.25655976676384845,1988
0.27696793002915454,1989
0.6122448979591838,2001
1.0,2011
0.96209912536443154,2010
0.76676384839650158,2005
0.043731778425655982,1968
0.037900874635568536,1969
0.32361516034985427,1991
0.29737609329446063,1990
0.37900874635568516,1993
0.34985422740524785,1992
0.43148688046647238,1995
0.40524781341107879,1994
0.48688046647230321,1997
0.45772594752186591,1996
0.54518950437317781,1999
0.51603498542274051,1998
0.034985422740524762,1975
0.069970845481049634,1978
0.034985422740524762,1973
0.034985422740524762,1972
0.034985422740524762,1971
0.034985422740524762,1970
0.65014577259475226,2002
0.05830903790087464,1977
0.57434402332361523,2000
0.80758017492711376,2006
0.84548104956268244,2007
0.72886297376093312,2004
0.081632653061224511,1979
0.88338192419825079,2008
0.92419825072886308,2009
0.68406593406593419,1976
0.74999999999999989,2003
0.49175824175824173,1962
0.92582417582417598,1963
0.21703296703296701,1974
0.90109890109890101,1986
0.90659340659340659,1987
0.89560439560439564,1984
0.87912087912087922,1985
1.0,1982
0.96153846153846168,1983
0.55494505494505486,1980
0.98076923076923073,1981
0.87637362637362637,1964
0.88186813186813195,1965
0.20604395604395601,1966
0.14285714285714288,1967
0.95879120879120872,1960
0.0,1961
0.88461538461538458,1988
0.8434065934065933,1989
0.84615384615384626,2001
0.48351648351648358,2011
0.53846153846153855,2010
0.68131868131868123,2005
0.15384615384615388,1968
0.18681318681318682,1969
0.94780219780219799,1991
0.80219780219780223,1990
0.82967032967032961,1993
0.87912087912087922,1992
0.76098901098901095,1995
0.79670329670329665,1994
0.76098901098901095,1997
0.79395604395604391,1996
0.6703296703296705,1999
0.71978021978021989,1998
0.13461538461538464,1975
0.60164835164835184,1978
0.27472527472527469,1973
0.32417582417582419,1972
0.40384615384615385,1971
0.19230769230769232,1970
0.79670329670329665,2002
0.62087912087912089,1977
0.62912087912087922,2000
0.65384615384615385,2006
0.61813186813186816,2007
0.71153846153846156,2004
0.58791208791208782,1979
0.59340659340659352,2008
0.56593406593406592,2009
