0.029775399135526077,1976
0.31128174956530424,2003
7.7188680758309946e-05,1962
0.00013824267429925354,1963
0.021325578583974346,1974
0.084178353371544057,1986
0.1146208575504222,1987
0.21057840874544118,1984
0.18858572511811472,1985
0.2534062663354979,1982
0.21752346673301795,1983
0.21405093773922956,1980
0.24067366002494048,1981
0.00022181457934889972,1964
0.00033620944394702602,1965
0.00049279538071338625,1966
0.00070713328539976489,1967
0.0,1960
3.2585292586757903e-05,1961
0.086724874633655538,1988
0.10837030536160311,1989
0.22215350539140244,2001
0.8391061566211383,2011
0.64117200397520058,2010
0.63769947498141211,2005
0.0010005232175981926,1968
0.0014021211170191618,1969
0.12955273222371225,1991
0.15038790618644254,1990
0.11056957372433575,1993
0.12260767423613547,1992
0.10999081889203768,1995
0.10269850800508208,1994
0.14112782886967351,1997
0.14575786752805803,1996
0.12839522255911612,1999
0.095984951950424557,1998
0.024335103711924277,1975
0.049568814400119857,1978
0.0047500401869578022,1973
0.0030485009800014949,1972
0.0027042970166396671,1971
0.0019518362079506781,1970
0.23025607304357534,2002
0.038456721619997032,1977
0.25109124700630564,2000
0.7511354221118326,2006
0.78586071204971641,2007
0.42819022568951309,2004
0.13765529987588512,1979
1.0,2008
0.50342835388826135,2009
0.011383914821664023,1976
0.021858249872453238,2003
0.09818595318123699,1962
0.070969083292479432,1963
0.032677892672169577,1974
0.011153709655712612,1986
0.028188891936117053,1987
0.050288587867452543,1984
0.040044457982614738,1985
0.042116304476177445,1982
0.06018741000336323,1983
0.075035643207229261,1980
0.036591380493343567,1981
0.050784711377041956,1964
0.035815728128007547,1965
0.024714542488119499,1966
0.01648176404528668,1967
0.1843717286973369,1960
0.1348855348885431,1961
0.16665729925589098,1988
0.16320422176661981,1989
0.01967130079591483,2001
1.0,2011
0.58447967545770263,2010
0.13327755019293633,2005
0.01037623233892351,1968
0.0058482934810145876,1969
0.028994610016946989,1991
0.11486113691682343,1990
0.013916171647129548,1993
0.02980032809777693,1992
0.040619970897493266,1995
0.025426429944700114,1994
0.045914689714375727,1997
0.030490943595631165,1996
0.020016608544841948,1999
0.022548865370307473,1998
0.0091969657451256154,1975
0.00585899083883015,1978
0.01759945430235213,1973
0.0021296671504172863,1972
0.0,1971
0.0024903172621818554,1970
0.013801069064153841,2002
0.0085063502472713815,1977
0.029455020348849816,2000
0.29902526967795251,2006
0.34506630286823475,2007
0.067323770147856982,2004
0.040504868314517564,1979
0.34621732869799182,2008
0.27715577891256843,2009
0.8282442748091603,1976
0.16412213740458029,2003
1.0,1962
1.0,1963
0.90458015267175573,1974
0.43893129770992362,1986
0.40267175572519098,1987
0.50954198473282442,1984
0.47519083969465653,1985
0.58206106870229002,1982
0.54580152671755733,1983
0.66793893129770987,1980
0.6259541984732826,1981
1.0,1964
1.0,1965
1.0,1966
1.0,1967
1.0,1960
1.0,1961
0.37213740458015265,1988
0.3416030534351146,1989
0.21183206106870242,2001
0.0,2011
0.022900763358778678,2010
0.12786259541984737,2005
1.0,1968
0.98091603053435117,1969
0.28053435114503822,1991
0.31106870229007649,1990
0.26526717557251916,1993
0.25000000000000011,1992
0.29580152671755722,1995
0.28053435114503822,1994
0.32633587786259555,1997
0.31106870229007649,1996
0.269083969465649,1999
0.29770992366412224,1998
0.86641221374045807,1975
0.75190839694656486,1978
0.9427480916030534,1973
0.98091603053435117,1972
0.98091603053435117,1971
0.98091603053435117,1970
0.18320610687022915,2002
0.79007633587786263,1977
0.2404580152671757,2000
0.10877862595419852,2006
0.089694656488549657,2007
0.14694656488549623,2004
0.7137404580152672,1979
0.068702290076336034,2008
0.045801526717557356,2009
0.93347639484978551,1976
0.13733905579399139,2003
0.93991416309012887,1962
0.9570815450643777,1963
0.9570815450643777,1974
0.59871244635193133,1986
0.54935622317596566,1987
0.68884120171673824,1984
0.64377682403433489,1985
0.76609442060085831,1982
0.72961373390557949,1983
0.83261802575107302,1980
0.8004291845493563,1981
0.97854077253218885,1964
1.0,1965
1.0,1966
1.0,1967
0.89055793991416321,1960
0.91416309012875541,1961
0.50214592274678105,1988
0.45708154506437776,1989
0.16738197424892712,2001
0.0,2011
0.019313304721030013,2010
0.10300429184549365,2005
1.0,1968
0.97854077253218885,1969
0.37982832618025741,1991
0.41630901287553645,1990
0.31759656652360524,1993
0.3454935622317597,1992
0.26824034334763963,1995
0.28969957081545078,1994
0.22961373390557929,1997
0.24678111587982848,1996
0.19957081545064387,1999
0.21459227467811173,1998
0.94849785407725307,1975
0.88841201716738194,1978
0.97854077253218885,1973
0.97854077253218885,1972
0.97854077253218885,1971
0.97854077253218885,1970
0.15236051502145925,2002
0.91201716738197436,1977
0.18240343347639484,2000
0.08798283261802578,2006
0.070815450643776909,2007
0.12017167381974252,2004
0.86266094420600847,1979
0.055793991416309044,2008
0.038626609442060179,2009
0.27835051546391748,1976
0.58762886597938158,2003
0.072164948453608255,1962
0.11340206185567016,1963
0.2817869415807559,1974
0.25085910652920951,1986
0.26460481099656352,1987
0.24054982817869397,1984
0.24054982817869397,1985
0.2611683848797251,1982
0.24742268041237112,1983
0.2817869415807559,1980
0.27147766323024064,1981
0.15120274914089335,1964
0.18556701030927841,1965
0.21649484536082475,1966
0.24054982817869397,1967
0.0,1960
0.034364261168384765,1961
0.2817869415807559,1988
0.29896907216494856,1989
0.53264604810996574,2001
1.0,2011
0.94158075601374569,2010
0.65979381443298957,2005
0.2611683848797251,1968
0.27835051546391748,1969
0.31615120274914094,1991
0.30927835051546382,1990
0.32302405498281778,1993
0.31958762886597936,1992
0.34707903780068727,1995
0.32989690721649489,1994
0.40206185567010316,1997
0.37113402061855683,1996
0.47079037800687301,1999
0.43642611683848792,1998
0.27835051546391748,1975
0.2852233676975946,1978
0.2852233676975946,1973
0.28865979381443302,1972
0.29209621993127144,1971
0.28865979381443302,1970
0.56013745704467366,2002
0.2817869415807559,1977
0.50171821305841935,2000
0.70790378006872856,2006
0.7628865979381444,2007
0.61855670103092797,2004
0.2852233676975946,1979
0.82130584192439871,2008
0.88316151202749138,2009
0.93429158110882982,1976
0.1540041067761807,2003
0.95277207392197127,1962
0.97330595482546212,1963
0.9609856262833677,1974
0.61601642710472304,1986
0.56878850102669398,1987
0.70431211498973323,1984
0.66119096509240238,1985
0.7761806981519509,1982
0.74127310061601648,1983
0.83983572895277214,1980
0.80903490759753593,1981
0.98767967145790569,1964
0.99589322381930212,1965
1.0,1966
0.99794661190965106,1967
0.91170431211498981,1960
0.93223819301848054,1961
0.52361396303901453,1988
0.47843942505133485,1989
0.18891170431211507,2001
0.0,2011
0.022587268993839865,2010
0.11909650924024651,2005
0.99178644763860391,1968
0.98562628336755675,1969
0.40246406570841897,1991
0.43942505133470228,1990
0.34291581108829577,1993
0.37166324435318282,1992
0.29568788501026694,1995
0.31827515400410683,1994
0.25462012320328542,1997
0.27310061601642721,1996
0.2217659137577003,1999
0.23819301848049287,1998
0.95071868583162233,1975
0.89322381930184824,1978
0.9691991786447639,1973
0.97330595482546212,1972
0.97741273100616033,1971
0.98151950718685854,1970
0.17248459958932236,2002
0.91581108829568802,1977
0.20533880903490762,2000
0.1006160164271047,2006
0.082135523613963049,2007
0.13757700205338816,2004
0.8685831622176593,1979
0.063655030800821397,2008
0.043121149897330631,2009
0.72830188679245278,1976
0.12830188679245288,2003
0.97358490566037725,1962
0.95849056603773575,1963
0.81509433962264133,1974
0.39622641509433959,1986
0.38113207547169814,1987
0.43396226415094336,1984
0.41509433962264147,1985
0.48679245283018868,1982
0.46037735849056594,1983
0.55094339622641497,1980
0.51698113207547158,1981
0.95094339622641499,1964
0.93962264150943386,1965
0.93584905660377349,1966
0.932075471698113,1967
1.0,1960
0.98490566037735827,1961
0.36603773584905652,1988
0.3547169811320755,1989
0.16603773584905665,2001
0.0,2011
0.011320754716981157,2010
0.094339622641509427,2005
0.92830188679245262,1968
0.92452830188679247,1969
0.32830188679245276,1991
0.33962264150943394,1990
0.30566037735849055,1993
0.31698113207547174,1992
0.27547169811320754,1995
0.29056603773584899,1994
0.2452830188679245,1997
0.26037735849056609,1996
0.20754716981132074,1999
0.22641509433962262,1998
0.77358490566037741,1975
0.63396226415094337,1978
0.85283018867924509,1973
0.87924528301886784,1972
0.9018867924528301,1971
0.91320754716981112,1970
0.14716981132075477,2002
0.679245283018868,1977
0.18490566037735853,2000
0.07547169811320753,2006
0.06037735849056608,2007
0.109433962264151,2004
0.59245283018867911,1979
0.045283018867924497,2008
0.026415094339622611,2009
0.23873506025168392,1976
0.86507662043485123,2003
0.038330517576476805,1962
0.065438976406538799,1963
0.28329691038329269,1974
0.52714925693681824,1986
0.55190584034326762,1987
0.49125221099746691,1984
0.5382897194697206,1985
0.43183641082198843,1982
0.4603064817394053,1983
0.41698246077811885,1980
0.47639826095359727,1981
0.12237911824137222,1964
0.15951399335104616,1965
0.18427057675749547,1966
0.18427057675749547,1967
0.0,1960
0.018649033768349609,1961
0.53333840278843059,1988
0.50486833187101399,1989
0.84155786619872452,2001
0.91335195807742742,2011
0.97524341659355074,2010
0.86260096209420645,2005
0.20283801431233245,1968
0.17436794339491571,1969
0.56799761955745964,1991
0.57790025292003944,1990
0.57047327789810454,1993
0.55438149868391251,1992
0.64845651562841988,1995
0.60018117798584381,1994
0.71777494916647799,1997
0.71777494916647799,1996
0.7722394326606663,1999
0.76481245763873162,1998
0.2746321061910354,1975
0.37613409815747756,1978
0.26844296033942305,1973
0.24368637693297376,1972
0.24121071859232887,1971
0.20655150182329982,1970
0.81061213694066292,2002
0.30805349378974201,1977
0.75862331178711928,2000
0.93810854148387679,2006
0.96286512489032605,2007
0.8997358372038804,2004
0.3414748813884485,1979
1.0,2008
0.9257302497806521,2009
0.43790012804097306,1976
0.0089628681177976177,2003
0.91037131882202293,1962
0.87195902688860438,1963
0.52240717029449424,1974
0.17285531370038407,1986
0.15877080665813062,1987
0.2061459667093469,1984
0.18950064020486548,1985
0.2458386683738796,1982
0.22535211267605629,1983
0.29577464788732388,1980
0.26888604353393081,1981
0.84635083226632513,1964
0.82074263764404609,1965
0.78233034571062732,1966
0.75672215108834828,1967
1.0,1960
0.94878361075544171,1961
0.14468629961587706,1988
0.13188220230473743,1989
0.014084507042253447,2001
0.0012804097311139291,2011
0.0,2010
0.0038412291933417873,2005
0.73111395646606903,1968
0.70550576184378999,1969
0.10627400768245839,1991
0.1190781049935979,1990
0.080665813060179239,1993
0.093469910371318757,1992
0.056338028169014016,1995
0.067861715749039611,1994
0.0358514724711907,1997
0.044814340588988429,1996
0.02176696542893725,1999
0.028169014084507008,1998
0.48015364916773362,1975
0.35979513444302169,1978
0.56466069142125475,1973
0.6043533930857875,1972
0.64148527528809207,1971
0.67605633802816889,1970
0.01152368758002559,2002
0.39820742637644035,1977
0.01664532650448142,2000
0.0025608194622278582,2006
0.0012804097311139291,2007
0.0064020486555697595,2004
0.32650448143405886,1979
0.0,2008
0.0,2009
0.75717439293598221,1976
0.059602649006622516,2003
0.99779249448123608,1962
0.99779249448123608,1963
0.86313465783664456,1974
0.33774834437086088,1986
0.31346578366445915,1987
0.39293598233995586,1984
0.36423841059602646,1985
0.45916114790286977,1982
0.42384105960264895,1983
0.54304635761589404,1980
0.49889624724061804,1981
0.99779249448123608,1964
0.99779249448123608,1965
0.99779249448123608,1966
1.0,1967
1.0,1960
1.0,1961
0.29139072847682113,1988
0.26931567328918327,1989
0.079470198675496651,2001
0.0,2011
0.0066225165562913474,2010
0.044150110375275976,2005
1.0,1968
0.99558498896247227,1969
0.22958057395143489,1991
0.24944812362030902,1990
0.19205298013245034,1993
0.20971302428256072,1992
0.15894039735099341,1995
0.17439293598233996,1994
0.12803532008830024,1997
0.14348785871964678,1996
0.10154525386313465,1999
0.11479028697571744,1998
0.81236203090507719,1975
0.64238410596026485,1978
0.9072847682119205,1973
0.94481236203090513,1972
0.96909492273730669,1971
0.98675496688741715,1970
0.070640176600441459,2002
0.69977924944812353,1977
0.090507726269315705,2000
0.035320088300220778,2006
0.028697571743929336,2007
0.050772626931567325,2004
0.58940397350993368,1979
0.022075055187637988,2008
0.013245033112582792,2009
0.25347905433496504,1976
0.8575251822942126,2003
0.038471602160776733,1962
0.048597911518378147,1963
0.22168715286342569,1974
0.50899174393955893,1986
0.50428183261044213,1987
0.45247280799015571,1984
0.47484488680346126,1985
0.43010072917685038,1982
0.45365028582243505,1983
0.38300161588568093,1980
0.42303586218317485,1981
0.074502423828521305,1964
0.10276189180322297,1965
0.12748892628108688,1966
0.13219883761020382,1967
0.0,1960
0.018572226795257645,1961
0.48308723162941591,1988
0.45718271931927273,1989
0.83044319215179008,2001
1.0,2011
1.0,2010
0.89991438425626502,2005
0.13926370460387924,1968
0.13926370460387924,1969
0.54902599023705301,1991
0.51605661093323452,1990
0.58552780303770924,1993
0.55138094590161157,1992
0.66324133996813883,1995
0.60789988185101473,1994
0.67501611829093122,1997
0.63615934982571631,1996
0.76568191137643216,1999
0.70680801976247043,1998
0.24641418734128964,1975
0.35120971441414156,1978
0.21108985237291258,1973
0.19813759621784099,1972
0.17576551740453553,1971
0.15692587208806777,1970
0.8292657143195109,2002
0.29822321196157597,1977
0.7809891231960624,2000
0.95290088670883055,2006
0.97645044335441533,2007
0.895204472927148,2004
0.33354754692995303,1979
0.97645044335441533,2008
0.97645044335441533,2009
1,1976
1,2003
1,1962
1,1963
1,1974
1,1986
1,1987
1,1984
1,1985
1,1982
1,1983
1,1980
1,1981
1,1964
1,1965
1,1966
1,1967
1,1960
1,1961
1,1988
1,1989
1,2001
1,2011
1,2010
1,2005
1,1968
1,1969
1,1991
1,1990
1,1993
1,1992
1,1995
1,1994
1,1997
1,1996
1,1999
1,1998
1,1975
1,1978
1,1973
1,1972
1,1971
1,1970
1,2002
1,1977
1,2000
1,2006
1,2007
1,2004
1,1979
1,2008
1,2009
0.41379310344827569,1976
0.90640394088669929,2003
0.059113300492610613,1962
0.083743842364531793,1963
0.34975369458128081,1974
0.66009852216748743,1986
0.67487684729064001,1987
0.62561576354679771,1984
0.64039408866995029,1985
0.58128078817733997,1982
0.60591133004926112,1983
0.53694581280788156,1980
0.56157635467980271,1981
0.10344827586206902,1964
0.12315270935960589,1965
0.14285714285714277,1966
0.16256157635467963,1967
0.0,1960
0.03448275862068944,1961
0.69458128078817727,1988
0.70935960591132985,1989
0.88177339901477803,2001
1.0,2011
0.99014778325123143,2010
0.93103448275862044,2005
0.1822660098522165,1968
0.20197044334975373,1969
0.74384236453201957,1991
0.72413793103448243,1990
0.77339901477832473,1993
0.75862068965517215,1992
0.80295566502463056,1995
0.78817733990147731,1994
0.82758620689655171,1997
0.81773399014778314,1996
0.85714285714285687,1999
0.84236453201970429,1998
0.38423645320197058,1975
0.47783251231527063,1978
0.31527093596059097,1973
0.28571428571428586,1972
0.25615763546798004,1971
0.22660098522167491,1970
0.89162561576354671,2002
0.44827586206896547,1977
0.86699507389162556,2000
0.94581280788177302,2006
0.95566502463054159,2007
0.92118226600985176,2004
0.50738916256157651,1979
0.96551724137931016,2008
0.97536945812807885,2009
0.33333333333333348,1976
0.89743589743589736,2003
0.056410256410256501,1962
0.076923076923076955,1963
0.28717948717948738,1974
0.56410256410256399,1986
0.58461538461538476,1987
0.51282051282051266,1984
0.53846153846153832,1985
0.4666666666666669,1982
0.49230769230769256,1983
0.42051282051282046,1980
0.44615384615384612,1981
0.097435897435897395,1964
0.11794871794871785,1965
0.13333333333333344,1966
0.15384615384615391,1967
0.0,1960
0.030769230769230854,1961
0.61025641025641042,1988
0.63076923076923119,1989
0.87692307692307736,2001
1.0,2011
0.98461538461538478,2010
0.92307692307692302,2005
0.16923076923076916,1968
0.18461538461538476,1969
0.68205128205128251,1991
0.65641025641025685,1990
0.72820512820512828,1993
0.70256410256410262,1992
0.77435897435897472,1995
0.75384615384615394,1994
0.8153846153846156,1997
0.79487179487179482,1996
0.8512820512820517,1999
0.83589743589743637,1998
0.30769230769230782,1975
0.37435897435897436,1978
0.26666666666666655,1973
0.24615384615384608,1972
0.22564102564102564,1971
0.2051282051282052,1970
0.88717948717948769,2002
0.35384615384615392,1977
0.86153846153846203,2000
0.93333333333333346,2006
0.94871794871794868,2007
0.9076923076923078,2004
0.40000000000000002,1979
0.96410256410256467,2008
0.97435897435897434,2009
0.37373737373737359,1976
0.90404040404040376,2003
0.055555555555555615,1962
0.075757575757575746,1963
0.31818181818181795,1974
0.61111111111111105,1986
0.63131313131313083,1987
0.57070707070707083,1984
0.59090909090909061,1985
0.52525252525252508,1982
0.54545454545454553,1983
0.47979797979797933,1980
0.49999999999999983,1981
0.10101010101010099,1964
0.11616161616161599,1965
0.13636363636363613,1966
0.1565656565656566,1967
0.0,1960
0.03030303030303037,1961
0.65151515151515127,1988
0.67171717171717182,1989
0.87878787878787856,2001
1.0,2011
0.98989898989898972,2010
0.92929292929292906,2005
0.1717171717171716,1968
0.19191919191919174,1969
0.71212121212121204,1991
0.6919191919191916,1990
0.75252525252525226,1993
0.73232323232323182,1992
0.78787878787878773,1995
0.77272727272727282,1994
0.82323232323232332,1997
0.80808080808080751,1996
0.85353535353535326,1999
0.83838383838383823,1998
0.3434343434343432,1975
0.42424242424242409,1978
0.28787878787878762,1973
0.26262626262626237,1972
0.2373737373737371,1971
0.21717171717171699,1970
0.89393939393939348,2002
0.39898989898989884,1977
0.86868686868686829,2000
0.93939393939393923,2006
0.95454545454545425,2007
0.91414141414141403,2004
0.45454545454545409,1979
0.96464646464646453,2008
0.97979797979797956,2009
0.24730411111814452,1976
0.78705242359364869,2003
0.039943773102652923,1962
0.036464926557400669,1963
0.17245620059908043,1974
0.45287231606486977,1986
0.44338455275963629,1987
0.39383734438786144,1984
0.40016251992468377,1985
0.38118699331421679,1982
0.41597545876673958,1983
0.33585656863365693,1980
0.36642825039496474,1981
0.036464926557400669,1964
0.049115277631045291,1965
0.074415979778334529,1966
0.081795351237960556,1967
0.0,1960
0.019070693831139275,1961
0.42019224245795445,1988
0.37697020962300193,1989
0.73961360706748136,2001
1.0,2011
0.947290203859814,2010
0.84397900342504961,2005
0.09444570231160522,1968
0.10815024930805354,1969
0.46130588344729945,1991
0.42862580984038418,1990
0.52982861842954132,1993
0.48238980190337394,1992
0.60256813710299784,1995
0.54458736134879326,1994
0.57199645534169008,1997
0.53509959804355989,1996
0.67109087208523954,1999
0.61838107594505365,1998
0.20513627420599573,1975
0.30739327871795646,1978
0.15664326175702464,1973
0.15137228214300605,1972
0.10920444523085727,1971
0.10815024930805354,1970
0.75858913367794822,2002
0.28209257657066722,1977
0.7132587089973883,2000
0.88403844849159086,2006
0.8945804077196281,2007
0.82605767273738628,2004
0.3031764950267416,1979
0.90512236694766524,2008
0.92620628540373962,2009
0.0,1976
0.31818181818181818,2003
0.0,1962
0.0,1963
0.0,1974
0.0,1986
0.0,1987
0.0,1984
0.0,1985
0.0,1982
0.0,1983
0.0,1980
0.0,1981
0.0,1964
0.0,1965
0.0,1966
0.0,1967
0.0,1960
0.0,1961
1.5856236786469344e-05,1988
8.9852008456659614e-05,1989
0.23044397463002114,2001
1.0,2011
0.96617336152219868,2010
0.4978858350951374,2005
0.0,1968
0.0,1969
0.0017019027484143764,1991
0.00067547568710359411,1990
0.0040803382663847781,1993
0.0033086680761099368,1992
0.0072832980972515858,1995
0.0060147991543340381,1994
0.018393234672304439,1997
0.010782241014799155,1996
0.08171247357293869,1999
0.035412262156448202,1998
0.0,1975
0.0,1978
0.0,1973
0.0,1972
0.0,1971
0.0,1970
0.27378435517970401,2002
0.0,1977
0.14904862579281183,2000
0.58562367864693443,2006
0.70401691331923888,2007
0.40697674418604651,2004
0.0,1979
0.79598308668076112,2008
0.87949260042283295,2009
0.0,1976
0.35194174757281549,2003
0.0,1962
0.0,1963
0.0,1974
0.0,1986
0.0,1987
0.0,1984
0.0,1985
0.0,1982
0.0,1983
0.0,1980
0.0,1981
0.0,1964
0.0,1965
0.0,1966
0.0,1967
0.0,1960
0.0,1961
2.2451456310679609e-05,1988
0.000125,1989
0.26092233009708737,2001
1.0,2011
0.97815533980582514,2010
0.5376213592233009,2005
0.0,1968
0.0,1969
0.0022694174757281554,1991
0.00091990291262135924,1990
0.0052548543689320383,1993
0.0043325242718446596,1992
0.0090533980582524261,1995
0.00762135922330097,1994
0.022087378640776697,1997
0.013228155339805826,1996
0.095266990291262121,1999
0.041868932038834954,1998
0.0,1975
0.0,1978
0.0,1973
0.0,1972
0.0,1971
0.0,1970
0.30703883495145629,2002
0.0,1977
0.17111650485436891,2000
0.62378640776699024,2006
0.73907766990291257,2007
0.44417475728155337,2004
0.0,1979
0.82645631067961156,2008
0.90169902912621347,2009
0.30884184308841844,1976
0.86301369863013699,2003
0.031133250311332503,1962
0.048567870485678705,1963
0.26400996264009963,1974
0.50684931506849318,1986
0.52677459526774595,1987
0.46948941469489414,1984
0.48816936488169366,1985
0.43212951432129515,1982
0.45080946450809467,1983
0.39476961394769616,1980
0.41344956413449563,1981
0.064757160647571602,1964
0.082191780821917804,1965
0.10087173100871731,1966
0.11955168119551682,1967
0.0,1960
0.014943960149439602,1961
0.54669987546699872,1988
0.56787048567870491,1989
0.82565379825653795,2001
1.0,2011
0.98754669987546695,2010
0.90037359900373604,2005
0.13823163138231631,1968
0.15815691158156911,1969
0.61270236612702367,1991
0.59028642590286429,1990
0.66002490660024904,1993
0.63636363636363635,1992
0.70610211706102122,1995
0.68244084682440842,1994
0.75093399750933998,1997
0.7285180572851806,1996
0.78829389788293902,1999
0.77584059775840597,1998
0.28642590286425901,1975
0.35242839352428396,1978
0.24283935242839352,1973
0.22042341220423411,1972
0.19925280199252801,1971
0.17808219178082191,1970
0.85056039850560394,2002
0.33125778331257782,1977
0.81320049813200501,2000
0.91282689912826898,2006
0.93773349937733497,2007
0.87546699875466993,2004
0.37359900373599003,1979
0.95018679950186802,2008
0.96264009962640096,2009
0.94827586206896564,1976
0.20114942528735633,2003
0.97126436781609193,1962
0.98275862068965536,1963
0.96551724137931028,1974
0.68390804597701149,1986
0.64367816091954044,1987
0.76436781609195392,1984
0.72413793103448287,1985
0.82183908045977005,1982
0.79310344827586199,1983
0.87356321839080486,1980
0.85057471264367812,1981
0.98850574712643702,1964
0.99425287356321834,1965
1.0,1966
0.99425287356321834,1967
0.94252873563218387,1960
0.95402298850574729,1961
0.59770114942528729,1988
0.55747126436781635,1989
0.24137931034482776,2001
0.0,2011
0.028735632183908049,2010
0.16091954022988492,2005
0.98850574712643702,1968
0.98275862068965536,1969
0.48275862068965514,1991
0.51724137931034486,1990
0.41954022988505735,1993
0.44827586206896541,1992
0.36781609195402293,1995
0.39080459770114928,1994
0.32183908045977022,1997
0.34482758620689657,1996
0.28160919540229878,1999
0.30459770114942514,1998
0.95977011494252895,1975
0.9137931034482758,1978
0.97126436781609193,1973
0.97701149425287359,1972
0.97701149425287359,1971
0.98275862068965536,1970
0.22413793103448271,2002
0.93103448275862088,1977
0.26436781609195414,2000
0.13793103448275856,2006
0.1091954022988505,2007
0.18390804597701169,2004
0.89655172413793116,1979
0.086206896551724144,2008
0.057471264367816098,2009
0.047619047619047346,1976
0.82993197278911557,2003
0.040816326530612353,1962
0.027210884353741409,1963
0.027210884353741409,1974
0.34013605442176881,1986
0.38095238095238115,1987
0.25170068027210862,1984
0.29251700680272097,1985
0.18367346938775486,1982
0.21768707482993174,1983
0.12925170068027206,1980
0.15646258503401345,1981
0.0068027210884354728,1964
0.0,1965
0.0,1966
0.0,1967
0.08163265306122422,1960
0.06122448979591829,1961
0.42857142857142849,1988
0.47619047619047633,1989
0.79591836734693877,2001
1.0,2011
0.97959183673469408,2010
0.87074829931972797,2005
0.0,1968
0.0068027210884354728,1969
0.55782312925170052,1991
0.51700680272108868,1990
0.62585034013605434,1993
0.59183673469387743,1992
0.68027210884353762,1995
0.6530612244897962,1994
0.72108843537415002,1997
0.70068027210884354,1996
0.75510204081632681,1999
0.74149659863945594,1998
0.034013605442176881,1975
0.08163265306122422,1978
0.020408163265305933,1973
0.013605442176870462,1972
0.013605442176870462,1971
0.0068027210884354728,1970
0.80952380952380965,2002
0.06122448979591829,1977
0.77551020408163274,2000
0.89115646258503434,2006
0.91156462585034026,2007
0.85034013605442205,2004
0.10204081632653064,1979
0.93197278911564629,2008
0.95238095238095266,2009
0.13718411552346566,1976
0.6462093862815883,2003
0.028880866425992805,1962
0.043321299638989209,1963
0.12996389891696747,1974
0.23465703971119131,1986
0.26353790613718409,1987
0.1985559566787003,1984
0.2129963898916967,1985
0.1841155234657039,1982
0.18772563176895307,1983
0.17328519855595667,1980
0.17689530685920568,1981
0.057761732851985451,1964
0.072202166064981851,1965
0.086642599277978252,1966
0.097472924187725643,1967
0.0,1960
0.014440433212996403,1961
0.29241877256317689,1988
0.31768953068592071,1989
0.595667870036101,2001
1.0,2011
0.94945848375451281,2010
0.71119133574007232,2005
0.11191335740072204,1968
0.12274368231046927,1969
0.3610108303249096,1991
0.34296028880866414,1990
0.39350180505415172,1993
0.37545126353790598,1992
0.4296028880866426,1995
0.40794223826714815,1994
0.48014440433212985,1997
0.45126353790613705,1996
0.54151624548736443,1999
0.50902527075812265,1998
0.13357400722021665,1975
0.15523465703971109,1978
0.12996389891696747,1973
0.12996389891696747,1972
0.12996389891696747,1971
0.12635379061371843,1970
0.62093862815884482,2002
0.14440433212996387,1977
0.56678700361010825,2000
0.75090252707581218,2006
0.79783393501805033,2007
0.67870036101083042,2004
0.16245487364620928,1979
0.84837545126353797,2008
0.89891696750902517,2009
0.30843148425918721,1976
0.8602405090140518,2003
0.031602413692096244,1962
0.048189673457766168,1963
0.26264820272930756,1974
0.50361284236025272,1986
0.52529965992703798,1987
0.46746814641561096,1984
0.48674531758608669,1985
0.43132345047096915,1982
0.4481909752451354,1983
0.39276910813001803,1980
0.41204627930049359,1981
0.0650571982319324,1964
0.081924723006098557,1965
0.1012018941765742,1966
0.11806941895074036,1967
0.0,1960
0.015549107471384493,1961
0.54457683109751354,1988
0.56626364866429857,1989
0.82650545946571963,2001
1.0,2011
0.98072282882952444,2010
0.89397555856238431,2005
0.137346590121216,1968
0.15662376129169156,1969
0.60963728379786886,1991
0.5879504662310836,1990
0.65542056532774839,1993
0.63373374776096336,1992
0.70361349325393741,1995
0.6795170292908429,1994
0.74698712838750747,1997
0.72530031082072244,1996
0.78795111712476817,1999
0.76867394595429261,1998
0.28433502029609259,1975
0.35180511939275727,1978
0.24096138516252241,1973
0.21927456759573735,1972
0.19758775002895232,1971
0.17831057885847668,1970
0.8433729842398856,2002
0.33011830182597224,1977
0.80722828829524373,2000
0.91084308333655051,2006
0.92771060811071637,2007
0.877108033788218,2004
0.37108229056323283,1979
0.94457813288488268,2008
0.96385530405535824,2009
0.80597014925373134,1976
0.0099502487562189157,2003
0.98009950248756228,1962
0.97014925373134342,1963
0.89054726368159209,1974
0.37313432835820898,1986
0.37810945273631846,1987
0.36318407960199006,1984
0.36815920398009955,1985
0.41791044776119413,1982
0.37810945273631846,1983
0.56716417910447758,1980
0.48756218905472654,1981
0.96517412935323399,1964
0.96019900497512445,1965
0.95522388059701513,1966
0.94527363184079616,1967
1.0,1960
0.99004975124378114,1961
0.38805970149253738,1988
0.40298507462686561,1989
0.08955223880597013,2001
0.0099502487562189157,2011
0.014925373134328374,2010
0.0049751243781094578,2005
0.94029850746268662,1968
0.94029850746268662,1969
0.42786069651741304,1991
0.41293532338308453,1990
0.43283582089552236,1993
0.43781094527363196,1992
0.36815920398009955,1995
0.40796019900497521,1994
0.28855721393034833,1997
0.32835820895522388,1996
0.19402985074626874,1999
0.24378109452736321,1998
0.845771144278607,1975
0.71144278606965183,1978
0.92039800995024879,1973
0.94029850746268662,1972
0.94527363184079616,1971
0.94527363184079616,1970
0.044776119402985121,2002
0.76616915422885568,1977
0.14427860696517417,2000
0.0099502487562189157,2006
0.014925373134328374,2007
0.0,2004
0.64179104477611937,1979
0.019900497512437831,2008
0.019900497512437831,2009
0.41740918437285812,1976
0.91775188485263881,2003
0.041124057573680602,1962
0.063742289239204941,1963
0.36257710760795064,1974
0.63673749143248803,1986
0.65729952021932836,1987
0.60932145305003427,1984
0.62302947224126115,1985
0.57505140507196706,1982
0.59561343385880738,1983
0.5476353666895134,1980
0.56134338588074029,1981
0.087731322823851959,1964
0.11240575736806031,1965
0.13913639479095272,1966
0.16723783413296778,1967
0.0,1960
0.019876627827278958,1961
0.67100753941055513,1988
0.69156956819739546,1989
0.90404386566141193,2001
1.0,2011
0.99314599040438656,2010
0.93831391363947914,2005
0.19739547635366689,1968
0.2289239204934887,1969
0.72583961617546267,1991
0.70527758738862234,1990
0.7669636737491432,1993
0.74640164496230299,1992
0.80808773132282385,1995
0.78752570253598353,1994
0.84235777930089106,1997
0.82864976010966418,1996
0.87662782727895816,1999
0.86291980808773128,1998
0.38999314599040441,1975
0.47909527073337904,1978
0.33379026730637423,1973
0.30705962988348184,1972
0.28169979437971215,1971
0.25771076079506511,1970
0.91089787525702537,2002
0.45167923235092527,1977
0.89033584647018504,2000
0.95202193283070591,2006
0.95887594242631935,2007
0.93145990404386569,2004
0.51336531871144619,1979
0.97258396161754623,2008
0.97943797121315967,2009
0.94285714285714306,1976
0.22857142857142879,2003
0.7142857142857143,1962
0.74285714285714277,1963
0.94285714285714306,1974
0.7142857142857143,1986
0.67142857142857137,1987
0.80000000000000016,1984
0.75714285714285723,1985
0.88571428571428557,1982
0.84285714285714264,1983
0.98571428571428554,1980
0.9285714285714286,1981
0.7857142857142857,1964
0.81428571428571417,1965
0.8571428571428571,1966
0.90000000000000013,1967
0.6428571428571429,1960
0.67142857142857137,1961
0.6428571428571429,1988
0.59999999999999987,1989
0.2857142857142857,2001
0.0,2011
0.02857142857142847,2010
0.17142857142857132,2005
0.94285714285714306,1968
0.98571428571428554,1969
0.52857142857142847,1991
0.55714285714285694,1990
0.47142857142857153,1993
0.5,1992
0.42857142857142855,1995
0.45714285714285702,1994
0.38571428571428562,1997
0.41428571428571409,1996
0.34285714285714264,1999
0.35714285714285715,1998
0.94285714285714306,1975
0.95714285714285707,1978
0.95714285714285707,1973
0.97142857142857153,1972
0.98571428571428554,1971
1.0,1970
0.25714285714285723,2002
0.94285714285714306,1977
0.31428571428571417,2000
0.14285714285714285,2006
0.11428571428571439,2007
0.19999999999999979,2004
0.97142857142857153,1979
0.085714285714285923,2008
0.05714285714285694,2009
0.0,1976
1.0,2003
0.05882352941176569,1962
0.0,1963
0.0,1974
0.1176470588235272,1986
0.1176470588235272,1987
0.1176470588235272,1984
0.1176470588235272,1985
0.05882352941176569,1982
0.1176470588235272,1983
0.05882352941176569,1980
0.05882352941176569,1981
0.0,1964
0.0,1965
0.0,1966
0.0,1967
0.05882352941176569,1960
0.05882352941176569,1961
0.05882352941176569,1988
0.1176470588235272,1989
0.9411764705882385,2001
0.88235294117647278,2011
0.88235294117647278,2010
1.0,2005
0.0,1968
0.0,1969
0.23529411764705857,1991
0.17647058823529288,1990
0.5294117647058828,1993
0.41176470588235148,1992
0.76470588235294146,1995
0.70588235294117574,1994
0.88235294117647278,1997
0.88235294117647278,1996
0.88235294117647278,1999
0.88235294117647278,1998
0.0,1975
0.0,1978
0.0,1973
0.0,1972
0.0,1971
0.0,1970
0.9411764705882385,2002
0.0,1977
0.88235294117647278,2000
1.0,2006
1.0,2007
1.0,2004
0.0,1979
0.9411764705882385,2008
0.9411764705882385,2009
1,1976
1,2003
1,1962
1,1963
1,1974
1,1986
1,1987
1,1984
1,1985
1,1982
1,1983
1,1980
1,1981
1,1964
1,1965
1,1966
1,1967
1,1960
1,1961
1,1988
1,1989
1,2001
1,2011
1,2010
1,2005
1,1968
1,1969
1,1991
1,1990
1,1993
1,1992
1,1995
1,1994
1,1997
1,1996
1,1999
1,1998
1,1975
1,1978
1,1973
1,1972
1,1971
1,1970
1,2002
1,1977
1,2000
1,2006
1,2007
1,2004
1,1979
1,2008
1,2009
1,1976
1,2003
1,1962
1,1963
1,1974
1,1986
1,1987
1,1984
1,1985
1,1982
1,1983
1,1980
1,1981
1,1964
1,1965
1,1966
1,1967
1,1960
1,1961
1,1988
1,1989
1,2001
1,2011
1,2010
1,2005
1,1968
1,1969
1,1991
1,1990
1,1993
1,1992
1,1995
1,1994
1,1997
1,1996
1,1999
1,1998
1,1975
1,1978
1,1973
1,1972
1,1971
1,1970
1,2002
1,1977
1,2000
1,2006
1,2007
1,2004
1,1979
1,2008
1,2009
0.57534246575342463,1976
1.0,2003
0.082191780821917804,1962
0.12328767123287671,1963
0.52054794520547942,1974
0.72602739726027399,1986
0.73972602739726023,1987
0.69863013698630139,1984
0.71232876712328763,1985
0.67123287671232879,1982
0.68493150684931503,1983
0.64383561643835618,1980
0.65753424657534243,1981
0.16438356164383561,1964
0.19178082191780821,1965
0.23287671232876711,1966
0.27397260273972601,1967
0.0,1960
0.041095890410958902,1961
0.73972602739726023,1988
0.75342465753424659,1989
1.0,2001
0.9726027397260274,2011
0.9726027397260274,2010
0.98630136986301364,2005
0.30136986301369861,1968
0.34246575342465752,1969
0.79452054794520544,1991
0.76712328767123283,1990
0.83561643835616439,1993
0.82191780821917804,1992
0.87671232876712324,1995
0.86301369863013699,1994
0.93150684931506844,1997
0.90410958904109584,1996
0.9726027397260274,1999
0.95890410958904104,1998
0.54794520547945202,1975
0.61643835616438358,1978
0.47945205479452052,1973
0.45205479452054792,1972
0.41095890410958902,1971
0.36986301369863012,1970
1.0,2002
0.60273972602739723,1977
1.0,2000
0.98630136986301364,2006
0.98630136986301364,2007
1.0,2004
0.63013698630136983,1979
0.98630136986301364,2008
0.98630136986301364,2009
0.53479853479853479,1976
0.087912087912087974,2003
0.94139194139194138,1962
0.90842490842490842,1963
0.58974358974358976,1974
0.31868131868131871,1986
0.30036630036630041,1987
0.35531135531135538,1984
0.33699633699633702,1985
0.39194139194139199,1982
0.37362637362637369,1983
0.43223443223443231,1980
0.4102564102564103,1981
0.879120879120879,1964
0.8498168498168498,1965
0.82051282051282037,1966
0.78754578754578741,1967
1.0,1960
0.97069597069597058,1961
0.2820512820512821,1988
0.2637362637362638,1989
0.11355311355311359,2001
0.0,2011
0.010989010989011014,2010
0.06593406593406595,2005
0.75824175824175821,1968
0.72893772893772879,1969
0.23076923076923075,1991
0.24542124542124549,1990
0.20146520146520144,1993
0.21611721611721615,1992
0.17216117216117224,1995
0.18681318681318684,1994
0.15384615384615394,1997
0.1648351648351648,1996
0.1318681318681319,1999
0.1428571428571429,1998
0.56043956043956056,1975
0.48351648351648352,1978
0.61538461538461542,1973
0.64468864468864462,1972
0.67032967032967039,1971
0.69963369963369959,1970
0.098901098901098994,2002
0.50915750915750901,1977
0.1245421245421246,2000
0.054945054945054937,2006
0.043956043956044057,2007
0.076923076923076969,2004
0.4578754578754578,1979
0.032967032967033037,2008
0.021978021978022028,2009
1,1976
1,2003
1,1962
1,1963
1,1974
1,1986
1,1987
1,1984
1,1985
1,1982
1,1983
1,1980
1,1981
1,1964
1,1965
1,1966
1,1967
1,1960
1,1961
1,1988
1,1989
1,2001
1,2011
1,2010
1,2005
1,1968
1,1969
1,1991
1,1990
1,1993
1,1992
1,1995
1,1994
1,1997
1,1996
1,1999
1,1998
1,1975
1,1978
1,1973
1,1972
1,1971
1,1970
1,2002
1,1977
1,2000
1,2006
1,2007
1,2004
1,1979
1,2008
1,2009
1,1976
1,2003
1,1962
1,1963
1,1974
1,1986
1,1987
1,1984
1,1985
1,1982
1,1983
1,1980
1,1981
1,1964
1,1965
1,1966
1,1967
1,1960
1,1961
1,1988
1,1989
1,2001
1,2011
1,2010
1,2005
1,1968
1,1969
1,1991
1,1990
1,1993
1,1992
1,1995
1,1994
1,1997
1,1996
1,1999
1,1998
1,1975
1,1978
1,1973
1,1972
1,1971
1,1970
1,2002
1,1977
1,2000
1,2006
1,2007
1,2004
1,1979
1,2008
1,2009
1,1976
1,2003
1,1962
1,1963
1,1974
1,1986
1,1987
1,1984
1,1985
1,1982
1,1983
1,1980
1,1981
1,1964
1,1965
1,1966
1,1967
1,1960
1,1961
1,1988
1,1989
1,2001
1,2011
1,2010
1,2005
1,1968
1,1969
1,1991
1,1990
1,1993
1,1992
1,1995
1,1994
1,1997
1,1996
1,1999
1,1998
1,1975
1,1978
1,1973
1,1972
1,1971
1,1970
1,2002
1,1977
1,2000
1,2006
1,2007
1,2004
1,1979
1,2008
1,2009
0.41438356164383572,1976
0.92808219178082207,2003
0.061643835616438512,1962
0.078767123287671395,1963
0.34931506849315058,1974
0.66438356164383572,1986
0.68493150684931536,1987
0.62328767123287665,1984
0.64383561643835641,1985
0.58219178082191814,1982
0.60273972602739745,1983
0.53082191780821952,1980
0.55479452054794509,1981
0.099315068493150652,1964
0.11643835616438353,1965
0.13356164383561642,1966
0.15410958904109592,1967
0.0,1960
0.030821917808219135,1961
0.70205479452054831,1988
0.71917808219178114,1989
0.90410958904109595,2001
1.0,2011
0.99315068493150727,2010
0.94863013698630139,2005
0.17808219178082205,1968
0.20547945205479454,1969
0.75684931506849329,1991
0.73630136986301409,1990
0.79109589041095907,1993
0.77397260273972623,1992
0.82191780821917848,1995
0.80479452054794554,1994
0.85616438356164415,1997
0.83904109589041131,1996
0.88013698630136983,1999
0.8664383561643838,1998
0.38356164383561636,1975
0.47602739726027399,1978
0.31506849315068486,1973
0.28082191780821908,1972
0.25684931506849346,1971
0.22945205479452044,1970
0.91780821917808242,2002
0.4486301369863015,1977
0.89041095890410993,2000
0.95890410958904149,2006
0.96917808219178114,2007
0.93835616438356173,2004
0.50342465753424648,1979
0.97602739726027432,2008
0.98287671232876717,2009
0.27335640138408318,1976
0.89965397923875412,2003
0.055363321799307995,1962
0.072664359861591726,1963
0.23875432525951573,1974
0.51557093425605549,1986
0.54325259515570934,1987
0.45674740484429066,1984
0.48788927335640131,1985
0.40138408304498269,1982
0.42906574394463681,1983
0.35640138408304506,1980
0.38062283737024216,1981
0.086505190311418664,1964
0.10034602076124585,1965
0.11418685121107279,1966
0.12802768166089973,1967
0.0,1960
0.027681660899654122,1961
0.57093425605536319,1988
0.59861591695501704,1989
0.87197231833910027,2001
1.0,2011
0.98961937716262982,2010
0.92733564013840797,2005
0.14532871972318345,1968
0.1591695501730104,1969
0.65397923875432529,1991
0.62629757785467144,1990
0.70934256055363309,1993
0.68166089965397925,1992
0.76816608996539792,1995
0.74048442906574397,1994
0.82352941176470562,1997
0.79584775086505177,1996
0.847750865051903,1999
0.83391003460207624,1998
0.25605536332179946,1975
0.31141868512110721,1978
0.22491349480968853,1973
0.20761245674740481,1972
0.19031141868512108,1971
0.17647058823529413,1970
0.88581314878892747,2002
0.29065743944636691,1977
0.86159169550173009,2000
0.94117647058823517,2006
0.95501730103806237,2007
0.91349480968858132,2004
0.33564013840830453,1979
0.96539792387543255,2008
0.9792387543252592,2009
0.074992560261878782,1976
0.7916873326058923,2003
0.0027775022319214363,1962
0.0043150481103065175,1963
0.05465727606388255,1974
0.17666898125185992,1986
0.18758059716297987,1987
0.15682967959527824,1984
0.1667493304235691,1985
0.13798234302152565,1982
0.14740601130840195,1983
0.11715107628211487,1980
0.12905465727606388,1981
0.006001388751115961,1964
0.0077869259002083125,1965
0.010663624640412657,1966
0.013837912905465728,1967
0.0,1960
0.0013391528618192639,1961
0.20097212578117249,1988
0.22378732268624144,1989
0.66769169725225674,2001
0.96032139668683658,2011
0.97024104751512752,2010
0.95040174585854575,2005
0.017408987203650431,1968
0.02137684753496677,1969
0.28181728003174289,1991
0.24858644975696856,1990
0.36117448665806962,1993
0.31802400555500449,1992
0.41970042654498563,1995
0.4043249677611348,1994
0.44201964090864004,1997
0.42118837416922922,1996
0.52385676024203953,1999
0.47574645372482888,1998
0.064576926892173397,1975
0.097807757166947729,1978
0.046225572859835334,1973
0.038289852197202656,1972
0.031742882650530699,1971
0.025840690407697649,1970
0.72720960222200182,2002
0.086400158714413255,1977
0.59329431604007543,2000
0.97024104751512752,2006
0.97520087292927293,2007
0.88096419006050986,2004
0.11020732070231128,1979
1.0,2008
0.95040174585854575,2009
0.11913275441284978,1976
0.84108065156932854,2003
0.0047108235427663295,1962
0.0073216414098416487,1963
0.090186730234406057,1974
0.23491685112662464,1986
0.24456552585277258,1987
0.21618707077586696,1984
0.22583574550201488,1985
0.196322152222033,1982
0.20710596515125718,1983
0.17305181905897046,1980
0.18780861569896137,1981
0.0095919178159940988,1964
0.012429763323684664,1965
0.018105454339065779,1966
0.023781145354446906,1967
0.0,1960
0.002270276406152451,1961
0.25761961518814913,1988
0.28259265565582609,1989
0.72189114024632495,2001
0.92621601680004539,2011
0.94891878086157,2010
0.98864861796923775,2005
0.030024405471366134,1968
0.036835234689823484,1969
0.34786310233270901,1991
0.31040354163119355,1990
0.43526874396957832,1993
0.38816050854191497,1992
0.49145808502185134,1995
0.48124184119416535,1994
0.50053919064646113,1997
0.48351211760031787,1996
0.57999886486179686,1999
0.52891764572336675,1998
0.10494352687439695,1975
0.15091662409898404,1978
0.077132640899029464,1973
0.064646120665190987,1972
0.053862307735966855,1971
0.04421363300981894,1970
0.77864805040013618,2002
0.13502468925591687,1977
0.64810715704637045,2000
0.99432430898461877,2006
0.98864861796923775,2007
0.92621601680004539,2004
0.16624098984051311,1979
1.0,2008
0.93756739883080753,2009
0.28125,1976
0.84510869565217395,2003
0.02717391304347826,1962
0.042119565217391304,1963
0.2391304347826087,1974
0.48233695652173914,1986
0.50271739130434778,1987
0.44293478260869568,1984
0.46331521739130432,1985
0.40625,1982
0.42391304347826086,1983
0.36820652173913043,1980
0.38722826086956524,1981
0.057065217391304345,1964
0.072010869565217392,1965
0.088315217391304351,1966
0.10461956521739131,1967
0.0,1960
0.01358695652173913,1961
0.52445652173913049,1988
0.54619565217391308,1989
0.80706521739130432,2001
1.0,2011
0.97961956521739135,2010
0.88179347826086951,2005
0.12228260869565218,1968
0.13994565217391305,1969
0.59103260869565222,1991
0.56929347826086951,1990
0.63722826086956519,1993
0.61413043478260865,1992
0.68478260869565222,1995
0.66168478260869568,1994
0.72690217391304346,1997
0.70652173913043481,1996
0.76902173913043481,1999
0.74864130434782605,1998
0.25951086956521741,1975
0.32472826086956524,1978
0.21739130434782608,1973
0.19701086956521738,1972
0.17798913043478262,1971
0.15896739130434784,1970
0.82608695652173914,2002
0.30298913043478259,1977
0.78804347826086951,2000
0.90081521739130432,2006
0.91983695652173914,2007
0.86277173913043481,2004
0.34646739130434784,1979
0.94021739130434778,2008
0.96059782608695654,2009
0.46520146520146538,1976
0.9120879120879124,2003
0.058608058608058664,1962
0.091575091575091583,1963
0.41025641025641041,1974
0.68131868131868167,1986
0.69963369963370003,1987
0.64468864468864506,1984
0.66666666666666685,1985
0.60805860805860845,1982
0.6263736263736267,1983
0.56776556776556786,1980
0.58974358974359009,1981
0.12087912087912105,1964
0.15018315018315026,1965
0.17948717948717971,1966
0.21245421245421264,1967
0.0,1960
0.029304029304029464,1961
0.71794871794871828,1988
0.73626373626373665,1989
0.88644688644688663,2001
1.0,2011
0.98901098901098916,2010
0.93406593406593419,2005
0.24175824175824184,1968
0.27106227106227132,1969
0.76923076923076927,1991
0.75457875457875501,1990
0.79853479853479847,1993
0.78388278388278421,1992
0.82783882783882823,1995
0.81318681318681341,1994
0.84615384615384659,1997
0.8351648351648352,1996
0.86813186813186838,1999
0.85714285714285743,1998
0.43956043956043961,1975
0.51648351648351687,1978
0.38461538461538464,1973
0.35531135531135544,1972
0.32967032967032972,1971
0.30036630036630052,1970
0.90109890109890145,2002
0.4908424908424911,1977
0.87545787545787579,2000
0.94505494505494503,2006
0.95604395604395642,2007
0.92307692307692324,2004
0.54212454212454209,1979
0.96703296703296737,2008
0.97802197802197821,2009
0.72923076923076935,1976
0.018461538461538411,2003
0.98461538461538467,1962
0.97230769230769232,1963
0.80615384615384611,1974
0.33538461538461539,1986
0.33538461538461539,1987
0.34153846153846157,1984
0.34461538461538471,1985
0.38153846153846149,1982
0.35384615384615387,1983
0.56615384615384623,1980
0.42461538461538462,1981
0.96000000000000008,1964
0.95076923076923103,1965
0.92615384615384633,1966
0.91384615384615409,1967
1.0,1960
0.99692307692307702,1961
0.33846153846153854,1988
0.34769230769230769,1989
0.070769230769230779,2001
0.0,2011
0.012307692307692252,2010
0.012307692307692252,2005
0.90461538461538471,1968
0.90153846153846173,1969
0.31692307692307692,1991
0.35384615384615387,1990
0.31692307692307692,1993
0.32000000000000006,1992
0.27384615384615391,1995
0.29846153846153844,1994
0.17538461538461536,1997
0.20000000000000001,1996
0.11692307692307691,1999
0.14769230769230771,1998
0.77538461538461545,1975
0.66461538461538461,1978
0.83076923076923082,1973
0.84615384615384615,1972
0.85538461538461541,1971
0.89538461538461545,1970
0.039999999999999973,2002
0.70153846153846156,1977
0.08307692307692309,2000
0.012307692307692252,2006
0.015384615384615332,2007
0.012307692307692252,2004
0.61846153846153851,1979
0.015384615384615332,2008
0.015384615384615332,2009
