0.043270439186483566,1976
0.071698112174105808,2003
1.2517656622740439e-08,1962
4.6583544962551422e-08,1963
0.020440250481822353,1974
0.09308175999665351,1986
0.037987420312677662,1987
0.11949685436568301,1984
0.13144653991357733,1985
0.17044025064881135,1982
0.11257861536427052,1983
0.084905659358620558,1980
0.16163521919246818,1981
1.6578565558582042e-07,1964
5.8289332171054701e-07,1965
2.04242121270645e-06,1966
7.1495478297127643e-06,1967
0.0,1960
2.782218699952679e-09,1961
0.056289307125505256,1988
0.078616351175518295,1989
0.12893081664033643,2001
0.91194968543656829,2011
0.72955974812660263,2010
0.27295597403337823,2005
2.5020218516274134e-05,1968
8.7552615831171978e-05,1969
0.11132075372765007,1991
0.11509433863751144,1990
0.078616351175518295,1993
0.10503144554454781,1992
0.098742137361445548,1995
0.074842766265656946,1994
0.062075470653959339,1997
0.10503144554454781,1996
0.025220124700980073,1999
0.039245281949298119,1998
0.037610061821691528,1975
0.055723269389026053,1978
0.00088679134055741045,1973
0.0037511739116707415,1972
0.0010720194143485232,1971
0.00030636369355904237,1970
0.076729558720587621,2002
0.050377357433389128,1977
0.038867923458311984,2000
0.27924528221648054,2006
0.43333333270248597,2007
0.32704402440805774,2004
0.050377357433389128,1979
1.0,2008
0.45849056543489503,2009
0.01195892741135497,1976
0.093966774980851916,2003
0.014291447772307793,1962
0.012159589948951902,1963
0.037657643280726738,1974
0.13255870324885047,1986
0.18255279214148498,1987
0.028360496925254358,1984
0.12466489973948713,1985
0.17992152430503053,1982
0.24044068454348283,1983
0.45971300424802014,1980
0.2702617200232999,1981
0.010225814170054831,1964
0.0084717155941898704,1965
0.0068805994672098813,1966
0.0054373222550662568,1967
0.019232648280746764,1960
0.016641677723557798,1961
0.16413391728630383,1988
0.12905034613357788,1989
0.026606318367618061,2001
1.0,2011
0.82984467990927901,2010
0.19658622060257536,2005
0.0041281474591023546,1968
0.0029406149297509657,1969
0.082564614356215982,1991
0.11063147127839675,1990
0.059584875251180475,1993
0.055374846712853358,1992
0.055199428857089727,1995
0.081687525077397835,1994
0.033447614742399621,1997
0.061953016303989479,1996
0.01608124702180027,1999
0.024413595170572688,1998
0.013713105968991269,1975
0.0099416220700732274,1978
0.0073980631615005957,1973
0.0,1972
0.00088631715529364867,1971
0.0018634222402093496,1970
0.058006114549307805,2002
0.015730411310273012,1977
0.028535914781017989,2000
0.34130595160756999,2006
0.41147309391302189,2007
0.12729616757594159,2004
0.12466489973948713,1979
0.6254828779446503,2008
0.53689686078401722,2009
0.73659673659673641,1976
0.37062937062937074,2003
0.28438228438228441,1962
0.26340326340326331,1963
0.64335664335664311,1974
0.99067599067599055,1986
1.0,1987
0.97435897435897412,1984
0.9813519813519811,1985
0.9580419580419578,1982
0.965034965034965,1983
0.8881118881118879,1980
0.9230769230769228,1981
0.24475524475524471,1964
0.22377622377622378,1965
0.20512820512820504,1966
0.1841491841491841,1967
0.29370629370629353,1960
0.28904428904428914,1961
0.9766899766899767,1988
0.95571095571095555,1989
0.47086247086247085,2001
0.0,2011
0.039627039627039687,2010
0.26340326340326331,2005
0.25874125874125875,1968
0.33100233100233101,1969
0.91375291375291368,1991
0.9347319347319345,1990
0.84615384615384592,1993
0.89277389277389263,1992
0.75058275058275059,1995
0.79720279720279719,1994
0.65501165501165481,1997
0.70163170163170141,1996
0.56177156177156151,1999
0.60839160839160822,1998
0.68997668997668971,1975
0.8181818181818179,1978
0.59673659673659651,1973
0.55011655011654992,1972
0.47785547785547777,1971
0.40559440559440568,1970
0.42424242424242425,2002
0.78321678321678301,1977
0.5174825174825175,2000
0.20979020979020976,2006
0.15617715617715622,2007
0.31701631701631683,2004
0.8531468531468529,1979
0.11655011655011653,2008
0.076923076923076844,2009
0.91856677524429964,1976
0.04234527687296407,2003
0.94462540716612364,1962
0.96742671009771986,1963
0.93485342019543971,1974
0.74592833876221465,1986
0.71986970684039064,1987
0.79153094462540696,1984
0.76872964169381086,1985
0.84039087947882718,1982
0.81758957654723097,1983
0.87947882736156346,1980
0.85993485342019504,1981
0.98697068403908772,1964
0.99674267100977176,1965
1.0,1966
0.99674267100977176,1967
0.89576547231270354,1960
0.92182410423452754,1961
0.69381107491856664,1988
0.66123778501628649,1989
0.08469055374592814,2001
0.0,2011
0.0,2010
0.019543973941367893,2005
0.99022801302931562,1968
0.98045602605863169,1969
0.57654723127035834,1991
0.62214983713355021,1990
0.47557003257328967,1993
0.52768729641693812,1992
0.36807817589576536,1995
0.42345276872964166,1994
0.25732899022801298,1997
0.31270358306188906,1996
0.15635179153094453,1999
0.20195439739413665,1998
0.92833876221498368,1975
0.90228013029315957,1978
0.94462540716612364,1973
0.95439739413680769,1972
0.96416938110749162,1971
0.97068403908794765,1970
0.061889250814332199,2002
0.91205211726384361,1977
0.11726384364820827,2000
0.013029315960912004,2006
0.0065146579804558867,2007
0.029315960912052068,2004
0.89250814332247519,1979
0.0032573289902278276,2008
0.0,2009
0.17013888888888892,1976
0.27430555555555547,2003
0.63541666666666652,1962
0.65624999999999967,1963
0.21527777777777776,1974
0.062499999999999882,1986
0.062499999999999882,1987
0.069444444444444489,1984
0.065972222222222029,1985
0.076388888888888784,1982
0.07291666666666663,1983
0.093749999999999833,1980
0.083333333333333384,1981
0.66319444444444431,1964
0.64236111111111083,1965
0.60069444444444409,1966
0.54166666666666641,1967
0.57986111111111094,1960
0.60763888888888873,1961
0.059027777777777735,1988
0.062499999999999882,1989
0.083333333333333384,2001
1.0,2011
0.93749999999999944,2010
0.48958333333333326,2005
0.46874999999999972,1968
0.40277777777777773,1969
0.07291666666666663,1991
0.065972222222222029,1990
0.10069444444444443,1993
0.086805555555555539,1992
0.093749999999999833,1995
0.10069444444444443,1994
0.034722222222222092,1997
0.069444444444444489,1996
0.0,1999
0.0069444444444442949,1998
0.1909722222222221,1975
0.12500000000000008,1978
0.23958333333333309,1973
0.26736111111111088,1972
0.30208333333333331,1971
0.34375,1970
0.17013888888888892,2002
0.14583333333333326,1977
0.024305555555555646,2000
0.59027777777777768,2006
0.68749999999999967,2007
0.3819444444444442,2004
0.10763888888888873,1979
0.78124999999999978,2008
0.86458333333333315,2009
0.95924764890282099,1976
0.10658307210031341,2003
0.94357366771159845,1962
0.96238244514106575,1963
0.97178683385579923,1974
0.79937304075235094,1986
0.77742946708463923,1987
0.84639498432601867,1984
0.82445141065830696,1985
0.89028213166144199,1982
0.86833855799373039,1983
0.9278996865203758,1980
0.90909090909090895,1981
0.97805642633228829,1964
0.99059561128526608,1965
0.99686520376175525,1966
1.0,1967
0.89968652037617547,1960
0.92163009404388718,1961
0.7523510971786832,1988
0.72100313479623812,1989
0.16300940438871481,2001
0.0,2011
0.0062695924764891164,2010
0.065830721003134834,2005
1.0,1968
0.99686520376175525,1969
0.639498432601881,1991
0.68338557993730387,1990
0.53918495297805646,1993
0.58934169278996851,1992
0.43573667711598735,1995
0.48902821316614414,1994
0.33542319749216304,1997
0.38557993730407508,1996
0.23824451410658307,1999
0.28526645768025077,1998
0.96551724137931005,1975
0.9467084639498432,1978
0.97805642633228829,1973
0.98432601880877746,1972
0.99059561128526608,1971
0.99373040752351094,1970
0.13479623824451401,2002
0.95297805642633227,1977
0.20062695924764881,2000
0.0470219435736677,2006
0.034482758620689696,2007
0.084639498432601962,2004
0.94043887147335403,1979
0.021943573667711685,2008
0.012539184952978009,2009
0.74509803921568618,1976
0.10294117647058812,2003
0.96568627450980382,1962
0.94607843137254899,1963
0.77941176470588236,1974
0.52941176470588236,1986
0.49509803921568613,1987
0.58333333333333337,1984
0.55882352941176472,1985
0.62745098039215685,1982
0.60784313725490202,1983
0.66666666666666652,1980
0.64705882352941169,1981
0.92156862745098034,1964
0.89705882352941169,1965
0.87254901960784303,1966
0.84803921568627449,1967
1.0,1960
0.98529411764705865,1961
0.46078431372549006,1988
0.42647058823529405,1989
0.12254901960784312,2001
0.0,2011
0.0098039215686274144,2010
0.073529411764705871,2005
0.83333333333333304,1968
0.81862745098039202,1969
0.35294117647058815,1991
0.39215686274509798,1990
0.28431372549019607,1993
0.31862745098039214,1992
0.22549019607843124,1995
0.25490196078431365,1994
0.18137254901960778,1997
0.20098039215686261,1996
0.14705882352941174,1999
0.16176470588235295,1998
0.75980392156862719,1975
0.70588235294117652,1978
0.78921568627450966,1973
0.79901960784313719,1972
0.8088235294117645,1971
0.8137254901960782,1970
0.11274509803921572,2002
0.72549019607843135,1977
0.13725490196078433,2000
0.058823529411764663,2006
0.049019607843137247,2007
0.088235294117647078,2004
0.68627450980392135,1979
0.03431372549019604,2008
0.024509803921568624,2009
0.37481307045836287,1976
0.81095859581894347,2003
0.018740082725901157,1962
0.068295936536221027,1963
0.46933377254889119,1974
0.5111929406175536,1986
0.59221068526657794,1987
0.40181898534137095,1984
0.49633968743189927,1985
0.51389353210585453,1982
0.27624148113538327,1983
0.53279767252396026,1980
0.72994085116991925,1981
0.029137359955859313,1964
0.037239134420761759,1965
0.088550372698477098,1966
0.33565449387800106,1967
0.0,1960
0.0092880125168483835,1961
0.63406985333524057,1988
0.73939292137897206,1989
0.74344380861142323,2001
0.87847338302646361,2011
0.86497042558495951,2010
0.90547929790947168,2005
0.15471486416184688,1968
0.18712196202145659,1969
0.62461778312618765,1991
0.60571364270808192,1990
0.55440240443036659,1993
0.32215153643649702,1992
0.46123199808398863,1995
0.69888404905445989,1994
0.75829706179707768,1997
0.76234794902952896,1996
0.76099765328537849,1999
0.66647695119485018,1998
0.39776809810891978,1975
0.50309116615265126,1978
0.17766989181240381,1973
0.38696573215571639,1972
0.3329539023897003,1971
0.17091841309165179,1970
0.86497042558495951,2002
0.43962726617758224,1977
0.86497042558495951,2000
0.74074321712312241,2006
0.73129114691406949,2007
0.83796451070195155,2004
0.44367815341003342,1979
1.0,2008
0.8919763404679677,2009
0.46506550218340609,1976
0.65065502183406121,2003
0.93449781659388631,1962
0.90174672489082985,1963
0.53056768558951961,1974
0.10698689956331882,1986
0.078602620087336317,1987
0.1692139737991267,1984
0.13755458515283842,1985
0.23580786026200876,1982
0.20414847161572064,1983
0.31222707423580781,1980
0.27947598253275113,1981
0.86899563318777295,1964
0.83624454148471616,1965
0.80349344978165926,1966
0.75982532751091714,1967
1.0,1960
0.9672489082969431,1961
0.052401746724890876,1988
0.029475982532751046,1989
0.50873362445414849,2001
0.61790393013100442,2011
0.66157205240174677,2010
0.74890829694323136,2005
0.72707423580786024,1968
0.69432314410480345,1969
0.0021834061135371681,1991
0.013100436681222719,1990
0.0076419213973799435,1993
0.0,1992
0.058951965065502286,1995
0.026200873362445438,1994
0.17030567685589526,1997
0.10698689956331882,1996
0.3340611353711791,1999
0.24672489082969429,1998
0.49781659388646293,1975
0.38864628820960706,1978
0.5633187772925764,1973
0.5960698689956333,1972
0.62882096069868987,1971
0.66157205240174677,1970
0.58515283842794752,2002
0.43231441048034941,1977
0.42139737991266368,2000
0.75982532751091714,2006
0.74890829694323136,2007
0.70524017467248912,2004
0.35589519650655022,1979
0.7379912663755458,2008
0.70524017467248912,2009
0.72922252010723865,1976
0.08579088471849862,2003
0.98123324396782829,1962
0.96782841823056298,1963
0.77747989276139406,1974
0.46648793565683638,1986
0.43163538873994634,1987
0.52546916890080442,1984
0.49597855227882043,1985
0.57908847184986589,1982
0.55227882037533516,1983
0.63002680965147451,1980
0.60589812332439685,1981
0.94906166219839161,1964
0.9302949061662199,1965
0.9115281501340482,1966
0.8927613941018766,1967
1.0,1960
0.99195710455764063,1961
0.39678284182305629,1988
0.36193029490616624,1989
0.10455764075067027,2001
0.0,2011
0.0080428954423593154,2010
0.064343163538874051,2005
0.87399463806970512,1968
0.8579088471849865,1969
0.29222520107238603,1991
0.32707774798927619,1990
0.23056300268096511,1993
0.26005361930294912,1992
0.17962466487935655,1995
0.20375335120643437,1994
0.1447721179624665,1997
0.16085790884718501,1996
0.12332439678284181,1999
0.13404825737265416,1998
0.75335120643431641,1975
0.67828418230562992,1978
0.79892761394101874,1973
0.81501340482573736,1972
0.83109919571045576,1971
0.84450402144772119,1970
0.096514745308310959,2002
0.70241286863270769,1977
0.11528150134048262,2000
0.050938337801608564,2006
0.037533512064343195,2007
0.075067024128686391,2004
0.65415549597855227,1979
0.026809651474530856,2008
0.016085790884718513,2009
0.27074404752350439,1976
0.71237025260089359,2003
0.021167970244899203,1962
0.037840314010068585,1963
0.29365261147564559,1974
0.37892337729750464,1986
0.42983129719115182,1987
0.32801545740385746,1984
0.38146877329218704,1985
0.38401416928686927,1982
0.25674436955275143,1983
0.38401416928686927,1980
0.46928493510872826,1981
0.036567616012727393,1964
0.064566971954233374,1965
0.082384743917009853,1966
0.20965454365112776,1967
0.0,1960
0.010477307067233255,1961
0.44510367315924598,1988
0.49855698904757534,1989
0.6194632987949874,2001
0.96181906007976459,2011
0.97454604005317647,2010
0.78364134045199951,2005
0.11165679785585703,1968
0.14474694578672762,1969
0.51255666701832847,1991
0.49601159305289316,1990
0.47819382109011654,1993
0.36492369932675156,1992
0.38910496127623406,1995
0.54437411695185789,1994
0.58382775486943439,1997
0.56219188891463434,1996
0.57491886888804611,1999
0.50873857302630499,1998
0.27456214151552794,1975
0.36110560533472807,1978
0.14729234178141001,1973
0.2694713495261632,1972
0.21983612762985724,1971
0.11547489184788053,1970
0.72000644058494057,2002
0.31401577943310438,1977
0.7047340646168464,2000
0.74800579652644661,2006
0.78364134045199951,2007
0.73909691054505833,2004
0.34710592736397516,1979
1.0,2008
0.94909208010635282,2009
1,1976
1,2003
1,1962
1,1963
1,1974
1,1986
1,1987
1,1984
1,1985
1,1982
1,1983
1,1980
1,1981
1,1964
1,1965
1,1966
1,1967
1,1960
1,1961
1,1988
1,1989
1,2001
1,2011
1,2010
1,2005
1,1968
1,1969
1,1991
1,1990
1,1993
1,1992
1,1995
1,1994
1,1997
1,1996
1,1999
1,1998
1,1975
1,1978
1,1973
1,1972
1,1971
1,1970
1,2002
1,1977
1,2000
1,2006
1,2007
1,2004
1,1979
1,2008
1,2009
0.47712418300653631,1976
0.21568627450980424,2003
0.065359477124183024,1962
0.098039215686274522,1963
0.4183006535947717,1974
0.87581699346405284,1986
0.90849673202614434,1987
0.79738562091503307,1984
0.83660130718954295,1985
0.71241830065359524,1982
0.75163398692810468,1983
0.62745098039215708,1980
0.66666666666666696,1981
0.13071895424836605,1964
0.16339869281045755,1965
0.19607843137254904,1966
0.22875816993464057,1967
0.0,1960
0.032679738562091512,1961
0.94117647058823584,1988
0.9673202614379085,1989
0.37254901960784337,2001
0.4183006535947717,2011
0.34640522875817026,2010
0.13725490196078444,2005
0.25490196078431415,1968
0.28104575163398726,1969
1.0,1991
0.98692810457516411,1990
0.98039215686274528,1993
1.0,1992
0.91503267973856228,1995
0.95424836601307261,1994
0.77124183006535985,1997
0.84967320261437929,1996
0.57516339869281086,1999
0.67973856209150374,1998
0.44444444444444481,1975
0.54901960784313775,1978
0.39215686274509809,1973
0.36601307189542498,1972
0.33986928104575187,1971
0.31372549019607876,1970
0.28758169934640565,2002
0.50980392156862786,1977
0.47058823529411792,2000
0.13725490196078444,2006
0.16339869281045755,2007
0.16339869281045755,2004
0.58823529411764719,1979
0.21568627450980424,2008
0.28104575163398726,2009
0.40869565217391329,1976
0.33043478260869602,2003
0.052173913043478383,1962
0.078260869565217883,1963
0.35652173913043489,1974
0.83478260869565235,1986
0.87826086956521754,1987
0.74782608695652186,1984
0.79130434782608705,1985
0.65217391304347827,1982
0.70434782608695667,1983
0.55652173913043523,1980
0.60869565217391308,1981
0.10434782608695677,1964
0.13043478260869565,1965
0.15652173913043516,1966
0.18260869565217402,1967
0.0,1960
0.0260869565217395,1961
0.91304347826086951,1988
0.94782608695652226,1989
0.46956521739130486,2001
0.53913043478260891,2011
0.46956521739130486,2010
0.2608695652173913,2005
0.20869565217391353,1968
0.23478260869565243,1969
0.99130434782608745,1991
0.97391304347826113,1990
0.99130434782608745,1993
1.0,1992
0.94782608695652226,1995
0.97391304347826113,1994
0.82608695652173914,1997
0.89565217391304386,1996
0.65217391304347827,1999
0.73913043478260865,1998
0.38260869565217442,1975
0.47826086956521741,1978
0.33043478260869602,1973
0.30434782608695654,1972
0.27826086956521762,1971
0.2608695652173913,1970
0.39130434782608697,2002
0.44347826086956532,1977
0.55652173913043523,2000
0.26956521739130446,2006
0.29565217391304399,2007
0.27826086956521762,2004
0.51304347826087005,1979
0.34782608695652173,2008
0.40869565217391329,2009
0.45112781954887227,1976
0.26315789473684215,2003
0.060150375939849426,1962
0.090225563909774667,1963
0.39097744360902287,1974
0.85714285714285721,1986
0.90225563909774453,1987
0.78195488721804518,1984
0.81954887218045125,1985
0.69172932330827108,1982
0.73684210526315785,1983
0.60150375939849632,1980
0.64661654135338376,1981
0.12030075187969938,1964
0.15037593984962408,1965
0.18045112781954881,1966
0.20300751879699275,1967
0.0,1960
0.030075187969924713,1961
0.93233082706766923,1988
0.96240601503759393,1989
0.42105263157894757,2001
0.47368421052631565,2011
0.40601503759398494,2010
0.19548872180451143,2005
0.23308270676691745,1968
0.26315789473684215,1969
1.0,1991
0.98496240601503793,1990
0.99248120300751919,1993
1.0,1992
0.93233082706766923,1995
0.9699248120300753,1994
0.79699248120300781,1997
0.87218045112781983,1996
0.61654135338345895,1999
0.70676691729323315,1998
0.42105263157894757,1975
0.51879699248120303,1978
0.36842105263157893,1973
0.33834586466165423,1972
0.31578947368421079,1971
0.29323308270676685,1970
0.33082706766917291,2002
0.48120300751879697,1977
0.51127819548872167,2000
0.19548872180451143,2006
0.22556390977443613,2007
0.21804511278195482,2004
0.55639097744360899,1979
0.27067669172932346,2008
0.33834586466165423,2009
0.17403207632661538,1976
0.53003247586151647,2003
0.014243118119531004,1962
0.0024939300160689197,1963
0.12351056748172837,1974
0.262150987102581,1986
0.27390017520604309,1987
0.30092330784400584,1984
0.31032265832677547,1985
0.26920049996465822,1982
0.29152395736123621,1983
0.2410024485163493,1980
0.19870537134388569,1981
0.028342143843685455,1964
0.081213490309264835,1965
0.0882630031713421,1966
0.067114464585110389,1967
0.0,1960
0.0070761133764191391,1961
0.262150987102581,1988
0.27390017520604309,1989
0.45483767199935909,2001
0.97650162379307581,2011
1.0,2010
0.60875203615471252,2005
0.083563327929957285,1968
0.12468548629207458,1969
0.40079140672343361,1991
0.39021713743031766,1990
0.39844156910274114,1993
0.41489043244758811,1992
0.32089692761989141,1995
0.37024351765443225,1994
0.36319400479235486,1997
0.31854708999919901,1996
0.37494319289581696,1999
0.34322038501646929,1998
0.16228288822315329,1975
0.21867899111977127,1978
0.13056008034380562,1973
0.14348418725761394,1972
0.097662353654111828,1971
0.095312516033419378,1970
0.49713474917182271,2002
0.19400569610250087,1977
0.50300934322355373,2000
0.69452110930998567,2006
0.77676542603422039,2007
0.56997971541328762,2004
0.26332590591292715,1979
0.90600649517230336,2008
0.9177556832757654,2009
0.0,1976
0.26406249999999998,2003
0.0,1962
0.0,1963
0.0,1974
0.0,1986
0.0,1987
0.0,1984
0.0,1985
0.0,1982
0.0,1983
0.0,1980
0.0,1981
0.0,1964
0.0,1965
0.0,1966
0.0,1967
0.0,1960
0.0,1961
0.0,1988
6.21875e-05,1989
0.16875000000000001,2001
1.0,2011
0.78749999999999998,2010
0.53125,2005
0.0,1968
0.0,1969
0.00011093750000000001,1991
8.8750000000000002e-05,1990
0.00062500000000000001,1993
0.00019531250000000001,1992
0.0083593750000000005,1995
0.0053125000000000004,1994
0.028750000000000001,1997
0.014890624999999999,1996
0.081093750000000006,1999
0.052187499999999998,1998
0.0,1975
0.0,1978
0.0,1973
0.0,1972
0.0,1971
0.0,1970
0.21406249999999999,2002
0.0,1977
0.1303125,2000
0.62031250000000004,2006
0.66093749999999996,2007
0.32500000000000001,2004
0.0,1979
0.703125,2008
0.72499999999999998,2009
0.0,1976
0.2850393700787402,2003
0.0,1962
0.0,1963
0.0,1974
0.0,1986
0.0,1987
0.0,1984
0.0,1985
0.0,1982
0.0,1983
0.0,1980
0.0,1981
0.0,1964
0.0,1965
0.0,1966
0.0,1967
0.0,1960
0.0,1961
0.0,1988
8.7401574803149616e-05,1989
0.18740157480314962,2001
1.0,2011
0.78740157480314965,2010
0.55984251968503929,2005
0.0,1968
0.0,1969
0.00014803149606299214,1991
0.00012125984251968504,1990
0.00079527559055118111,1993
0.00025511811023622047,1992
0.01015748031496063,1995
0.0066062992125984253,1994
0.033700787401574804,1997
0.01779527559055118,1996
0.092913385826771652,1999
0.060393700787401576,1998
0.0,1975
0.0,1978
0.0,1973
0.0,1972
0.0,1971
0.0,1970
0.23464566929133859,2002
0.0,1977
0.14645669291338584,2000
0.64645669291338581,2006
0.68188976377952748,2007
0.34724409448818899,2004
0.0,1979
0.71811023622047243,2008
0.73464566929133857,2009
0.23795180722891565,1976
0.86445783132530118,2003
0.03313253012048193,1962
0.045180722891566265,1963
0.20481927710843373,1974
0.44277108433734941,1986
0.46686746987951805,1987
0.39457831325301207,1984
0.41867469879518071,1985
0.3493975903614458,1982
0.37048192771084337,1983
0.30722891566265059,1980
0.32831325301204817,1981
0.060240963855421686,1964
0.072289156626506021,1965
0.087349397590361449,1966
0.099397590361445784,1967
0.0,1960
0.015060240963855422,1961
0.49096385542168675,1988
0.51506024096385539,1989
0.82831325301204817,2001
1.0,2011
0.98192771084337349,2010
0.89759036144578308,2005
0.1144578313253012,1968
0.12650602409638553,1969
0.55722891566265065,1991
0.53614457831325302,1990
0.60542168674698793,1993
0.58132530120481929,1992
0.65361445783132532,1995
0.62951807228915657,1994
0.70783132530120485,1997
0.68072289156626509,1996
0.76807228915662651,1999
0.73795180722891562,1998
0.21987951807228914,1975
0.27108433734939757,1978
0.18975903614457831,1973
0.1716867469879518,1972
0.15662650602409639,1971
0.14156626506024098,1970
0.84638554216867468,2002
0.25301204819277107,1977
0.8012048192771084,2000
0.91265060240963858,2006
0.93072289156626509,2007
0.88253012048192769,2004
0.28614457831325302,1979
0.94578313253012047,2008
0.96084337349397586,2009
0.97599999999999965,1976
0.16,2003
0.94399999999999973,1962
0.95999999999999996,1963
0.98399999999999976,1974
0.84800000000000009,1986
0.83199999999999985,1987
0.88800000000000012,1984
0.87199999999999989,1985
0.92800000000000016,1982
0.91199999999999992,1983
0.95199999999999985,1980
0.94399999999999973,1981
0.96800000000000008,1964
0.97599999999999965,1965
0.98399999999999976,1966
0.99199999999999988,1967
0.9039999999999998,1960
0.92800000000000016,1961
0.80800000000000016,1988
0.78399999999999981,1989
0.23199999999999987,2001
0.0,2011
0.0079999999999998302,2010
0.095999999999999946,2005
0.99199999999999988,1968
1.0,1969
0.70399999999999974,1991
0.74399999999999977,1990
0.61599999999999966,1993
0.66399999999999981,1992
0.5119999999999999,1995
0.56000000000000005,1994
0.41599999999999965,1997
0.46399999999999975,1996
0.31199999999999989,1999
0.35999999999999999,1998
0.98399999999999976,1975
0.96800000000000008,1978
0.99199999999999988,1973
0.99199999999999988,1972
0.99199999999999988,1971
1.0,1970
0.19199999999999989,2002
0.97599999999999965,1977
0.27199999999999991,2000
0.071999999999999884,2006
0.055999999999999946,2007
0.12799999999999984,2004
0.96800000000000008,1979
0.03199999999999989,2008
0.023999999999999772,2009
0.073394495412843833,1976
0.94495412844036741,2003
0.04587155963302756,1962
0.027522935779816276,1963
0.055045871559632552,1974
0.22018348623853215,1986
0.24770642201834842,1987
0.18348623853211024,1984
0.20183486238532086,1985
0.13761467889908269,1982
0.15596330275229331,1983
0.10091743119266011,1980
0.11926605504587139,1981
0.018348623853210632,1964
0.0091743119266049899,1965
0.0,1966
0.0091743119266049899,1967
0.09174311926605512,1960
0.073394495412843833,1961
0.2660550458715597,1988
0.30275229357798161,1989
0.89908256880733994,2001
1.0,2011
1.0,2010
0.97247706422018376,2005
0.0091743119266049899,1968
0.018348623853210632,1969
0.37614678899082549,1991
0.33944954128440352,1990
0.47706422018348621,1993
0.42201834862385301,1992
0.58715596330275266,1995
0.53211009174311941,1994
0.70642201834862406,1997
0.6422018348623858,1996
0.81651376146789045,1999
0.7614678899082572,1998
0.064220183486238189,1975
0.082568807339449476,1978
0.04587155963302756,1973
0.04587155963302756,1972
0.036697247706421916,1971
0.027522935779816276,1970
0.92660550458715618,2002
0.073394495412843833,1977
0.86238532110091792,2000
0.98165137614678999,2006
0.99082568807339499,2007
0.96330275229357876,2004
0.09174311926605512,1979
0.99082568807339499,2008
1.0,2009
0.04888888888888903,1976
0.37777777777777782,2003
0.36888888888888893,1962
0.37777777777777782,1963
0.075555555555555529,1974
0.013333333333333443,1986
0.017777777777777795,1987
0.0044444444444445468,1984
0.0088888888888888976,1985
0.0,1982
0.0044444444444445468,1983
0.0044444444444445468,1980
0.0,1981
0.37333333333333346,1964
0.36000000000000004,1965
0.32888888888888901,1966
0.28888888888888903,1967
0.34666666666666679,1960
0.35555555555555568,1961
0.022222222222222341,1988
0.031111111111111239,1989
0.20888888888888898,2001
1.0,2011
0.95111111111111135,2010
0.568888888888889,2005
0.24000000000000002,1968
0.19555555555555554,1969
0.062222222222222276,1991
0.044444444444444481,1990
0.1111111111111111,1993
0.088888888888888962,1992
0.13333333333333344,1995
0.12444444444444455,1994
0.12000000000000001,1997
0.12888888888888891,1996
0.12000000000000001,1999
0.1111111111111111,1998
0.062222222222222276,1975
0.022222222222222341,1978
0.088888888888888962,1973
0.10666666666666676,1972
0.12888888888888891,1971
0.16000000000000014,1970
0.28888888888888903,2002
0.03555555555555559,1977
0.15111111111111125,2000
0.65333333333333321,2006
0.73777777777777787,2007
0.47555555555555568,2004
0.013333333333333443,1979
0.81777777777777771,2008
0.88888888888888884,2009
0.23475464211235042,1976
0.86452594142658823,2003
0.030330776932477922,1962
0.044358667901069189,1963
0.20180149272962861,1974
0.4434579215362548,1986
0.46542668779140267,1987
0.3921974669409099,1984
0.41782769423858235,1985
0.34825993443061415,1982
0.37022870068576202,1983
0.30432240192031851,1980
0.32629116817546638,1981
0.059004512071167754,1964
0.069988895198741699,1965
0.084634739368840195,1966
0.09928058353893883,1967
0.0,1960
0.0149531776902094,1961
0.49105691508907512,1988
0.51302568134422288,1989
0.82791133100134184,2001
1.0,2011
0.98169269478737686,2010
0.89747909080930999,2005
0.11026496666651264,1968
0.12491081083661128,1969
0.55696321385451864,1991
0.53499444759937076,1990
0.6045622074073389,1993
0.5789319801096664,1992
0.65216120096015939,1995
0.63019243470501152,1994
0.70708311659802892,1997
0.6814528893003563,1996
0.76932795432094758,1999
0.73637480493822594,1998
0.2201087979422518,1975
0.26770779149507212,1978
0.1871556485595301,1973
0.17250980438943159,1972
0.15420249917680842,1971
0.13955665500670977,1970
0.84621863621396509,2002
0.25306194732497361,1977
0.80228110370366934,2000
0.9121249349794085,2006
0.93043224019203163,2007
0.88283324663921148,2004
0.28601509670769532,1979
0.94507808436213048,2008
0.96338538957475361,2009
0.52912621359223311,1976
0.097087378640776698,2003
0.83980582524271852,1962
0.71844660194174759,1963
0.56310679611650494,1974
0.72330097087378653,1986
0.69417475728155353,1987
0.73786407766990292,1984
0.74271844660194186,1985
0.69902912621359226,1982
0.72330097087378653,1983
0.61165048543689338,1980
0.6601941747572817,1981
0.63106796116504871,1964
0.5728155339805826,1965
0.53883495145631088,1966
0.51941747572815544,1967
0.67475728155339809,1960
1.0,1961
0.64077669902912637,1988
0.56310679611650494,1989
0.47572815533980578,2001
0.053398058252427133,2011
0.13592233009708743,2010
0.033980582524271774,2005
0.5145631067961165,1968
0.52427184466019416,1969
0.48058252427184472,1991
0.47087378640776706,1990
0.50485436893203883,1993
0.49514563106796117,1992
0.52912621359223311,1995
0.51941747572815544,1994
0.59223300970873793,1997
0.56310679611650494,1996
0.65048543689320404,1999
0.62135922330097104,1998
0.54854368932038855,1975
0.50485436893203883,1978
0.57766990291262132,1973
0.59223300970873793,1972
0.6019417475728156,1971
0.53398058252427183,1970
0.15048543689320382,2002
0.50000000000000011,1977
0.68446601941747587,2000
0.024271844660194202,2006
0.014563106796116521,2007
0.053398058252427133,2004
0.54854368932038855,1979
0.014563106796116521,2008
0.0,2009
0.16342412451361868,1976
0.73929961089494167,2003
0.019455252918287938,1962
0.031128404669260701,1963
0.14785992217898833,1974
0.25291828793774318,1986
0.26070038910505838,1987
0.23346303501945526,1984
0.24124513618677043,1985
0.2140077821011673,1982
0.22568093385214008,1983
0.19844357976653695,1980
0.20622568093385213,1981
0.042801556420233464,1964
0.054474708171206226,1965
0.066147859922178989,1966
0.077821011673151752,1967
0.0,1960
0.0077821011673151752,1961
0.2723735408560311,1988
0.28015564202334631,1989
0.65369649805447472,2001
1.0,2011
0.98054474708171202,2010
0.82101167315175094,2005
0.089494163424124515,1968
0.10116731517509728,1969
0.30739299610894943,1991
0.29182879377431908,1990
0.36964980544747084,1993
0.33852140077821014,1992
0.43579766536964981,1995
0.40077821011673154,1994
0.50194552529182879,1997
0.46692607003891051,1996
0.57587548638132291,1999
0.54085603112840464,1998
0.1556420233463035,1975
0.17898832684824903,1978
0.13618677042801555,1973
0.12840466926070038,1972
0.12062256809338522,1971
0.11284046692607004,1970
0.69649805447470814,2002
0.17120622568093385,1977
0.61478599221789887,2000
0.8599221789883269,2006
0.89494163424124518,2007
0.78210116731517509,2004
0.1867704280155642,1979
0.92607003891050588,2008
0.95719844357976658,2009
0.6842105263157896,1976
0.2631578947368422,2003
0.94736842105263175,1962
0.92105263157894768,1963
0.73684210526315785,1974
0.23684210526315758,1986
0.18421052631578932,1987
0.36842105263157865,1984
0.31578947368421045,1985
0.44736842105263153,1982
0.39473684210526327,1983
0.55263157894736847,1980
0.49999999999999978,1981
0.92105263157894768,1964
0.92105263157894768,1965
0.89473684210526305,1966
0.89473684210526305,1967
1.0,1960
0.97368421052631593,1961
0.1052631578947365,1988
0.052631578947368252,1989
0.18421052631578932,2001
0.4210526315789474,2011
0.4210526315789474,2010
0.36842105263157865,2005
0.89473684210526305,1968
0.89473684210526305,1969
0.0,1991
0.026315789473684126,1990
0.052631578947368252,1993
0.026315789473684126,1992
0.078947368421052377,1995
0.052631578947368252,1994
0.1315789473684211,1997
0.1052631578947365,1996
0.15789473684210523,1999
0.1315789473684211,1998
0.71052631578947367,1975
0.63157894736842091,1978
0.78947368421052655,1973
0.81578947368421062,1972
0.8421052631578948,1971
0.89473684210526305,1970
0.23684210526315758,2002
0.65789473684210542,1977
0.15789473684210523,2000
0.39473684210526327,2006
0.4210526315789474,2007
0.31578947368421045,2004
0.57894736842105265,1979
0.4210526315789474,2008
0.44736842105263153,2009
0.13333333333333522,1976
0.80000000000000193,2003
0.066666666666667609,1962
0.13333333333333522,1963
0.13333333333333522,1974
0.1999999999999981,1986
0.26666666666666572,1987
0.1999999999999981,1984
0.1999999999999981,1985
0.1999999999999981,1982
0.1999999999999981,1983
0.1999999999999981,1980
0.1999999999999981,1981
0.1999999999999981,1964
0.1999999999999981,1965
0.1999999999999981,1966
0.1999999999999981,1967
0.0,1960
0.066666666666667609,1961
0.26666666666666572,1988
0.33333333333333331,1989
0.73333333333333428,2001
1.0,2011
1.0,2010
0.86666666666666481,2005
0.1999999999999981,1968
0.13333333333333522,1969
0.40000000000000097,1991
0.33333333333333331,1990
0.40000000000000097,1993
0.40000000000000097,1992
0.46666666666666856,1995
0.46666666666666856,1994
0.53333333333333144,1997
0.53333333333333144,1996
0.59999999999999909,1999
0.59999999999999909,1998
0.13333333333333522,1975
0.13333333333333522,1978
0.13333333333333522,1973
0.13333333333333522,1972
0.13333333333333522,1971
0.13333333333333522,1970
0.73333333333333428,2002
0.13333333333333522,1977
0.66666666666666663,2000
0.86666666666666481,2006
0.93333333333333235,2007
0.80000000000000193,2004
0.13333333333333522,1979
0.93333333333333235,2008
1.0,2009
1,1976
1,2003
1,1962
1,1963
1,1974
1,1986
1,1987
1,1984
1,1985
1,1982
1,1983
1,1980
1,1981
1,1964
1,1965
1,1966
1,1967
1,1960
1,1961
1,1988
1,1989
1,2001
1,2011
1,2010
1,2005
1,1968
1,1969
1,1991
1,1990
1,1993
1,1992
1,1995
1,1994
1,1997
1,1996
1,1999
1,1998
1,1975
1,1978
1,1973
1,1972
1,1971
1,1970
1,2002
1,1977
1,2000
1,2006
1,2007
1,2004
1,1979
1,2008
1,2009
0.0,1976
1.0,2003
0.0,1962
0.0,1963
0.0,1974
0.0,1986
0.0,1987
0.0,1984
0.0,1985
0.0,1982
0.0,1983
0.0,1980
0.0,1981
0.0,1964
0.0,1965
0.0,1966
0.0,1967
0.0,1960
0.0,1961
0.0,1988
0.0,1989
1.0,2001
1.0,2011
1.0,2010
1.0,2005
0.0,1968
0.0,1969
0.0,1991
0.0,1990
0.0,1993
0.0,1992
0.0,1995
0.0,1994
0.0,1997
0.0,1996
1.0,1999
0.0,1998
0.0,1975
0.0,1978
0.0,1973
0.0,1972
0.0,1971
0.0,1970
1.0,2002
0.0,1977
1.0,2000
1.0,2006
1.0,2007
1.0,2004
0.0,1979
1.0,2008
1.0,2009
0.38446014127144301,1976
1.0,2003
0.052472250252270432,1962
0.071644803229061554,1963
0.33400605449041371,1974
0.68718466195761851,1986
0.70736629667003026,1987
0.6266397578203835,1984
0.66700302724520688,1985
0.55600403632694251,1982
0.59636730575176589,1983
0.49545913218970739,1980
0.52573158425832489,1981
0.10191725529767912,1964
0.12209889001009082,1965
0.14228052472250252,1966
0.16246215943491424,1967
0.0,1960
0.027245206861755803,1961
0.727547931382442,1988
0.74772956609485364,1989
0.98990918264379413,2001
1.0,2011
1.0,2010
1.0,2005
0.18264379414732593,1968
0.20282542885973764,1969
0.78809283551967713,1991
0.76791120080726538,1990
0.81836528758829463,1993
0.798183652875883,1992
0.85872855701311801,1995
0.83854692230070638,1994
0.8990918264379415,1997
0.87891019172552975,1996
0.94954591321897075,1999
0.92936427850655901,1998
0.35418768920282545,1975
0.43491422805247226,1978
0.30373360242179614,1973
0.27346115035317858,1972
0.25327951564076689,1971
0.22300706357214933,1970
1.0,2002
0.41473259334006052,1977
0.97981836528758826,2000
1.0,2006
1.0,2007
1.0,2004
0.46518668012108982,1979
1.0,2008
1.0,2009
0.89610389610389596,1976
0.24025974025974048,2003
0.98051948051948068,1962
0.97402597402597413,1963
0.90909090909090917,1974
0.78571428571428592,1986
0.75324675324675339,1987
0.83116883116883111,1984
0.81818181818181834,1985
0.85714285714285743,1982
0.84415584415584421,1983
0.8831168831168833,1980
0.87012987012987009,1981
0.96753246753246758,1964
0.96103896103896091,1965
0.94805194805194826,1966
0.94155844155844159,1967
1.0,1960
0.99350649350649345,1961
0.7142857142857143,1988
0.68181818181818188,1989
0.2987012987012988,2001
0.0,2011
0.032467532467532471,2010
0.17532467532467552,2005
0.93506493506493504,1968
0.92857142857142849,1969
0.61688311688311692,1991
0.64935064935064946,1990
0.55194805194805197,1993
0.5844155844155845,1992
0.48701298701298706,1995
0.51948051948051954,1994
0.42857142857142871,1997
0.45454545454545459,1996
0.36363636363636376,1999
0.39610389610389624,1998
0.90259740259740262,1975
0.88961038961038985,1978
0.90909090909090917,1973
0.91558441558441572,1972
0.91558441558441572,1971
0.92207792207792239,1970
0.27272727272727293,2002
0.89610389610389596,1977
0.33116883116883128,2000
0.14935064935064918,2006
0.11688311688311671,2007
0.207792207792208,2004
0.8831168831168833,1979
0.090909090909090828,2008
0.058441558441558357,2009
1,1976
1,2003
1,1962
1,1963
1,1974
1,1986
1,1987
1,1984
1,1985
1,1982
1,1983
1,1980
1,1981
1,1964
1,1965
1,1966
1,1967
1,1960
1,1961
1,1988
1,1989
1,2001
1,2011
1,2010
1,2005
1,1968
1,1969
1,1991
1,1990
1,1993
1,1992
1,1995
1,1994
1,1997
1,1996
1,1999
1,1998
1,1975
1,1978
1,1973
1,1972
1,1971
1,1970
1,2002
1,1977
1,2000
1,2006
1,2007
1,2004
1,1979
1,2008
1,2009
0.0,1976
1.0,2003
0.0,1962
0.0,1963
0.0,1974
0.0,1986
0.0,1987
0.0,1984
0.0,1985
0.0,1982
0.0,1983
0.0,1980
0.0,1981
0.0,1964
0.0,1965
0.0,1966
0.0,1967
0.0,1960
0.0,1961
0.0,1988
0.0,1989
1.0,2001
1.0,2011
1.0,2010
1.0,2005
0.0,1968
0.0,1969
0.0,1991
0.0,1990
0.0,1993
0.0,1992
0.0,1995
0.0,1994
0.0,1997
0.0,1996
1.0,1999
0.0,1998
0.0,1975
0.0,1978
0.0,1973
0.0,1972
0.0,1971
0.0,1970
1.0,2002
0.0,1977
1.0,2000
1.0,2006
1.0,2007
1.0,2004
0.0,1979
1.0,2008
1.0,2009
1,1976
1,2003
1,1962
1,1963
1,1974
1,1986
1,1987
1,1984
1,1985
1,1982
1,1983
1,1980
1,1981
1,1964
1,1965
1,1966
1,1967
1,1960
1,1961
1,1988
1,1989
1,2001
1,2011
1,2010
1,2005
1,1968
1,1969
1,1991
1,1990
1,1993
1,1992
1,1995
1,1994
1,1997
1,1996
1,1999
1,1998
1,1975
1,1978
1,1973
1,1972
1,1971
1,1970
1,2002
1,1977
1,2000
1,2006
1,2007
1,2004
1,1979
1,2008
1,2009
0.48301886792452819,1976
0.049056603773584798,2003
0.071698113207547112,1962
0.10188679245283003,1963
0.42264150943396211,1974
0.8867924528301887,1986
0.92452830188679247,1987
0.80754716981132069,1984
0.84528301886792445,1985
0.72830188679245267,1982
0.76603773584905654,1983
0.64150943396226412,1980
0.68301886792452804,1981
0.13207547169811321,1964
0.16603773584905654,1965
0.19622641509433947,1966
0.22641509433962265,1967
0.011320754716981025,1960
0.041509433962263934,1961
0.93962264150943386,1988
0.95471698113207537,1989
0.18490566037735845,2001
0.32452830188679221,2011
0.2415094339622641,2010
0.022641509433962051,2005
0.25660377358490555,1968
0.28301886792452829,1969
0.98490566037735827,1991
0.96981132075471677,1990
0.93962264150943386,1993
1.0,1992
0.81509433962264133,1995
0.87924528301886784,1994
0.69433962264150939,1997
0.75471698113207553,1996
0.441509433962264,1999
0.56603773584905659,1998
0.45283018867924529,1975
0.55471698113207535,1978
0.39245283018867921,1973
0.36226415094339603,1972
0.33584905660377351,1971
0.30943396226415076,1970
0.060377358490565823,2002
0.5132075471698111,1977
0.3132075471698112,2000
0.011320754716981025,2006
0.0,2007
0.03396226415094334,2004
0.59622641509433949,1979
0.079245283018867713,2008
0.16226415094339611,2009
0.3886010362694301,1976
0.19170984455958567,2003
0.046632124352331543,1962
0.067357512953367921,1963
0.33678756476683941,1974
0.82383419689119175,1986
0.8704663212435233,1987
0.73575129533678785,1984
0.7823834196891194,1985
0.6476683937823835,1982
0.68911917098445596,1983
0.5544041450777204,1980
0.60103626943005195,1981
0.093264248704663266,1964
0.11398963730569946,1965
0.13989637305699498,1966
0.16580310880829033,1967
0.0,1960
0.020725388601036197,1961
0.89637305699481862,1988
0.92227979274611394,1989
0.31088082901554409,2001
0.47150259067357525,2011
0.39378238341968924,2010
0.18134715025906739,2005
0.18652849740932653,1968
0.21243523316062188,1969
0.97409326424870468,1991
0.94818652849740936,1990
0.95336787564766845,1993
1.0,1992
0.86010362694300535,1995
0.9067357512953369,1994
0.76683937823834192,1997
0.8134715025906738,1996
0.53886010362694303,1999
0.6528497409326427,1998
0.36269430051813478,1975
0.46113989637305697,1978
0.31088082901554409,1973
0.28497409326424877,1972
0.2590673575129534,1971
0.2383419689119172,1970
0.19689119170984445,2002
0.41450777202072547,1977
0.42487046632124376,2000
0.17616580310880825,2006
0.17098445595854911,2007
0.18652849740932653,2004
0.50777202072538852,1979
0.24352331606217634,2008
0.32124352331606237,2009
0.11983471074380166,1976
0.86157024793388426,2003
0.0082644628099173556,1962
0.012603305785123966,1963
0.092975206611570244,1974
0.38842975206611569,1986
0.41735537190082644,1987
0.30991735537190085,1984
0.34090909090909088,1985
0.26652892561983471,1982
0.29338842975206614,1983
0.2024793388429752,1980
0.23553719008264462,1981
0.017148760330578511,1964
0.021694214876033058,1965
0.027892561983471075,1966
0.034297520661157023,1967
0.0,1960
0.0041322314049586778,1961
0.45867768595041325,1988
0.50206611570247939,1989
0.88223140495867769,2001
0.71900826446280997,2011
0.73966942148760328,2010
0.84297520661157022,2005
0.040909090909090909,1968
0.047727272727272729,1969
0.57438016528925617,1991
0.55165289256198347,1990
0.6074380165289256,1993
0.58057851239669422,1992
0.69214876033057848,1995
0.64669421487603307,1994
0.82644628099173556,1997
0.74586776859504134,1996
1.0,1999
0.91528925619834711,1998
0.10537190082644628,1975
0.15495867768595042,1978
0.082644628099173556,1973
0.0743801652892562,1972
0.064049586776859499,1971
0.054958677685950412,1970
0.86570247933884292,2002
0.13636363636363635,1977
0.89049586776859502,2000
0.82438016528925617,2006
0.80165289256198347,2007
0.86776859504132231,2004
0.17768595041322313,1979
0.78099173553719003,2008
0.75826446280991733,2009
0.10623556581986142,1976
0.75750577367205552,2003
0.0034642032332563282,1962
0.0046189376443417545,1963
0.077367205542725165,1974
0.43533487297921475,1986
0.46189376443418012,1987
0.34064665127020788,1984
0.37297921478060042,1985
0.29907621247113164,1982
0.33025404157043875,1983
0.21593533487297922,1980
0.26096997690531176,1981
0.0069284064665126564,1964
0.0080831408775981339,1965
0.013856812933025365,1966
0.019630484988452646,1967
0.0,1960
0.0011547344110854256,1961
0.5080831408775982,1988
0.5565819861431871,1989
0.815242494226328,2001
0.51270207852193994,2011
0.54157043879907618,2010
0.710161662817552,2005
0.025404157043879879,1968
0.032332563510392535,1969
0.6200923787528867,1991
0.60854503464203225,1990
0.61547344110854507,1993
0.60161662817551953,1992
0.684757505773672,1995
0.64318706697459582,1994
0.815242494226328,1997
0.73441108545034639,1996
1.0,1999
0.91916859122401839,1998
0.087759815242494196,1975
0.15127020785219394,1978
0.066974595842956133,1973
0.057736720554272515,1972
0.047344110854503477,1971
0.038106235565819872,1970
0.78060046189376442,2002
0.12817551963048493,1977
0.84988452655889135,2000
0.6766743648960738,2006
0.63972286374133935,2007
0.75750577367205552,2004
0.18244803695150116,1979
0.60392609699769062,2008
0.57043879907621242,2009
0.17561185057964793,1976
0.80678402747960498,2003
0.023185916702447403,1962
0.033920137398024901,1963
0.14984972091026191,1974
0.33877200515242595,1986
0.36453413482181196,1987
0.29583512237011594,1984
0.31730356376127095,1985
0.25719192786603695,1982
0.27866036925719195,1983
0.22713610991841993,1980
0.24001717475311293,1981
0.044224989265779308,1964
0.054100472305710606,1965
0.063975955345641905,1966
0.073851438385573204,1967
0.0,1960
0.012022327179046801,1961
0.39029626449119792,1988
0.41605839416058393,1989
0.75955345641906402,2001
1.0,2011
0.97423787033061404,2010
0.85401459854014594,2005
0.085444396736796907,1968
0.094031773293258916,1969
0.46328896522112495,1991
0.43752683555173894,1990
0.51481322455989698,1993
0.48905109489051096,1992
0.566337483898669,1995
0.54057535422928293,1994
0.62644911979390294,1997
0.59639330184628592,1996
0.69085444396736795,1999
0.65650493774151997,1998
0.16273078574495492,1975
0.19708029197080293,1978
0.14126234435379992,1973
0.12838127951910691,1972
0.11550021468441392,1971
0.10691283812795191,1970
0.78102189781021902,2002
0.18419922713610992,1977
0.72520395019321593,2000
0.87548303993130094,2006
0.89695148132245595,2007
0.82825246887075998,2004
0.20996135680549591,1979
0.92271361099184201,2008
0.94418205238299702,2009
0.103896103896104,1976
0.75974025974025949,2003
0.019480519480519296,1962
0.025974025974025886,1963
0.090909090909090828,1974
0.21428571428571411,1986
0.24675324675324659,1987
0.16883116883116894,1984
0.18181818181818166,1985
0.1428571428571426,1982
0.15584415584415576,1983
0.11688311688311671,1980
0.12987012987012989,1981
0.032467532467532471,1964
0.038961038961039057,1965
0.051948051948051771,1966
0.058441558441558357,1967
0.0,1960
0.0064935064935065867,1961
0.28571428571428564,1988
0.31818181818181812,1989
0.7012987012987012,2001
1.0,2011
0.96753246753246758,2010
0.82467532467532445,2005
0.064935064935064943,1968
0.071428571428571522,1969
0.38311688311688308,1991
0.3506493506493506,1990
0.44805194805194798,1993
0.41558441558441556,1992
0.51298701298701299,1995
0.48051948051948046,1994
0.57142857142857129,1997
0.54545454545454541,1996
0.63636363636363624,1999
0.60389610389610382,1998
0.097402597402597407,1975
0.11038961038961012,1978
0.090909090909090828,1973
0.084415584415584236,1972
0.084415584415584236,1971
0.077922077922077657,1970
0.72727272727272707,2002
0.103896103896104,1977
0.66883116883116867,2000
0.85064935064935077,2006
0.8831168831168833,2007
0.79220779220779203,2004
0.11688311688311671,1979
0.90909090909090917,2008
0.94155844155844159,2009
0.25414364640883974,1976
0.14364640883977889,2003
0.6850828729281766,1962
0.54696132596685065,1963
0.29281767955801091,1974
1.0,1986
0.95580110497237569,1987
0.63535911602209938,1984
0.63535911602209938,1985
0.59116022099447507,1982
0.61878453038674042,1983
0.34806629834254138,1980
0.54696132596685065,1981
0.44751381215469616,1964
0.38121546961325964,1965
0.32044198895027626,1966
0.30386740331491702,1967
0.8729281767955801,1960
0.86740331491712697,1961
0.88950276243093918,1988
0.79558011049723754,1989
0.574585635359116,2001
0.038674033149171179,2011
0.14917127071823205,2010
0.060773480662983353,2005
0.2983425414364641,1968
0.30386740331491702,1969
0.64640883977900543,1991
0.6850828729281766,1990
0.6629834254143645,1993
0.65193370165745834,1992
0.6850828729281766,1995
0.67403314917127055,1994
0.73480662983425415,1997
0.7016574585635359,1996
0.79558011049723754,1999
0.76243093922651928,1998
0.27624309392265195,1975
0.22651933701657465,1978
0.30939226519337021,1973
0.32596685082872917,1972
0.33149171270718236,1971
0.32044198895027626,1970
0.20441988950276249,2002
0.22651933701657465,1977
0.82872928176795579,2000
0.03314917127071814,2006
0.016574585635359129,2007
0.088397790055248573,2004
0.27624309392265195,1979
0.016574585635359129,2008
0.0,2009
