0.04291824327938084,1976
0.44826848828932059,2003
2.0079141281233086e-05,1962
3.9539877594161033e-05,1963
0.018262741349809861,1974
0.17757521535626852,1986
0.21033427386409009,1987
0.36895708348091044,1984
0.35861211763633516,1985
0.38275037127367739,1982
0.36033627861043105,1983
0.31895641523213009,1980
0.37068124445500628,1981
7.0324586370371691e-05,1964
0.00011902255329502018,1965
0.00019605729155555449,1966
0.00031791763364256292,1967
0.0,1960
7.7769213300782033e-06,1961
0.1522300490370592,1988
0.15343696171892629,1989
0.39137117614415678,2001
0.5534423077091688,2011
0.52757989309773068,2010
0.71551343927418098,2005
0.00051068706824278361,1968
0.00081562675852742345,1969
0.184471859252652,1991
0.2172309177604736,1990
0.18102353730446025,1993
0.17585105438217263,1992
0.23274836652733646,1995
0.20688595191589837,1994
0.28447319575021263,1997
0.31205977133574658,1996
0.23447252750143233,1999
0.18274769827855614,1998
0.030849116460709734,1975
0.09205683104111323,1978
0.0051776624652146068,1973
0.0032681738245969225,1972
0.0020610792489195273,1971
0.001298007250272352,1970
0.34309466886947232,2002
0.071194483254553159,1977
0.47930338582304627,2000
0.71034095635189332,2006
0.73275504901513966,2007
0.51551076627905967,2004
0.25688662016467867,1979
1.0,2008
0.46551009803027932,2009
0.23742690058479532,1976
0.0,2003
0.0013553710631578947,1962
0.0018367843122807019,1963
0.31929824561403508,1974
0.0060818713450292395,1986
0.021520467836257311,1987
0.33684210526315789,1984
0.23742690058479532,1985
0.32807017543859651,1982
0.36608187134502923,1983
1.0,1980
0.48947368421052634,1981
0.0024891903789473683,1964
0.0033733240754385964,1965
0.0045714925678362571,1966
0.0061952376432748537,1967
0.00073800330175438601,1960
0.0010001341508771929,1961
0.26783625730994154,1988
0.54853801169590644,1989
0.0,2001
0.42514619883040938,2011
0.23333333333333334,2010
0.0067251461988304092,2005
0.0083957195380116971,1968
0.011377788976608186,1969
0.0073099415204678359,1991
0.13976608187134504,1990
0.0,1993
0.0,1992
0.0,1995
0.0,1994
0.0019649122807017545,1997
0.0092397660818713447,1996
0.0,1999
0.0,1998
0.034444444444444444,1975
0.39883040935672515,1978
0.038375821327485377,1973
0.028317684011695904,1972
0.020895741116959066,1971
0.015419057461988305,1970
0.0,2002
0.55847953216374269,1977
0.0,2000
0.012222222222222223,2006
0.035087719298245612,2007
0.00547953216374269,2004
0.51111111111111107,1979
0.13099415204678364,2008
0.1760233918128655,2009
0.2649572649572649,1976
0.042735042735042729,2003
1.0,1962
1.0,1963
0.52136752136752129,1974
0.22222222222222218,1986
0.2649572649572649,1987
0.13675213675213671,1984
0.17948717948717943,1985
0.051282051282051246,1982
0.094017094017093975,1983
0.085470085470085458,1980
0.068376068376068272,1981
0.99572649572649563,1964
0.99572649572649563,1965
0.99145299145299137,1966
0.99145299145299137,1967
0.90598290598290587,1960
0.95299145299145294,1961
0.25641025641025639,1988
0.24786324786324787,1989
0.085470085470085458,2001
0.0,2011
0.0,2010
0.021367521367521364,2005
0.94871794871794857,1968
0.90598290598290587,1969
0.2307692307692307,1991
0.23931623931623922,1990
0.22222222222222218,1993
0.22222222222222218,1992
0.22222222222222218,1995
0.22222222222222218,1994
0.22222222222222218,1997
0.22222222222222218,1996
0.15384615384615374,1999
0.18803418803418795,1998
0.3931623931623931,1975
0.11965811965811968,1978
0.64957264957264949,1973
0.77777777777777768,1972
0.82051282051282037,1971
0.86324786324786318,1970
0.051282051282051246,2002
0.13675213675213671,1977
0.11965811965811968,2000
0.01282051282051285,2006
0.0,2007
0.029914529914529881,2004
0.10256410256410249,1979
0.0,2008
0.0,2009
0.91011235955056213,1976
0.10112359550561784,2003
0.35955056179775241,1962
0.38202247191011224,1963
0.98876404494382009,1974
0.12359550561797771,1986
0.13483146067415686,1987
0.19101123595505573,1984
0.13483146067415686,1985
0.35955056179775241,1982
0.25842696629213457,1983
0.5617977528089888,1980
0.46067415730337102,1981
0.40449438202247212,1964
0.46067415730337102,1965
0.52808988764044906,1966
0.61797752808988771,1967
0.32584269662921339,1960
0.34831460674157327,1961
0.15730337078651671,1988
0.20224719101123567,1989
0.20224719101123567,2001
0.14606741573033677,2011
0.089887640449437894,2010
0.022471910112359075,2005
0.7191011235955056,1968
0.80898876404494346,1969
0.2808988764044944,1991
0.23595505617977547,1990
0.34831460674157327,1993
0.31460674157303342,1992
0.38202247191011224,1995
0.37078651685393232,1994
0.37078651685393232,1997
0.38202247191011224,1996
0.30337078651685351,1999
0.3370786516853933,1998
0.96629213483146104,1975
0.75280898876404456,1978
1.0,1973
0.97752808988764017,1972
0.9438202247191011,1971
0.88764044943820219,1970
0.14606741573033677,2002
0.84269662921348332,1977
0.25842696629213457,2000
0.0,2006
0.0,2007
0.056179775280898889,2004
0.6629213483146067,1979
0.011235955056179936,2008
0.044943820224718947,2009
0.60526315789473673,1976
0.78947368421052655,2003
0.026315789473684126,1962
0.052631578947368252,1963
0.5263157894736844,1974
0.65789473684210542,1986
0.6842105263157896,1987
0.64473684210526316,1984
0.64473684210526316,1985
0.67105263157894723,1982
0.65789473684210542,1983
0.6842105263157896,1980
0.6842105263157896,1981
0.078947368421052377,1964
0.1052631578947365,1965
0.14473684210526291,1966
0.18421052631578932,1967
0.0,1960
0.013157894736841829,1961
0.72368421052631604,1988
0.76315789473684192,1989
0.80263157894736836,2001
1.0,2011
0.93421052631578949,2010
0.80263157894736836,2005
0.23684210526315758,1968
0.28947368421052633,1969
0.80263157894736836,1991
0.78947368421052655,1990
0.82894736842105254,1993
0.81578947368421062,1992
0.8421052631578948,1995
0.82894736842105254,1994
0.82894736842105254,1997
0.8421052631578948,1996
0.81578947368421062,1999
0.82894736842105254,1998
0.56578947368421029,1975
0.65789473684210542,1978
0.48684210526315796,1973
0.44736842105263153,1972
0.39473684210526327,1971
0.34210526315789458,1970
0.78947368421052655,2002
0.63157894736842091,1977
0.80263157894736836,2000
0.80263157894736836,2006
0.82894736842105254,2007
0.78947368421052655,2004
0.67105263157894723,1979
0.8421052631578948,2008
0.88157894736842124,2009
0.83898305084745772,1976
0.11016949152542352,2003
0.79661016949152552,1962
0.79661016949152552,1963
0.94915254237288127,1974
0.20338983050847451,1986
0.19491525423728795,1987
0.26271186440677952,1984
0.2288135593220339,1985
0.38135593220338992,1982
0.3135593220338983,1983
0.52542372881355903,1980
0.44915254237288121,1981
0.80508474576271205,1964
0.82203389830508455,1965
0.84745762711864425,1966
0.88983050847457645,1967
0.78813559322033888,1960
0.79661016949152552,1961
0.19491525423728795,1988
0.20338983050847451,1989
0.17796610169491511,2001
0.008474576271186262,2011
0.008474576271186262,2010
0.042372881355932215,2005
0.93220338983050866,1968
0.96610169491525433,1969
0.2288135593220339,1991
0.21186440677966106,1990
0.2711864406779661,1993
0.25423728813559326,1992
0.29661016949152552,1995
0.28813559322033894,1994
0.27966101694915235,1997
0.29661016949152552,1996
0.24576271186440671,1999
0.26271186440677952,1998
0.90677966101694896,1975
0.68644067796610198,1978
0.9830508474576275,1973
1.0,1972
1.0,1971
0.99152542372881347,1970
0.14406779661016947,2002
0.77118644067796638,1977
0.21186440677966106,2000
0.025423728813559088,2006
0.008474576271186262,2007
0.07627118644067786,2004
0.60169491525423757,1979
0.008474576271186262,2008
0.0,2009
0.09333333333333324,1976
0.053333333333333142,2003
0.93333333333333335,1962
0.95999999999999985,1963
0.23999999999999985,1974
0.26666666666666666,1986
0.30666666666666653,1987
0.21333333333333329,1984
0.26666666666666666,1985
0.20000000000000001,1982
0.20000000000000001,1983
0.27999999999999997,1980
0.22666666666666657,1981
1.0,1964
0.93333333333333335,1965
0.87999999999999967,1966
0.82666666666666655,1967
0.82666666666666655,1960
0.87999999999999967,1961
0.33333333333333331,1988
0.30666666666666653,1989
0.0,2001
0.21333333333333329,2011
0.22666666666666657,2010
0.09333333333333324,2005
0.78666666666666651,1968
0.70666666666666678,1969
0.31999999999999978,1991
0.34666666666666662,1990
0.23999999999999985,1993
0.29333333333333322,1992
0.15999999999999989,1995
0.21333333333333329,1994
0.13333333333333333,1997
0.15999999999999989,1996
0.066666666666666666,1999
0.09333333333333324,1998
0.14666666666666661,1975
0.11999999999999982,1978
0.34666666666666662,1973
0.47999999999999993,1972
0.64000000000000012,1971
0.6533333333333331,1970
0.0,2002
0.053333333333333142,1977
0.013333333333333286,2000
0.14666666666666661,2006
0.18666666666666648,2007
0.09333333333333324,2004
0.23999999999999985,1979
0.21333333333333329,2008
0.20000000000000001,2009
0.15590385767146442,1976
0.79637268319084809,2003
0.1314593334078191,1962
0.20398811273917747,1963
0.458734226259434,1974
0.86076764662622096,1986
0.79637268319084809,1987
1.0,1984
0.7807090434362981,1985
0.75808378601305881,1982
0.63799588122817452,1983
0.59970698405038514,1980
0.54053323386652896,1981
0.26903014478765991,1964
0.30905944638262134,1965
0.23074124760987061,1966
0.3195018728856549,1967
0.0,1960
0.063561873262497681,1961
0.82595955828277612,1988
0.86076764662622096,1989
0.68498680049182492,2001
0.89557573496966569,2011
0.82595955828277612,2010
0.82595955828277612,2005
0.29513621104524346,1968
0.29339580662807135,1969
0.89557573496966569,1991
0.89557573496966569,1990
0.87817169079794333,1993
0.98259595582827763,1992
0.77374742576760902,1995
0.78941106552215923,1994
0.9477878674848329,1997
0.96519191165655527,1996
0.93038382331311043,1999
0.87817169079794333,1998
0.19245235043208131,1975
0.51094635877460115,1978
0.43262816000185039,1973
0.36823319656647752,1972
0.43262816000185039,1971
0.36649279214930514,1970
0.89557573496966569,2002
0.44133018208771158,1977
0.89557573496966569,2000
0.76678580809891994,2006
0.679765587240308,2007
0.82595955828277612,2004
0.49006150576853424,1979
0.93038382331311043,2008
0.86076764662622096,2009
0.97058823529411775,1976
0.4411764705882355,2003
0.7352941176470591,1962
1.0,1963
0.91176470588235325,1974
0.8529411764705882,1986
0.7352941176470591,1987
0.76470588235294135,1984
0.88235294117647101,1985
0.88235294117647101,1982
0.8529411764705882,1983
0.8529411764705882,1980
0.8529411764705882,1981
0.7352941176470591,1964
0.82352941176470595,1965
0.88235294117647101,1966
0.70588235294117629,1967
0.79411764705882371,1960
0.9411764705882355,1961
0.7352941176470591,1988
0.79411764705882371,1989
0.4117647058823527,2001
0.0,2011
0.058823529411764525,2010
0.26470588235294085,2005
0.91176470588235325,1968
0.91176470588235325,1969
0.70588235294117629,1991
0.67647058823529405,1990
0.7352941176470591,1993
0.6470588235294118,1992
0.6470588235294118,1995
0.5588235294117645,1994
0.5588235294117645,1997
0.61764705882352955,1996
0.52941176470588225,1999
0.52941176470588225,1998
0.88235294117647101,1975
0.91176470588235325,1978
0.91176470588235325,1973
0.9411764705882355,1972
0.79411764705882371,1971
0.88235294117647101,1970
0.4117647058823527,2002
0.8529411764705882,1977
0.4117647058823527,2000
0.17647058823529407,2006
0.17647058823529407,2007
0.26470588235294085,2004
0.9411764705882355,1979
0.17647058823529407,2008
0.088235294117646787,2009
0.084615384615384676,1976
0.061538461538461584,2003
0.9461538461538459,1962
0.96153846153846134,1963
0.22307692307692306,1974
0.11538461538461546,1986
0.14615384615384625,1987
0.10769230769230777,1984
0.13076923076923086,1985
0.11538461538461546,1982
0.10769230769230777,1983
0.19999999999999996,1980
0.13846153846153855,1981
1.0,1964
0.9461538461538459,1965
0.88461538461538436,1966
0.80769230769230771,1967
0.81538461538461526,1960
0.88461538461538436,1961
0.15384615384615394,1988
0.13076923076923086,1989
0.0,2001
0.26923076923076922,2011
0.26923076923076922,2010
0.11538461538461546,2005
0.74615384615384617,1968
0.67692307692307674,1969
0.14615384615384625,1991
0.15384615384615394,1990
0.14615384615384625,1993
0.12307692307692317,1992
0.061538461538461584,1995
0.084615384615384676,1994
0.069230769230769276,1997
0.069230769230769276,1996
0.038461538461538484,1999
0.061538461538461584,1998
0.13846153846153855,1975
0.092307692307692368,1978
0.31538461538461543,1973
0.43846153846153857,1972
0.60000000000000009,1971
0.62307692307692297,1970
0.0076923076923076979,2002
0.046153846153846184,1977
0.0076923076923076979,2000
0.16153846153846166,2006
0.20769230769230768,2007
0.10769230769230777,2004
0.17692307692307704,1979
0.25384615384615383,2008
0.23846153846153845,2009
0.35506036755601311,1976
0.70914487164290785,2003
0.057397170952726152,1962
0.086775717548162892,1963
0.49922334421996323,1974
0.89883299883231582,1986
0.87354124854039472,1987
0.9747082497080789,1984
0.89883299883231582,1985
0.82295774795655263,1982
0.82295774795655263,1983
0.74708249708078944,1980
0.72179074678886845,1981
0.097084514578418324,1964
0.14008049007468418,1965
0.14260966510387615,1966
0.19572234071691058,1967
0.0,1960
0.028474287612239045,1961
0.82295774795655263,1988
0.87354124854039472,1989
0.58015694515411065,2001
0.82295774795655263,2011
0.77237424737271054,2010
0.72179074678886845,2005
0.18307646557095003,1968
0.1754889404833738,1969
0.9747082497080789,1991
0.92412474912423681,1990
0.92412474912423681,1993
1.0,1992
0.94941649941615791,1995
0.92412474912423681,1994
0.92412474912423681,1997
0.92412474912423681,1996
0.89883299883231582,1999
0.89883299883231582,1998
0.39552716802308668,1975
0.60544869544603175,1978
0.41323139322743146,1973
0.3474728424684369,1972
0.31206439205974729,1971
0.29183099182621053,1970
0.74708249708078944,2002
0.52957344457026856,1977
0.82295774795655263,2000
0.72179074678886845,2006
0.67373642123421829,2007
0.71420322170129213,2004
0.66109054608825779,1979
0.79766599766463153,2008
0.71420322170129213,2009
1,1976
1,2003
1,1962
1,1963
1,1974
1,1986
1,1987
1,1984
1,1985
1,1982
1,1983
1,1980
1,1981
1,1964
1,1965
1,1966
1,1967
1,1960
1,1961
1,1988
1,1989
1,2001
1,2011
1,2010
1,2005
1,1968
1,1969
1,1991
1,1990
1,1993
1,1992
1,1995
1,1994
1,1997
1,1996
1,1999
1,1998
1,1975
1,1978
1,1973
1,1972
1,1971
1,1970
1,2002
1,1977
1,2000
1,2006
1,2007
1,2004
1,1979
1,2008
1,2009
0.22727272727272735,1976
0.77272727272727271,2003
0.011363636363635722,1962
0.0,1963
0.20454545454545428,1974
0.4545454545454547,1986
0.48863636363636348,1987
0.44318181818181734,1984
0.4204545454545443,1985
0.37499999999999978,1982
0.39772727272727287,1983
0.3295454545454537,1980
0.36363636363636248,1981
0.10227272727272634,1964
0.10227272727272634,1965
0.10227272727272634,1966
0.15909090909090817,1967
0.034090909090908776,1960
0.0,1961
0.49999999999999917,1988
0.51136363636363658,1989
0.73863636363636387,2001
1.0,2011
0.96590909090909127,2010
0.82954545454545447,2005
0.11363636363636367,1968
0.12499999999999939,1969
0.56818181818181834,1991
0.55681818181818099,1990
0.59090909090908983,1993
0.60227272727272718,1992
0.63636363636363591,1995
0.6477272727272716,1994
0.68181818181818199,1997
0.65909090909090895,1996
0.68181818181818199,1999
0.65909090909090895,1998
0.22727272727272735,1975
0.27272727272727182,1978
0.18181818181818124,1973
0.15909090909090817,1972
0.18181818181818124,1971
0.14772727272727246,1970
0.74999999999999956,2002
0.28409090909090917,1977
0.71590909090909083,2000
0.85227272727272751,2006
0.874999999999999,2007
0.80681818181818143,2004
0.28409090909090917,1979
0.88636363636363635,2008
0.93181818181818088,2009
0.17272727272727195,1976
0.76363636363636289,2003
0.0090909090909085735,1962
0.0,1963
0.14545454545454495,1974
0.38181818181818078,1986
0.41818181818181765,1987
0.36363636363636365,1984
0.35454545454545378,1985
0.30909090909090831,1982
0.32727272727272677,1983
0.2545454545454543,1980
0.2909090909090899,1981
0.063636363636362603,1964
0.063636363636362603,1965
0.054545454545454029,1966
0.10909090909090806,1967
0.027272727272727015,1960
0.0090909090909085735,1961
0.42727272727272625,1988
0.45454545454545453,1989
0.70909090909090888,2001
1.0,2011
0.96363636363636307,2010
0.82727272727272672,2005
0.072727272727272474,1968
0.063636363636362603,1969
0.5,1991
0.47272727272727172,1990
0.5363636363636356,1993
0.5363636363636356,1992
0.58181818181818101,1995
0.58181818181818101,1994
0.61818181818181794,1997
0.60909090909090802,1996
0.64545454545454495,1999
0.62727272727272654,1998
0.16363636363636339,1975
0.20909090909090883,1978
0.12727272727272651,1973
0.10909090909090806,1972
0.11818181818181793,1971
0.090909090909090912,1970
0.72727272727272729,2002
0.20909090909090883,1977
0.68181818181818177,2000
0.84545454545454524,2006
0.86363636363636365,2007
0.7909090909090899,2004
0.21818181818181739,1979
0.88181818181818084,2008
0.92727272727272625,2009
0.20000000000000001,1976
0.7600000000000009,2003
0.010000000000000852,1962
0.0,1963
0.17000000000000029,1974
0.41000000000000086,1986
0.45000000000000001,1987
0.40000000000000002,1984
0.37999999999999973,1985
0.34000000000000058,1982
0.36000000000000087,1983
0.29000000000000059,1980
0.32000000000000028,1981
0.07999999999999971,1964
0.07999999999999971,1965
0.07999999999999971,1966
0.12999999999999973,1967
0.029999999999999714,1960
0.010000000000000852,1961
0.46000000000000085,1988
0.4799999999999997,1989
0.72000000000000031,2001
1.0,2011
0.96000000000000085,2010
0.82000000000000028,2005
0.090000000000000566,1968
0.090000000000000566,1969
0.52999999999999969,1991
0.5100000000000009,1990
0.56000000000000083,1993
0.56000000000000083,1992
0.59999999999999998,1995
0.61000000000000087,1994
0.64000000000000057,1997
0.62999999999999967,1996
0.66000000000000081,1999
0.64000000000000057,1998
0.19000000000000056,1975
0.24000000000000057,1978
0.14999999999999999,1973
0.12999999999999973,1972
0.14999999999999999,1971
0.12000000000000029,1970
0.72999999999999976,2002
0.24000000000000057,1977
0.69000000000000061,2000
0.84000000000000052,2006
0.86000000000000087,2007
0.79000000000000059,2004
0.25,1979
0.87999999999999967,2008
0.92999999999999972,2009
0.55751315487735742,1976
0.63910647383614239,2003
0.023218208964832211,1962
0.034908589964455464,1963
0.54809854115134338,1974
0.87447181698648435,1986
0.90585386273986324,1987
0.87447181698648435,1984
0.90585386273986324,1985
0.84308977123310536,1982
0.93723590849324212,1983
0.84308977123310536,1980
0.78032567972634759,1981
0.01774196791923989,1964
0.089920673152011313,1965
0.096197082302687198,1966
0.14013194635741741,1967
0.0,1960
0.0115820959954693,1961
0.81170772547972647,1988
0.81170772547972647,1989
0.56692776860337102,2001
0.78032567972634759,2011
0.74894363397296859,2010
0.65165929213749418,2005
0.15896117380944502,1968
0.16837578753545862,1969
0.93723590849324212,1991
0.87447181698648435,1990
0.87447181698648435,1993
0.90585386273986324,1992
1.0,1995
0.96861795424662112,1994
0.81170772547972647,1997
0.78032567972634759,1996
0.84308977123310536,1999
0.87447181698648435,1998
0.56065135945269506,1975
0.68617954246621082,1978
0.42257035813782767,1973
0.42257035813782767,1972
0.30331858427498787,1971
0.29704217512431202,1970
0.64852108756215598,2002
0.6077244280827635,1977
0.71756158821958971,2000
0.68617954246621082,2006
0.68617954246621082,2007
0.6202772463841153,2004
0.78032567972634759,1979
0.63910647383614239,2008
0.6171390418087771,2009
0.0,1976
0.6654411764705882,2003
0.0,1962
0.0,1963
0.0,1974
0.0015931372549019608,1986
0.0035539215686274509,1987
0.0,1984
0.00061274509803921568,1985
0.0,1982
0.0,1983
0.0,1980
0.0,1981
0.0,1964
0.0,1965
0.0,1966
0.0,1967
0.0,1960
0.0,1961
0.0068627450980392156,1988
0.011948529411764705,1989
0.56740196078431371,2001
1.0,2011
0.99387254901960786,2010
0.80269607843137258,2005
0.0,1968
0.0,1969
0.015441176470588236,1991
0.013602941176470588,1990
0.02781862745098039,1993
0.018504901960784314,1992
0.070343137254901961,1995
0.048284313725490198,1994
0.10833333333333334,1997
0.088848039215686278,1996
0.33333333333333331,1999
0.18259803921568626,1998
0.0,1975
0.0,1978
0.0,1973
0.0,1972
0.0,1971
0.0,1970
0.6029411764705882,2002
0.0,1977
0.53308823529411764,2000
0.85906862745098034,2006
0.90441176470588236,2007
0.73161764705882348,2004
0.0,1979
0.93995098039215685,2008
0.98406862745098034,2009
0.0,1976
0.69465648854961837,2003
0.0,1962
0.0,1963
0.0,1974
0.0017557251908396948,1986
0.003900763358778626,1987
0.0,1984
0.00067557251908396943,1985
0.0,1982
0.0,1983
0.0,1980
0.0,1981
0.0,1964
0.0,1965
0.0,1966
0.0,1967
0.0,1960
0.0,1961
0.0075114503816793889,1988
0.013053435114503817,1989
0.59770992366412212,2001
1.0,2011
1.0,2010
0.83206106870229013,2005
0.0,1968
0.0,1969
0.016793893129770993,1991
0.014885496183206106,1990
0.030000000000000002,1993
0.02,1992
0.075496183206106876,1995
0.051984732824427476,1994
0.11603053435114503,1997
0.095419847328244281,1996
0.35343511450381676,1999
0.19389312977099235,1998
0.0,1975
0.0,1978
0.0,1973
0.0,1972
0.0,1971
0.0,1970
0.63358778625954193,2002
0.0,1977
0.56335877862595418,2000
0.8854961832061069,2006
0.92366412213740456,2007
0.76106870229007639,2004
0.0,1979
0.95419847328244278,2008
0.99236641221374045,2009
0.36538461538461536,1976
0.69230769230769229,2003
0.086538461538461536,1962
0.125,1963
0.36538461538461536,1974
0.41346153846153844,1986
0.42307692307692307,1987
0.38461538461538464,1984
0.40384615384615385,1985
0.375,1982
0.375,1983
0.375,1980
0.375,1981
0.15384615384615385,1964
0.18269230769230768,1965
0.21153846153846154,1966
0.24038461538461539,1967
0.0,1960
0.038461538461538464,1961
0.43269230769230771,1988
0.45192307692307693,1989
0.64423076923076927,2001
1.0,2011
0.95192307692307687,2010
0.75,2005
0.26923076923076922,1968
0.28846153846153844,1969
0.48076923076923078,1991
0.46153846153846156,1990
0.50961538461538458,1993
0.5,1992
0.53846153846153844,1995
0.52884615384615385,1994
0.56730769230769229,1997
0.55769230769230771,1996
0.60576923076923073,1999
0.58653846153846156,1998
0.36538461538461536,1975
0.36538461538461536,1978
0.36538461538461536,1973
0.35576923076923078,1972
0.33653846153846156,1971
0.31730769230769229,1970
0.66346153846153844,2002
0.36538461538461536,1977
0.625,2000
0.78846153846153844,2006
0.82692307692307687,2007
0.72115384615384615,2004
0.36538461538461536,1979
0.86538461538461542,2008
0.90384615384615385,2009
0.81818181818181779,1976
0.1212121212121213,2003
0.87878787878787867,1962
0.87878787878787867,1963
0.92424242424242431,1974
0.2424242424242426,1986
0.22727272727272724,1987
0.30303030303030298,1984
0.2575757575757574,1985
0.39393939393939409,1982
0.34848484848484851,1983
0.53030303030303017,1980
0.46969696969696983,1981
0.87878787878787867,1964
0.89393939393939348,1965
0.90909090909090895,1966
0.93939393939393911,1967
0.87878787878787867,1960
0.87878787878787867,1961
0.22727272727272724,1988
0.22727272727272724,1989
0.19696969696969704,2001
0.0,2011
0.015151515151515364,2010
0.060606060606060379,2005
0.96969696969696928,1968
0.98484848484848464,1969
0.2424242424242426,1991
0.22727272727272724,1990
0.27272727272727276,1993
0.2575757575757574,1992
0.30303030303030298,1995
0.28787878787878762,1994
0.28787878787878762,1997
0.30303030303030298,1996
0.2575757575757574,1999
0.27272727272727276,1998
0.87878787878787867,1975
0.68181818181818166,1978
0.96969696969696928,1973
0.98484848484848464,1972
1.0,1971
1.0,1970
0.16666666666666685,2002
0.75757575757575746,1977
0.22727272727272724,2000
0.045454545454545553,2006
0.030303030303030189,2007
0.090909090909091106,2004
0.60606060606060597,1979
0.015151515151515364,2008
0.015151515151515364,2009
0.081081081081080253,1976
0.89189189189189044,2003
0.62162162162162038,1962
0.59459459459459496,1963
0.0,1974
0.86486486486486502,1986
0.86486486486486502,1987
0.81081081081081019,1984
0.83783783783783561,1985
0.62162162162162038,1982
0.72972972972972994,1983
0.43243243243243057,1980
0.51351351351351471,1981
0.56756756756756555,1964
0.51351351351351471,1965
0.45945945945945987,1966
0.37837837837837768,1967
0.64864864864864968,1960
0.64864864864864968,1961
0.83783783783783561,1988
0.78378378378378477,1989
0.78378378378378477,2001
0.83783783783783561,2011
0.91891891891891975,2010
0.9729729729729707,2005
0.27027027027027006,1968
0.18918918918918981,1969
0.70270270270270063,1991
0.75675675675675536,1990
0.62162162162162038,1993
0.6756756756756751,1992
0.59459459459459496,1995
0.62162162162162038,1994
0.62162162162162038,1997
0.59459459459459496,1996
0.6756756756756751,1999
0.64864864864864968,1998
0.027027027027027389,1975
0.24324324324324267,1978
0.0,1973
0.027027027027027389,1972
0.054054054054054779,1971
0.10810810810810764,1970
0.83783783783783561,2002
0.16216216216216242,1977
0.72972972972972994,2000
1.0,2006
1.0,2007
0.94594594594594517,2004
0.32432432432432484,1979
0.9729729729729707,2008
0.94594594594594517,2009
0.48076923076923084,1976
0.80769230769230804,2003
0.038461538461538672,1962
0.057692307692307834,1963
0.40384615384615419,1974
0.67307692307692313,1986
0.69230769230769262,1987
0.65384615384615397,1984
0.65384615384615397,1985
0.6346153846153848,1982
0.6346153846153848,1983
0.61538461538461564,1980
0.6346153846153848,1981
0.076923076923076997,1964
0.096153846153846173,1965
0.11538461538461567,1966
0.15384615384615399,1967
0.0,1960
0.019230769230769506,1961
0.73076923076923106,1988
0.75000000000000022,1989
0.78846153846153888,2001
1.0,2011
0.94230769230769285,2010
0.8269230769230772,2005
0.17307692307692316,1968
0.21153846153846184,1969
0.78846153846153888,1991
0.76923076923076938,1990
0.78846153846153888,1993
0.78846153846153888,1992
0.78846153846153888,1995
0.78846153846153888,1994
0.78846153846153888,1997
0.78846153846153888,1996
0.78846153846153888,1999
0.78846153846153888,1998
0.44230769230769251,1975
0.55769230769230782,1978
0.36538461538461553,1973
0.32692307692307715,1972
0.28846153846153849,1971
0.25000000000000017,1970
0.78846153846153888,2002
0.53846153846153866,1977
0.78846153846153888,2000
0.8269230769230772,2006
0.8461538461538467,2007
0.80769230769230804,2004
0.59615384615384648,1979
0.86538461538461553,2008
0.90384615384615385,2009
0.3640270463185884,1976
0.69379080007932037,2003
0.082112404234132436,1962
0.12366299288174752,1963
0.3640270463185884,1974
0.41113615399869297,1986
0.43469070783874525,1987
0.38758160015864068,1984
0.41113615399869297,1985
0.38758160015864068,1982
0.38758160015864068,1983
0.38758160015864068,1980
0.38758160015864068,1981
0.1520360617581179,1964
0.19914516943822247,1965
0.22269972327827472,1966
0.24625427711832701,1967
0.0,1960
0.04089228362143784,1961
0.43469070783874525,1988
0.45824526167879753,1989
0.6466816923992158,2001
1.0,2011
0.95289089231989543,2010
0.76445446159947716,2005
0.26980883095837932,1968
0.2933633847984316,1969
0.48179981551884982,1991
0.48179981551884982,1990
0.52890892319895444,1993
0.5053543693589021,1992
0.55246347703900667,1995
0.52890892319895444,1994
0.5760180308790589,1997
0.55246347703900667,1996
0.62312713855916346,1999
0.59957258471911123,1998
0.3640270463185884,1975
0.3640270463185884,1978
0.3640270463185884,1973
0.3640270463185884,1972
0.34047249247853612,1971
0.31691793863848389,1970
0.67023624623926803,2002
0.3640270463185884,1977
0.62312713855916346,2000
0.7880090154395295,2006
0.83511812311963407,2007
0.7173453539193726,2004
0.3640270463185884,1979
0.88222723079973864,2008
0.90578178463979087,2009
0.012658227848101264,1976
0.49706148282097651,2003
1.0,1962
0.88584990958408683,1963
0.11177667269439422,1974
0.30266726943942135,1986
0.28119349005424954,1987
0.21903254972875225,1984
0.29701627486437615,1985
0.0,1982
0.079000904159131996,1983
0.17608499095840865,1980
0.079792043399638329,1981
0.7750904159132006,1964
0.76604882459312829,1965
0.66320072332730562,1966
0.64963833634719703,1967
0.43150994575045204,1960
0.8994122965641953,1961
0.29136528028933095,1988
0.33431283905967452,1989
0.45298372513562385,2001
0.91071428571428581,2011
0.87906871609403259,2010
0.71179927667269427,2005
0.59086799276672686,1968
0.51062386980108498,1969
0.38969258589511752,1991
0.37839059674502712,1990
0.31170886075949367,1993
0.34561482820976491,1992
0.33996383363471971,1995
0.32866184448462926,1994
0.33205244122965644,1997
0.32866184448462926,1996
0.41681735985533452,1999
0.36934900542495475,1998
0.0320750452079566,1975
0.04651898734177215,1978
0.25858951175406869,1973
0.42359855334538882,1972
0.51288426763110306,1971
0.49141048824593131,1970
0.45637432188065097,2002
0.0032775768535262201,1977
0.44394213381555148,2000
0.73553345388788427,2006
0.76717902350813749,2007
0.61121157323688957,2004
0.1418399638336347,1979
0.79204339963833648,2008
0.80673598553345383,2009
0.092436974789915971,1976
0.79831932773109249,2003
0.52941176470588236,1962
0.47058823529411764,1963
0.050420168067226892,1974
0.16806722689075632,1986
0.16806722689075632,1987
0.17647058823529413,1984
0.17647058823529413,1985
0.17647058823529413,1982
0.17647058823529413,1983
0.16806722689075632,1980
0.18487394957983194,1981
0.40336134453781514,1964
0.34453781512605042,1965
0.2857142857142857,1966
0.21848739495798319,1967
0.62184873949579833,1960
0.59663865546218486,1961
0.16806722689075632,1988
0.16806722689075632,1989
0.69747899159663862,2001
1.0,2011
0.98319327731092432,2010
0.88235294117647056,2005
0.15966386554621848,1968
0.10084033613445378,1969
0.16806722689075632,1991
0.15966386554621848,1990
0.26890756302521007,1993
0.21848739495798319,1992
0.37815126050420167,1995
0.32773109243697479,1994
0.47899159663865548,1997
0.42857142857142855,1996
0.58823529411764708,1999
0.53781512605042014,1998
0.075630252100840331,1975
0.12605042016806722,1978
0.033613445378151259,1973
0.01680672268907563,1972
0.0,1971
0.042016806722689079,1970
0.74789915966386555,2002
0.1092436974789916,1977
0.6386554621848739,2000
0.90756302521008403,2006
0.9327731092436975,2007
0.84033613445378152,2004
0.15126050420168066,1979
0.95798319327731096,2008
0.97478991596638653,2009
0.071428571428571244,1976
0.28571428571428498,2003
0.82142857142857129,1962
0.71428571428571497,1963
0.035714285714284991,1974
0.071428571428571244,1986
0.035714285714284991,1987
0.071428571428571244,1984
0.071428571428571244,1985
0.10714285714285623,1982
0.10714285714285623,1983
0.071428571428571244,1980
0.10714285714285623,1981
0.64285714285714246,1964
0.53571428571428625,1965
0.46428571428571375,1966
0.35714285714285748,1967
1.0,1960
0.96428571428571497,1961
0.035714285714284991,1988
0.035714285714284991,1989
0.25,2001
0.071428571428571244,2011
0.10714285714285623,2010
0.28571428571428498,2005
0.28571428571428498,1968
0.21428571428571375,1969
0.0,1991
0.0,1990
0.035714285714284991,1993
0.0,1992
0.10714285714285623,1995
0.071428571428571244,1994
0.17857142857142874,1997
0.14285714285714249,1996
0.21428571428571375,1999
0.17857142857142874,1998
0.071428571428571244,1975
0.071428571428571244,1978
0.035714285714284991,1973
0.035714285714284991,1972
0.071428571428571244,1971
0.14285714285714249,1970
0.28571428571428498,2002
0.071428571428571244,1977
0.25,2000
0.25,2006
0.21428571428571375,2007
0.28571428571428498,2004
0.071428571428571244,1979
0.21428571428571375,2008
0.17857142857142874,2009
0.55555555555555203,1976
0.33333333333333598,2003
0.88888888888888806,1962
0.88888888888888806,1963
0.66666666666666408,1974
0.66666666666666408,1986
0.66666666666666408,1987
0.66666666666666408,1984
0.66666666666666408,1985
0.66666666666666408,1982
0.66666666666666408,1983
0.66666666666666408,1980
0.66666666666666408,1981
0.77777777777777601,1964
0.77777777777777601,1965
0.77777777777777601,1966
0.77777777777777601,1967
1.0,1960
1.0,1961
0.66666666666666408,1988
0.66666666666666408,1989
0.44444444444444797,2001
0.0,2011
0.0,2010
0.22222222222222399,2005
0.77777777777777601,1968
0.77777777777777601,1969
0.66666666666666408,1991
0.66666666666666408,1990
0.66666666666666408,1993
0.66666666666666408,1992
0.66666666666666408,1995
0.66666666666666408,1994
0.66666666666666408,1997
0.66666666666666408,1996
0.55555555555555203,1999
0.55555555555555203,1998
0.66666666666666408,1975
0.55555555555555203,1978
0.66666666666666408,1973
0.66666666666666408,1972
0.77777777777777601,1971
0.77777777777777601,1970
0.44444444444444797,2002
0.55555555555555203,1977
0.55555555555555203,2000
0.22222222222222399,2006
0.11111111111111199,2007
0.33333333333333598,2004
0.55555555555555203,1979
0.11111111111111199,2008
0.11111111111111199,2009
1,1976
1,2003
1,1962
1,1963
1,1974
1,1986
1,1987
1,1984
1,1985
1,1982
1,1983
1,1980
1,1981
1,1964
1,1965
1,1966
1,1967
1,1960
1,1961
1,1988
1,1989
1,2001
1,2011
1,2010
1,2005
1,1968
1,1969
1,1991
1,1990
1,1993
1,1992
1,1995
1,1994
1,1997
1,1996
1,1999
1,1998
1,1975
1,1978
1,1973
1,1972
1,1971
1,1970
1,2002
1,1977
1,2000
1,2006
1,2007
1,2004
1,1979
1,2008
1,2009
1,1976
1,2003
1,1962
1,1963
1,1974
1,1986
1,1987
1,1984
1,1985
1,1982
1,1983
1,1980
1,1981
1,1964
1,1965
1,1966
1,1967
1,1960
1,1961
1,1988
1,1989
1,2001
1,2011
1,2010
1,2005
1,1968
1,1969
1,1991
1,1990
1,1993
1,1992
1,1995
1,1994
1,1997
1,1996
1,1999
1,1998
1,1975
1,1978
1,1973
1,1972
1,1971
1,1970
1,2002
1,1977
1,2000
1,2006
1,2007
1,2004
1,1979
1,2008
1,2009
0.80000000000000004,1976
0.8666666666666667,2003
0.20000000000000001,1962
0.33333333333333331,1963
0.8666666666666667,1974
0.66666666666666663,1986
0.66666666666666663,1987
0.59999999999999998,1984
0.59999999999999998,1985
0.53333333333333333,1982
0.59999999999999998,1983
0.53333333333333333,1980
0.53333333333333333,1981
0.40000000000000002,1964
0.53333333333333333,1965
0.59999999999999998,1966
0.66666666666666663,1967
0.0,1960
0.066666666666666666,1961
0.73333333333333328,1988
0.73333333333333328,1989
0.8666666666666667,2001
1.0,2011
1.0,2010
0.8666666666666667,2005
0.80000000000000004,1968
0.8666666666666667,1969
0.80000000000000004,1991
0.80000000000000004,1990
0.80000000000000004,1993
0.80000000000000004,1992
0.8666666666666667,1995
0.8666666666666667,1994
0.8666666666666667,1997
0.8666666666666667,1996
0.8666666666666667,1999
0.8666666666666667,1998
0.80000000000000004,1975
0.66666666666666663,1978
0.93333333333333335,1973
0.93333333333333335,1972
0.93333333333333335,1971
0.93333333333333335,1970
0.8666666666666667,2002
0.73333333333333328,1977
0.8666666666666667,2000
0.93333333333333335,2006
0.93333333333333335,2007
0.8666666666666667,2004
0.59999999999999998,1979
0.93333333333333335,2008
0.93333333333333335,2009
0.72000000000000031,1976
0.28000000000000114,2003
0.56000000000000083,1962
0.59999999999999998,1963
0.80000000000000004,1974
0.52000000000000024,1986
0.52000000000000024,1987
0.48000000000000115,1984
0.48000000000000115,1985
0.48000000000000115,1982
0.48000000000000115,1983
0.44000000000000056,1980
0.44000000000000056,1981
0.68000000000000116,1964
0.72000000000000031,1965
0.7600000000000009,1966
0.84000000000000052,1967
0.48000000000000115,1960
0.52000000000000024,1961
0.56000000000000083,1988
0.56000000000000083,1989
0.36000000000000087,2001
0.0,2011
0.04000000000000057,2010
0.24000000000000057,2005
0.88000000000000111,1968
0.92000000000000026,1969
0.56000000000000083,1991
0.59999999999999998,1990
0.52000000000000024,1993
0.56000000000000083,1992
0.48000000000000115,1995
0.52000000000000024,1994
0.44000000000000056,1997
0.48000000000000115,1996
0.40000000000000002,1999
0.44000000000000056,1998
0.7600000000000009,1975
0.56000000000000083,1978
0.84000000000000052,1973
0.92000000000000026,1972
0.96000000000000085,1971
1.0,1970
0.32000000000000028,2002
0.64000000000000057,1977
0.36000000000000087,2000
0.20000000000000001,2006
0.16000000000000086,2007
0.28000000000000114,2004
0.52000000000000024,1979
0.12000000000000029,2008
0.08000000000000114,2009
1,1976
1,2003
1,1962
1,1963
1,1974
1,1986
1,1987
1,1984
1,1985
1,1982
1,1983
1,1980
1,1981
1,1964
1,1965
1,1966
1,1967
1,1960
1,1961
1,1988
1,1989
1,2001
1,2011
1,2010
1,2005
1,1968
1,1969
1,1991
1,1990
1,1993
1,1992
1,1995
1,1994
1,1997
1,1996
1,1999
1,1998
1,1975
1,1978
1,1973
1,1972
1,1971
1,1970
1,2002
1,1977
1,2000
1,2006
1,2007
1,2004
1,1979
1,2008
1,2009
1,1976
1,2003
1,1962
1,1963
1,1974
1,1986
1,1987
1,1984
1,1985
1,1982
1,1983
1,1980
1,1981
1,1964
1,1965
1,1966
1,1967
1,1960
1,1961
1,1988
1,1989
1,2001
1,2011
1,2010
1,2005
1,1968
1,1969
1,1991
1,1990
1,1993
1,1992
1,1995
1,1994
1,1997
1,1996
1,1999
1,1998
1,1975
1,1978
1,1973
1,1972
1,1971
1,1970
1,2002
1,1977
1,2000
1,2006
1,2007
1,2004
1,1979
1,2008
1,2009
1,1976
1,2003
1,1962
1,1963
1,1974
1,1986
1,1987
1,1984
1,1985
1,1982
1,1983
1,1980
1,1981
1,1964
1,1965
1,1966
1,1967
1,1960
1,1961
1,1988
1,1989
1,2001
1,2011
1,2010
1,2005
1,1968
1,1969
1,1991
1,1990
1,1993
1,1992
1,1995
1,1994
1,1997
1,1996
1,1999
1,1998
1,1975
1,1978
1,1973
1,1972
1,1971
1,1970
1,2002
1,1977
1,2000
1,2006
1,2007
1,2004
1,1979
1,2008
1,2009
0.21782178217821793,1976
0.88118811881188097,2003
0.029702970297030805,1962
0.049504950495049466,1963
0.18811881188118854,1974
0.45544554455445591,1986
0.4851485148514853,1987
0.41584158415841577,1984
0.43564356435643586,1985
0.36633663366336633,1982
0.38613861386138637,1983
0.31683168316831684,1980
0.33663366336633693,1981
0.069306930693069535,1964
0.079207920792080264,1965
0.099009900990098931,1966
0.11881188118811899,1967
0.0,1960
0.019801980198020066,1961
0.51485148514851475,1988
0.54455445544554415,1989
0.84158415841584089,2001
1.0,2011
0.99009900990098931,2010
0.91089108910891037,2005
0.11881188118811899,1968
0.12871287128712974,1969
0.61386138613861363,1991
0.57425742574257488,1990
0.66336633663366307,1993
0.64356435643564303,1992
0.71287128712871251,1995
0.69306930693069246,1994
0.76237623762376205,1997
0.73267326732673266,1996
0.80198019801980214,1999
0.7821782178217821,1998
0.19801980198019786,1975
0.25742574257425804,1978
0.16831683168316847,1973
0.15841584158415914,1972
0.1485148514851484,1971
0.13861386138613907,1970
0.86138613861386093,2002
0.23762376237623797,1977
0.82178217821782218,2000
0.93069306930693052,2006
0.95049504950495056,2007
0.90099009900990112,2004
0.28712871287128744,1979
0.96039603960395992,2008
0.98019801980197996,2009
0.19774011299435026,1976
0.87570621468926535,2003
0.005649717514123972,1962
0.016949152542372718,1963
0.16384180790960481,1974
0.45762711864406741,1986
0.48022598870056488,1987
0.40677966101694923,1984
0.42937853107344592,1985
0.35028248587570632,1982
0.3785310734463278,1983
0.29943502824858736,1980
0.32768361581920885,1981
0.033898305084745436,1964
0.045197740112994184,1965
0.056497175141242931,1966
0.067796610169491678,1967
0.0,1960
0.0,1961
0.51412429378531033,1988
0.54237288135593176,1989
0.83615819209039521,2001
1.0,2011
0.98870056497175129,2010
0.9096045197740108,2005
0.079096045197740425,1968
0.090395480225988367,1969
0.60451977401129953,1991
0.57627118644067798,1990
0.66101694915254239,1993
0.63841807909604498,1992
0.70621468926553665,1995
0.68361581920903913,1994
0.75141242937853081,1997
0.72881355932203407,1996
0.79096045197740106,1999
0.77401129943502833,1998
0.18079096045197754,1975
0.24293785310734442,1978
0.14124293785310732,1973
0.12429378531073461,1972
0.11299435028248586,1971
0.10169491525423711,1970
0.85875706214689262,2002
0.21468926553672296,1977
0.81355932203389847,2000
0.9265536723163843,2006
0.94350282485875703,2007
0.89265536723163807,2004
0.27118644067796588,1979
0.96045197740112975,2008
0.97175141242937857,2009
0.3003978779840849,1976
0.980106100795756,2003
0.01823607427055703,1962
0.028183023872679045,1963
0.23740053050397877,1974
0.55238726790450932,1986
0.58554376657824936,1987
0.5125994694960212,1984
0.53580901856763929,1985
0.46949602122015915,1982
0.4927055702917772,1983
0.43633952254641911,1980
0.45623342175066312,1981
0.038461538461538464,1964
0.049403183023872678,1965
0.0649867374005305,1966
0.081564986737400536,1967
0.0,1960
0.008952254641909815,1961
0.6187002652519894,1988
0.65517241379310343,1989
0.980106100795756,2001
0.9370026525198939,2011
0.94031830238726788,2010
0.96352785145888598,2005
0.099137931034482762,1968
0.11803713527851459,1969
0.69164456233421756,1991
0.67506631299734743,1990
0.73806366047745353,1993
0.71153846153846156,1992
0.80769230769230771,1995
0.77453580901856767,1994
0.89058355437665782,1997
0.85079575596816981,1996
0.96021220159151188,1999
0.92042440318302388,1998
0.26724137931034481,1975
0.37665782493368699,1978
0.21087533156498675,1973
0.1843501326259947,1972
0.16114058355437666,1971
0.13892572944297082,1970
0.98342175066312998,2002
0.33355437665782495,1977
1.0,2000
0.95358090185676392,2006
0.94363395225464186,2007
0.980106100795756,2004
0.40649867374005305,1979
0.96684350132625996,2008
0.94363395225464186,2009
0.30691097390957983,1976
0.96415056761601281,2003
0.018123879705238006,1962
0.028082055367456688,1963
0.24317864967138025,1974
0.57379008165704048,1986
0.60366460864369653,1987
0.53395737900816576,1984
0.55586536546504683,1985
0.49014140609440365,1982
0.51005775741884096,1983
0.45230033857797253,1980
0.47420832503485366,1981
0.038040231029675374,1964
0.047998406691894056,1965
0.063931487751443958,1966
0.081856203943437567,1967
0.0,1960
0.0081657040430193235,1961
0.63951404102768383,1988
0.67536347341167102,1989
0.97410874327823149,2001
0.87054371639115713,2011
0.88249352718581975,2010
0.9362676757618007,2005
0.099780920135431203,1968
0.11770563632742484,1969
0.70922127066321461,1991
0.69129655447122085,1990
0.75303724357697688,1993
0.72714598685520837,1992
0.81876120294762011,1995
0.78490340569607653,1994
0.89842660824536957,1997
0.86058554072893845,1996
0.96415056761601281,1999
0.92630950009958202,1998
0.2730531766580363,1975
0.38856801433977306,1978
0.21529575781716789,1973
0.18741286596295562,1972
0.1635132443736308,1971
0.13961362278430597,1970
0.97410874327823149,2002
0.34276040629356708,1977
1.0,2000
0.92232622983469448,2006
0.90240987851025711,2007
0.95817566221868167,2004
0.42242581159131654,1979
0.92033459470225054,2008
0.89046006771559449,2009
0.30337078651685395,1976
0.6629213483146067,2003
0.056179775280898875,1962
0.0898876404494382,1963
0.2808988764044944,1974
0.3707865168539326,1986
0.38202247191011235,1987
0.34831460674157305,1984
0.3595505617977528,1985
0.34831460674157305,1982
0.34831460674157305,1983
0.34831460674157305,1980
0.34831460674157305,1981
0.11235955056179775,1964
0.1348314606741573,1965
0.15730337078651685,1966
0.16853932584269662,1967
0.0,1960
0.033707865168539325,1961
0.38202247191011235,1988
0.39325842696629215,1989
0.6067415730337079,2001
1.0,2011
0.9438202247191011,2010
0.7303370786516854,2005
0.1797752808988764,1968
0.19101123595505617,1969
0.42696629213483145,1991
0.4044943820224719,1990
0.4606741573033708,1993
0.43820224719101125,1992
0.4943820224719101,1995
0.47191011235955055,1994
0.5280898876404494,1997
0.5056179775280899,1996
0.5617977528089888,1999
0.5393258426966292,1998
0.29213483146067415,1975
0.3146067415730337,1978
0.2696629213483146,1973
0.25842696629213485,1972
0.23595505617977527,1971
0.20224719101123595,1970
0.6292134831460674,2002
0.30337078651685395,1977
0.5842696629213483,2000
0.7640449438202247,2006
0.8089887640449438,2007
0.6966292134831461,2004
0.33707865168539325,1979
0.8539325842696629,2008
0.898876404494382,2009
0.28000000000000114,1976
0.72000000000000453,2003
0.44000000000000339,1962
0.40000000000000002,1963
0.20000000000000001,1974
0.48000000000000115,1986
0.48000000000000115,1987
0.52000000000000457,1984
0.52000000000000457,1985
0.52000000000000457,1982
0.52000000000000457,1983
0.56000000000000227,1980
0.56000000000000227,1981
0.32000000000000456,1964
0.28000000000000114,1965
0.24000000000000341,1966
0.16000000000000228,1967
0.52000000000000457,1960
0.48000000000000115,1961
0.44000000000000339,1988
0.44000000000000339,1989
0.64000000000000346,2001
1.0,2011
0.9600000000000023,2010
0.76000000000000223,2005
0.12000000000000455,1968
0.08000000000000114,1969
0.44000000000000339,1991
0.40000000000000002,1990
0.48000000000000115,1993
0.44000000000000339,1992
0.52000000000000457,1995
0.48000000000000115,1994
0.56000000000000227,1997
0.52000000000000457,1996
0.59999999999999998,1999
0.56000000000000227,1998
0.24000000000000341,1975
0.44000000000000339,1978
0.16000000000000228,1973
0.08000000000000114,1972
0.040000000000003408,1971
0.0,1970
0.68000000000000116,2002
0.36000000000000226,1977
0.64000000000000346,2000
0.80000000000000004,2006
0.84000000000000341,2007
0.72000000000000453,2004
0.48000000000000115,1979
0.88000000000000111,2008
0.92000000000000459,2009
0.24266936299292211,1976
0.56016177957532864,2003
0.7563195146612739,1962
0.65520728008088958,1963
0.27098078867542974,1974
0.22952477249747219,1986
0.21031344792719917,1987
0.19615773508594539,1984
0.26592517694641049,1985
0.0,1982
0.070677451971688551,1983
0.38624873609706772,1980
0.071385237613751248,1981
0.5561172901921132,1964
0.54701718907987851,1965
0.4337714863498483,1966
0.42062689585439833,1967
0.33973710819009101,1960
0.6673407482305358,1961
0.21941354903943375,1988
0.25783619817997977,1989
0.52072800808897868,2001
1.0,2011
0.93731041456016173,2010
0.75126390293225487,2005
0.36804853387259856,1968
0.29625884732052576,1969
0.42770475227502525,1991
0.29726996966632957,1990
0.35692618806875626,1993
0.38827098078867539,1992
0.38220424671385234,1995
0.37209302325581389,1994
0.39737108190090997,1997
0.39433771486349845,1996
0.4732052578361981,1999
0.43073811931243677,1998
0.19919110212335692,1975
0.27199191102123355,1978
0.40242669362992922,1973
0.55106167846309395,1972
0.62992922143579366,1971
0.2780586450960566,1970
0.5227502527805864,2002
0.23356926188068752,1977
0.49747219413549032,2000
0.80889787664307378,2006
0.83822042467138513,2007
0.66127401415571274,2004
0.35692618806875626,1979
0.85945399393326594,2008
0.87259858442871574,2009
