indicator,value,year
NYADJDNGYCD,0,1960
NYADJDMINCD,0,1960
SPADOTFRT,100,1960
SPPOPDPND,94.85861183,1960
SPPOPDPNDOL,100,1960
SPPOPDPNDYG,95.15306122,1960
SPDYNCBRTIN,100,1960
AGPRDCROPXD,0,1960
SPDYNCDRTIN,100,1960
SPDYNTFRTIN,100,1960
AGPRDFOODXD,0,1960
AGLNDTOTLK2,1,1960
SPDYNLE00FEIN,0,1960
SPDYNLE00MAIN,0,1960
SPDYNLE00IN,0,1960
AGPRDLVSKXD,0,1960
ITCELSETS,0,1960
ITCELSETSP2,0,1960
SPPOPTOTL,0,1960
SPPOP0014TOZS,96.03174603,1960
SPPOP1564TOZS,4.201680672,1960
SPPOP65UPTOZS,16.4556962,1960
ENPOPDNST,0,1960
SPPOPGROW,100,1960
ENURBLCTY,0,1960
ENURBLCTYURZS,37.20930233,1960
SPPOPTOTLFEZS,60,1960
SEPRMDURS,1,1960
SEPRMAGES,100,1960
SPRURTOTL,0,1960
SPRURTOTLZS,100,1960
SESECDURS,1,1960
SESECAGES,91.66666667,1960
AGSRFTOTLK2,1,1960
SPDYNTO65FEZS,0,1960
SPDYNTO65MAZS,0,1960
ITMLTMAIN,0,1960
ITMLTMAINP2,0,1960
SPURBTOTL,0,1960
SPURBTOTLINZS,0,1960
SPURBGROW,66.4021164,1960
NYADJDNGYCD,4.56E-08,1961
NYADJDMINCD,0.087908205,1961
SPADOTFRT,96.68508287,1961
SPPOPDPND,97.42930591,1961
SPPOPDPNDOL,95.12195122,1961
SPPOPDPNDYG,96.93877551,1961
SPDYNCBRTIN,97.43589744,1961
AGPRDCROPXD,2.102526903,1961
SPDYNCDRTIN,94.23076923,1961
SPDYNTFRTIN,98.51485149,1961
AGPRDFOODXD,1.820076611,1961
AGLNDTOTLK2,1,1961
SPDYNLE00FEIN,2.34375,1961
SPDYNLE00MAIN,3.529411765,1961
SPDYNLE00IN,2.830188679,1961
AGPRDLVSKXD,1.465680141,1961
ITCELSETS,0,1961
ITCELSETSP2,0,1961
SPPOPTOTL,1.308139535,1961
SPPOP0014TOZS,97.61904762,1961
SPPOP1564TOZS,2.521008403,1961
SPPOP65UPTOZS,12.65822785,1961
ENPOPDNST,1.287599895,1961
SPPOPGROW,99.40828402,1961
ENURBLCTY,1.154249738,1961
ENURBLCTYURZS,37.20930233,1961
SPPOPTOTLFEZS,40,1961
SEPRMDURS,1,1961
SEPRMAGES,100,1961
SPRURTOTL,1.98019802,1961
SPRURTOTLZS,98.38709677,1961
SESECDURS,1,1961
SESECAGES,91.66666667,1961
AGSRFTOTLK2,1,1961
SPDYNTO65FEZS,2.06185567,1961
SPDYNTO65MAZS,4.255319149,1961
ITMLTMAIN,0.156728948,1961
ITMLTMAINP2,0.437353709,1961
SPURBTOTL,0.882200311,1961
SPURBTOTLINZS,1.612903226,1961
SPURBGROW,61.11111111,1961
NYADJDNGYCD,1.64E-07,1962
NYADJDMINCD,0.187633944,1962
SPADOTFRT,93.92265193,1962
SPPOPDPND,100,1962
SPPOPDPNDOL,92.68292683,1962
SPPOPDPNDYG,98.46938776,1962
SPDYNCBRTIN,94.35897436,1962
AGPRDCROPXD,4.338972724,1962
SPDYNCDRTIN,90.38461538,1962
SPDYNTFRTIN,96.78217822,1962
AGPRDFOODXD,3.76423351,1962
AGLNDTOTLK2,1,1962
SPDYNLE00FEIN,4.6875,1962
SPDYNLE00MAIN,7.058823529,1962
SPDYNLE00IN,5.660377358,1962
AGPRDLVSKXD,3.102648264,1962
ITCELSETS,0,1962
ITCELSETSP2,0,1962
SPPOPTOTL,2.61627907,1962
SPPOP0014TOZS,99.20634921,1962
SPPOP1564TOZS,1.680672269,1962
SPPOP65UPTOZS,10.12658228,1962
ENPOPDNST,2.618652125,1962
SPPOPGROW,98.22485207,1962
ENURBLCTY,2.203567681,1962
ENURBLCTYURZS,38.37209302,1962
SPPOPTOTLFEZS,40,1962
SEPRMDURS,1,1962
SEPRMAGES,100,1962
SPRURTOTL,3.630363036,1962
SPRURTOTLZS,97.31182796,1962
SESECDURS,1,1962
SESECAGES,91.66666667,1962
AGSRFTOTLK2,1,1962
SPDYNTO65FEZS,4.12371134,1962
SPDYNTO65MAZS,9.574468085,1962
ITMLTMAIN,0.33908839,1962
ITMLTMAINP2,0.931490257,1962
SPURBTOTL,1.790347691,1962
SPURBTOTLINZS,2.688172043,1962
SPURBGROW,60.31746032,1962
NYADJDNGYCD,4.73E-07,1963
NYADJDMINCD,0.300765852,1963
SPADOTFRT,89.50276243,1963
SPPOPDPND,100,1963
SPPOPDPNDOL,89.02439024,1963
SPPOPDPNDYG,99.74489796,1963
SPDYNCBRTIN,91.79487179,1963
AGPRDCROPXD,5.716152518,1963
SPDYNCDRTIN,84.61538462,1963
SPDYNTFRTIN,95.04950495,1963
AGPRDFOODXD,4.976601014,1963
AGLNDTOTLK2,1,1963
SPDYNLE00FEIN,7.8125,1963
SPDYNLE00MAIN,10.58823529,1963
SPDYNLE00IN,8.490566038,1963
AGPRDLVSKXD,4.014141878,1963
ITCELSETS,0,1963
ITCELSETSP2,0,1963
SPPOPTOTL,3.924418605,1963
SPPOP0014TOZS,100,1963
SPPOP1564TOZS,0.840336134,1963
SPPOP65UPTOZS,7.594936709,1963
ENPOPDNST,3.984601356,1963
SPPOPGROW,95.85798817,1963
ENURBLCTY,3.357817419,1963
ENURBLCTYURZS,38.37209302,1963
SPPOPTOTLFEZS,20,1963
SEPRMDURS,1,1963
SEPRMAGES,100,1963
SPRURTOTL,5.610561056,1963
SPRURTOTLZS,95.69892473,1963
SESECDURS,1,1963
SESECAGES,91.66666667,1963
AGSRFTOTLK2,1,1963
SPDYNTO65FEZS,6.701030928,1963
SPDYNTO65MAZS,11.70212766,1963
ITMLTMAIN,0.551269779,1963
ITMLTMAINP2,1.489781905,1963
SPURBTOTL,2.750389206,1963
SPURBTOTLINZS,4.301075269,1963
SPURBGROW,58.99470899,1963
NYADJDNGYCD,1.27E-06,1964
NYADJDMINCD,0.429106127,1964
SPADOTFRT,85.08287293,1964
SPPOPDPND,100,1964
SPPOPDPNDOL,85.36585366,1964
SPPOPDPNDYG,100,1964
SPDYNCBRTIN,89.23076923,1964
AGPRDCROPXD,5.951567868,1964
SPDYNCDRTIN,80.76923077,1964
SPDYNTFRTIN,93.06930693,1964
AGPRDFOODXD,5.522712503,1964
AGLNDTOTLK2,1,1964
SPDYNLE00FEIN,10.15625,1964
SPDYNLE00MAIN,12.94117647,1964
SPDYNLE00IN,11.32075472,1964
AGPRDLVSKXD,4.85122785,1964
ITCELSETS,0,1964
ITCELSETSP2,0,1964
SPPOPTOTL,5.377906977,1964
SPPOP0014TOZS,100,1964
SPPOP1564TOZS,0,1964
SPPOP65UPTOZS,5.063291139,1964
ENPOPDNST,5.153936387,1964
SPPOPGROW,91.71597633,1964
ENURBLCTY,4.616998951,1964
ENURBLCTYURZS,39.53488372,1964
SPPOPTOTLFEZS,20,1964
SEPRMDURS,1,1964
SEPRMAGES,100,1964
SPRURTOTL,7.590759076,1964
SPRURTOTLZS,94.62365591,1964
SESECDURS,1,1964
SESECAGES,91.66666667,1964
AGSRFTOTLK2,1,1964
SPDYNTO65FEZS,9.278350515,1964
SPDYNTO65MAZS,14.89361702,1964
ITMLTMAIN,0.798150015,1964
ITMLTMAINP2,2.120558058,1964
SPURBTOTL,3.710430721,1964
SPURBTOTLINZS,5.376344086,1964
SPURBGROW,57.14285714,1964
NYADJDNGYCD,3.36E-06,1965
NYADJDMINCD,0.574699235,1965
SPADOTFRT,80.11049724,1965
SPPOPDPND,100,1965
SPPOPDPNDOL,80.48780488,1965
SPPOPDPNDYG,99.23469388,1965
SPDYNCBRTIN,86.66666667,1965
AGPRDCROPXD,6.069275543,1965
SPDYNCDRTIN,76.15384615,1965
SPDYNTFRTIN,90.84158416,1965
AGPRDFOODXD,6.178046289,1965
AGLNDTOTLK2,1,1965
SPDYNLE00FEIN,13.28125,1965
SPDYNLE00MAIN,16.47058824,1965
SPDYNLE00IN,14.1509434,1965
AGPRDLVSKXD,6.246371136,1965
ITCELSETS,0,1965
ITCELSETSP2,0,1965
SPPOPTOTL,6.686046512,1965
SPPOP0014TOZS,100,1965
SPPOP1564TOZS,0.840336134,1965
SPPOP65UPTOZS,3.797468354,1965
ENPOPDNST,6.886284581,1965
SPPOPGROW,86.98224852,1965
ENURBLCTY,5.876180483,1965
ENURBLCTYURZS,41.86046512,1965
SPPOPTOTLFEZS,20,1965
SEPRMDURS,1,1965
SEPRMAGES,100,1965
SPRURTOTL,9.240924092,1965
SPRURTOTLZS,93.01075269,1965
SESECDURS,1,1965
SESECAGES,91.66666667,1965
AGSRFTOTLK2,1,1965
SPDYNTO65FEZS,11.8556701,1965
SPDYNTO65MAZS,17.0212766,1965
ITMLTMAIN,1.085403535,1965
ITMLTMAINP2,2.833229603,1965
SPURBTOTL,4.696419305,1965
SPURBTOTLINZS,6.989247312,1965
SPURBGROW,54.76190476,1965
NYADJDNGYCD,8.79E-06,1966
NYADJDMINCD,0.73986448,1966
SPADOTFRT,75.69060773,1966
SPPOPDPND,97.42930591,1966
SPPOPDPNDOL,74.3902439,1966
SPPOPDPNDYG,97.44897959,1966
SPDYNCBRTIN,83.58974359,1966
AGPRDCROPXD,7.128644615,1966
SPDYNCDRTIN,71.92307692,1966
SPDYNTFRTIN,88.61386139,1966
AGPRDFOODXD,7.270269266,1966
AGLNDTOTLK2,1,1966
SPDYNLE00FEIN,15.625,1966
SPDYNLE00MAIN,18.82352941,1966
SPDYNLE00IN,16.98113208,1966
AGPRDLVSKXD,8.199571738,1966
ITCELSETS,0,1966
ITCELSETSP2,0,1966
SPPOPTOTL,8.139534884,1966
SPPOP0014TOZS,98.41269841,1966
SPPOP1564TOZS,2.521008403,1966
SPPOP65UPTOZS,1.265822785,1966
ENPOPDNST,8.185545727,1966
SPPOPGROW,81.65680473,1966
ENURBLCTY,7.240293809,1966
ENURBLCTYURZS,43.02325581,1966
SPPOPTOTLFEZS,20,1966
SEPRMDURS,1,1966
SEPRMAGES,100,1966
SPRURTOTL,11.22112211,1966
SPRURTOTLZS,91.39784946,1966
SESECDURS,1,1966
SESECAGES,91.66666667,1966
AGSRFTOTLK2,1,1966
SPDYNTO65FEZS,14.94845361,1966
SPDYNTO65MAZS,19.14893617,1966
ITMLTMAIN,1.419632737,1966
ITMLTMAINP2,3.638429258,1966
SPURBTOTL,5.812143228,1966
SPURBTOTLINZS,8.602150538,1966
SPURBGROW,53.43915344,1966
NYADJDNGYCD,2.29E-05,1967
NYADJDMINCD,0.927232954,1967
SPADOTFRT,71.27071823,1967
SPPOPDPND,94.85861183,1967
SPPOPDPNDOL,67.07317073,1967
SPPOPDPNDYG,94.64285714,1967
SPDYNCBRTIN,81.02564103,1967
AGPRDCROPXD,7.717182989,1967
SPDYNCDRTIN,67.69230769,1967
SPDYNTFRTIN,86.13861386,1967
AGPRDFOODXD,7.816380754,1967
AGLNDTOTLK2,1,1967
SPDYNLE00FEIN,18.75,1967
SPDYNLE00MAIN,22.35294118,1967
SPDYNLE00IN,19.81132075,1967
AGPRDLVSKXD,8.29258129,1967
ITCELSETS,0,1967
ITCELSETSP2,0,1967
SPPOPTOTL,9.447674419,1967
SPPOP0014TOZS,96.03174603,1967
SPPOP1564TOZS,5.042016807,1967
SPPOP65UPTOZS,0,1967
ENPOPDNST,9.484806872,1967
SPPOPGROW,77.5147929,1967
ENURBLCTY,8.604407135,1967
ENURBLCTYURZS,44.18604651,1967
SPPOPTOTLFEZS,0,1967
SEPRMDURS,1,1967
SEPRMAGES,100,1967
SPRURTOTL,13.20132013,1967
SPRURTOTLZS,89.78494624,1967
SESECDURS,1,1967
SESECAGES,91.66666667,1967
AGSRFTOTLK2,1,1967
SPDYNTO65FEZS,17.5257732,1967
SPDYNTO65MAZS,22.34042553,1967
ITMLTMAIN,1.808519739,1967
ITMLTMAINP2,4.548170169,1967
SPURBTOTL,6.850025947,1967
SPURBTOTLINZS,10.21505376,1967
SPURBGROW,51.05820106,1967
NYADJDNGYCD,5.96E-05,1968
NYADJDMINCD,1.139789444,1968
SPADOTFRT,65.19337017,1968
SPPOPDPND,91.2596401,1968
SPPOPDPNDOL,60.97560976,1968
SPPOPDPNDYG,91.32653061,1968
SPDYNCBRTIN,78.46153846,1968
AGPRDCROPXD,7.599475314,1968
SPDYNCDRTIN,63.46153846,1968
SPDYNTFRTIN,83.66336634,1968
AGPRDFOODXD,8.144047647,1968
AGLNDTOTLK2,1,1968
SPDYNLE00FEIN,21.875,1968
SPDYNLE00MAIN,24.70588235,1968
SPDYNLE00IN,22.64150943,1968
AGPRDLVSKXD,9.780734129,1968
ITCELSETS,0,1968
ITCELSETSP2,0,1968
SPPOPTOTL,10.90116279,1968
SPPOP0014TOZS,93.65079365,1968
SPPOP1564TOZS,7.56302521,1968
SPPOP65UPTOZS,0,1968
ENPOPDNST,10.78406802,1968
SPPOPGROW,73.96449704,1968
ENURBLCTY,10.07345226,1968
ENURBLCTYURZS,46.51162791,1968
SPPOPTOTLFEZS,0,1968
SEPRMDURS,1,1968
SEPRMAGES,100,1968
SPRURTOTL,14.85148515,1968
SPRURTOTLZS,88.70967742,1968
SESECDURS,1,1968
SESECAGES,91.66666667,1968
AGSRFTOTLK2,1,1968
SPDYNTO65FEZS,19.58762887,1968
SPDYNTO65MAZS,24.46808511,1968
ITMLTMAIN,2.267355397,1968
ITMLTMAINP2,5.573246989,1968
SPURBTOTL,7.887908666,1968
SPURBTOTLINZS,11.29032258,1968
SPURBGROW,49.73544974,1968
NYADJDNGYCD,0.000155005,1969
NYADJDMINCD,1.380919985,1969
SPADOTFRT,59.66850829,1969
SPPOPDPND,87.91773779,1969
SPPOPDPNDOL,56.09756098,1969
SPPOPDPNDYG,88.01020408,1969
SPDYNCBRTIN,75.8974359,1969
AGPRDCROPXD,9.835921135,1969
SPDYNCDRTIN,59.61538462,1969
SPDYNTFRTIN,80.94059406,1969
AGPRDFOODXD,10.00082671,1969
AGLNDTOTLK2,1,1969
SPDYNLE00FEIN,24.21875,1969
SPDYNLE00MAIN,27.05882353,1969
SPDYNLE00IN,25.47169811,1969
AGPRDLVSKXD,10.71082965,1969
ITCELSETS,0,1969
ITCELSETSP2,0,1969
SPPOPTOTL,12.35465116,1969
SPPOP0014TOZS,90.47619048,1969
SPPOP1564TOZS,10.92436975,1969
SPPOP65UPTOZS,0,1969
ENPOPDNST,12.51641621,1969
SPPOPGROW,72.78106509,1969
ENURBLCTY,11.54249738,1969
ENURBLCTYURZS,48.8372093,1969
SPPOPTOTLFEZS,0,1969
SEPRMDURS,1,1969
SEPRMAGES,100,1969
SPRURTOTL,16.83168317,1969
SPRURTOTLZS,87.09677419,1969
SESECDURS,1,1969
SESECAGES,91.66666667,1969
AGSRFTOTLK2,1,1969
SPDYNTO65FEZS,22.16494845,1969
SPDYNTO65MAZS,26.59574468,1969
ITMLTMAIN,2.784459336,1969
ITMLTMAINP2,6.739574042,1969
SPURBTOTL,8.925791386,1969
SPURBTOTLINZS,12.90322581,1969
SPURBGROW,48.67724868,1969
NYADJDNGYCD,0.000403151,1970
NYADJDMINCD,1.654465799,1970
SPADOTFRT,53.59116022,1970
SPPOPDPND,84.57583548,1970
SPPOPDPNDOL,54.87804878,1970
SPPOPDPNDYG,84.94897959,1970
SPDYNCBRTIN,73.84615385,1970
AGPRDCROPXD,12.54319765,1970
SPDYNCDRTIN,56.15384615,1970
SPDYNTFRTIN,77.97029703,1970
AGPRDFOODXD,11.42071658,1970
AGLNDTOTLK2,1,1970
SPDYNLE00FEIN,27.34375,1970
SPDYNLE00MAIN,29.41176471,1970
SPDYNLE00IN,28.30188679,1970
AGPRDLVSKXD,9.594715024,1970
ITCELSETS,0,1970
ITCELSETSP2,0,1970
SPPOPTOTL,13.80813953,1970
SPPOP0014TOZS,88.0952381,1970
SPPOP1564TOZS,13.44537815,1970
SPPOP65UPTOZS,1.265822785,1970
ENPOPDNST,13.81567736,1970
SPPOPGROW,72.18934911,1970
ENURBLCTY,13.22140609,1970
ENURBLCTYURZS,52.3255814,1970
SPPOPTOTLFEZS,0,1970
SEPRMDURS,1,1970
SEPRMAGES,100,1970
SPRURTOTL,18.81188119,1970
SPRURTOTLZS,85.48387097,1970
SESECDURS,1,1970
SESECAGES,91.66666667,1970
AGSRFTOTLK2,1,1970
SPDYNTO65FEZS,24.74226804,1970
SPDYNTO65MAZS,28.72340426,1970
ITMLTMAIN,3.400059265,1970
ITMLTMAINP2,8.043116043,1970
SPURBTOTL,9.963674105,1970
SPURBTOTLINZS,14.51612903,1970
SPURBGROW,48.41269841,1970
NYADJDNGYCD,0.001048477,1971
NYADJDMINCD,1.964784482,1971
SPADOTFRT,48.06629834,1971
SPPOPDPND,81.74807198,1971
SPPOPDPNDOL,54.87804878,1971
SPPOPDPNDYG,81.8877551,1971
SPDYNCBRTIN,71.79487179,1971
AGPRDCROPXD,14.30881278,1971
SPDYNCDRTIN,53.26923077,1971
SPDYNTFRTIN,75.24752475,1971
AGPRDFOODXD,13.05905104,1971
AGLNDTOTLK2,1,1971
SPDYNLE00FEIN,29.6875,1971
SPDYNLE00MAIN,31.76470588,1971
SPDYNLE00IN,30.18867925,1971
AGPRDLVSKXD,10.24578189,1971
ITCELSETS,0,1971
ITCELSETSP2,0,1971
SPPOPTOTL,15.40697674,1971
SPPOP0014TOZS,85.71428571,1971
SPPOP1564TOZS,15.96638655,1971
SPPOP65UPTOZS,3.797468354,1971
ENPOPDNST,15.54802555,1971
SPPOPGROW,72.18934911,1971
ENURBLCTY,15.94963274,1971
ENURBLCTYURZS,61.62790698,1971
SPPOPTOTLFEZS,0,1971
SEPRMDURS,1,1971
SEPRMAGES,100,1971
SPRURTOTL,20.4620462,1971
SPRURTOTLZS,82.79569892,1971
SESECDURS,1,1971
SESECAGES,91.66666667,1971
AGSRFTOTLK2,1,1971
SPDYNTO65FEZS,27.31958763,1971
SPDYNTO65MAZS,30.85106383,1971
ITMLTMAIN,3.843291213,1971
ITMLTMAINP2,8.820667412,1971
SPURBTOTL,11.2610275,1971
SPURBTOTLINZS,17.20430108,1971
SPURBGROW,67.1957672,1971
NYADJDNGYCD,0.002726711,1972
NYADJDMINCD,2.316819426,1972
SPADOTFRT,41.98895028,1972
SPPOPDPND,78.92030848,1972
SPPOPDPNDOL,58.53658537,1972
SPPOPDPNDYG,79.08163265,1972
SPDYNCBRTIN,70.25641026,1972
AGPRDCROPXD,13.36715138,1972
SPDYNCDRTIN,50.96153846,1972
SPDYNTFRTIN,72.52475248,1972
AGPRDFOODXD,12.40371726,1972
AGLNDTOTLK2,1,1972
SPDYNLE00FEIN,31.25,1972
SPDYNLE00MAIN,32.94117647,1972
SPDYNLE00IN,32.0754717,1972
AGPRDLVSKXD,10.15277234,1972
ITCELSETS,0,1972
ITCELSETSP2,0,1972
SPPOPTOTL,16.86046512,1972
SPPOP0014TOZS,83.33333333,1972
SPPOP1564TOZS,18.48739496,1972
SPPOP65UPTOZS,7.594936709,1972
ENPOPDNST,16.8472867,1972
SPPOPGROW,71.59763314,1972
ENURBLCTY,18.88772298,1972
ENURBLCTYURZS,72.09302326,1972
SPPOPTOTLFEZS,0,1972
SEPRMDURS,1,1972
SEPRMAGES,100,1972
SPRURTOTL,22.11221122,1972
SPRURTOTLZS,80.10752688,1972
SESECDURS,1,1972
SESECAGES,91.66666667,1972
AGSRFTOTLK2,1,1972
SPDYNTO65FEZS,29.3814433,1972
SPDYNTO65MAZS,32.9787234,1972
ITMLTMAIN,4.311147158,1972
ITMLTMAINP2,9.666826255,1972
SPURBTOTL,12.81785158,1972
SPURBTOTLINZS,19.89247312,1972
SPURBGROW,66.4021164,1972
NYADJDNGYCD,0.007091117,1973
NYADJDMINCD,2.716178564,1973
SPADOTFRT,40.33149171,1973
SPPOPDPND,76.3496144,1973
SPPOPDPNDOL,62.19512195,1973
SPPOPDPNDYG,76.2755102,1973
SPDYNCBRTIN,68.71794872,1973
AGPRDCROPXD,14.89735115,1973
SPDYNCDRTIN,49.23076923,1973
SPDYNTFRTIN,69.8019802,1973
AGPRDFOODXD,14.36971862,1973
AGLNDTOTLK2,1,1973
SPDYNLE00FEIN,32.8125,1973
SPDYNLE00MAIN,34.11764706,1973
SPDYNLE00IN,33.96226415,1973
AGPRDLVSKXD,13.96616399,1973
ITCELSETS,0,1973
ITCELSETSP2,0,1973
SPPOPTOTL,18.45930233,1973
SPPOP0014TOZS,80.95238095,1973
SPPOP1564TOZS,21.00840336,1973
SPPOP65UPTOZS,11.39240506,1973
ENPOPDNST,18.57963489,1973
SPPOPGROW,71.00591716,1973
ENURBLCTY,22.03567681,1973
ENURBLCTYURZS,81.39534884,1973
SPPOPTOTLFEZS,0,1973
SEPRMDURS,1,1973
SEPRMAGES,100,1973
SPRURTOTL,24.09240924,1973
SPRURTOTLZS,77.41935484,1973
SESECDURS,1,1973
SESECAGES,91.66666667,1973
AGSRFTOTLK2,1,1973
SPDYNTO65FEZS,30.92783505,1973
SPDYNTO65MAZS,32.9787234,1973
ITMLTMAIN,4.828251098,1973
ITMLTMAINP2,10.55872341,1973
SPURBTOTL,14.37467566,1973
SPURBTOTLINZS,22.58064516,1973
SPURBGROW,65.60846561,1973
NYADJDNGYCD,0.018441171,1974
NYADJDMINCD,3.169223704,1974
SPADOTFRT,38.67403315,1974
SPPOPDPND,73.77892031,1974
SPPOPDPNDOL,65.85365854,1974
SPPOPDPNDYG,73.7244898,1974
SPDYNCBRTIN,67.69230769,1974
AGPRDCROPXD,18.42858139,1974
SPDYNCDRTIN,48.26923077,1974
SPDYNTFRTIN,67.07920792,1974
AGPRDFOODXD,18.52016593,1974
AGLNDTOTLK2,1,1974
SPDYNLE00FEIN,34.375,1974
SPDYNLE00MAIN,34.11764706,1974
SPDYNLE00IN,34.90566038,1974
AGPRDLVSKXD,19.82576579,1974
ITCELSETS,0,1974
ITCELSETSP2,0,1974
SPPOPTOTL,20.20348837,1974
SPPOP0014TOZS,78.57142857,1974
SPPOP1564TOZS,22.68907563,1974
SPPOP65UPTOZS,15.18987342,1974
ENPOPDNST,20.31198308,1974
SPPOPGROW,69.82248521,1974
ENURBLCTY,25.39349423,1974
ENURBLCTYURZS,91.86046512,1974
SPPOPTOTLFEZS,0,1974
SEPRMDURS,1,1974
SEPRMAGES,100,1974
SPRURTOTL,25.74257426,1974
SPRURTOTLZS,74.7311828,1974
SESECDURS,1,1974
SESECAGES,91.66666667,1974
AGSRFTOTLK2,1,1974
SPDYNTO65FEZS,32.4742268,1974
SPDYNTO65MAZS,32.9787234,1974
ITMLTMAIN,5.394603032,1974
ITMLTMAINP2,11.49635889,1974
SPURBTOTL,15.93149974,1974
SPURBTOTLINZS,25.2688172,1974
SPURBGROW,64.28571429,1974
NYADJDNGYCD,0.047958072,1975
NYADJDMINCD,3.683171879,1975
SPADOTFRT,36.4640884,1975
SPPOPDPND,71.20822622,1975
SPPOPDPNDOL,68.29268293,1975
SPPOPDPNDYG,71.17346939,1975
SPDYNCBRTIN,66.66666667,1975
AGPRDCROPXD,26.07958025,1975
SPDYNCDRTIN,47.5,1975
SPDYNTFRTIN,64.6039604,1975
AGPRDFOODXD,22.34294635,1975
AGLNDTOTLK2,1,1975
SPDYNLE00FEIN,35.15625,1975
SPDYNLE00MAIN,34.11764706,1975
SPDYNLE00IN,34.90566038,1975
AGPRDLVSKXD,15.08227862,1975
ITCELSETS,0,1975
ITCELSETSP2,0,1975
SPPOPTOTL,21.80232558,1975
SPPOP0014TOZS,76.19047619,1975
SPPOP1564TOZS,25.21008403,1975
SPPOP65UPTOZS,18.98734177,1975
ENPOPDNST,21.61124423,1975
SPPOPGROW,68.04733728,1975
ENURBLCTY,28.64637985,1975
ENURBLCTYURZS,100,1975
SPPOPTOTLFEZS,0,1975
SEPRMDURS,1,1975
SEPRMAGES,100,1975
SPRURTOTL,27.39273927,1975
SPRURTOTLZS,71.50537634,1975
SESECDURS,1,1975
SESECAGES,91.66666667,1975
AGSRFTOTLK2,1,1975
SPDYNTO65FEZS,33.50515464,1975
SPDYNTO65MAZS,32.9787234,1975
ITMLTMAIN,6.034826957,1975
ITMLTMAINP2,12.50260184,1975
SPURBTOTL,17.48832382,1975
SPURBTOTLINZS,28.49462366,1975
SPURBGROW,62.96296296,1975
NYADJDNGYCD,0.124719588,1976
NYADJDMINCD,3.040960088,1976
SPADOTFRT,34.80662983,1976
SPPOPDPND,68.89460154,1976
SPPOPDPNDOL,70.73170732,1976
SPPOPDPNDYG,68.87755102,1976
SPDYNCBRTIN,65.64102564,1976
AGPRDCROPXD,31.61184097,1976
SPDYNCDRTIN,46.92307692,1976
SPDYNTFRTIN,61.88118812,1976
AGPRDFOODXD,26.27494906,1976
AGLNDTOTLK2,1,1976
SPDYNLE00FEIN,36.71875,1976
SPDYNLE00MAIN,34.11764706,1976
SPDYNLE00IN,35.8490566,1976
AGPRDLVSKXD,14.3382022,1976
ITCELSETS,0,1976
ITCELSETSP2,0,1976
SPPOPTOTL,23.54651163,1976
SPPOP0014TOZS,73.80952381,1976
SPPOP1564TOZS,27.73109244,1976
SPPOP65UPTOZS,22.78481013,1976
ENPOPDNST,23.34359242,1976
SPPOPGROW,66.27218935,1976
ENURBLCTY,30.53515215,1976
ENURBLCTYURZS,98.8372093,1976
SPPOPTOTLFEZS,0,1976
SEPRMDURS,1,1976
SEPRMAGES,100,1976
SPRURTOTL,29.37293729,1976
SPRURTOTLZS,69.89247312,1976
SESECDURS,1,1976
SESECAGES,91.66666667,1976
AGSRFTOTLK2,1,1976
SPDYNTO65FEZS,35.05154639,1976
SPDYNTO65MAZS,32.9787234,1976
ITMLTMAIN,6.5273069,1976
ITMLTMAINP2,13.16580741,1976
SPURBTOTL,19.0451479,1976
SPURBTOTLINZS,30.10752688,1976
SPURBGROW,52.11640212,1976
NYADJDNGYCD,0.324345238,1977
NYADJDMINCD,3.699245291,1977
SPADOTFRT,33.14917127,1977
SPPOPDPND,66.58097686,1977
SPPOPDPNDOL,73.17073171,1977
SPPOPDPNDYG,66.58163265,1977
SPDYNCBRTIN,64.61538462,1977
AGPRDCROPXD,33.02433306,1977
SPDYNCDRTIN,46.34615385,1977
SPDYNTFRTIN,59.40594059,1977
AGPRDFOODXD,27.69483893,1977
AGLNDTOTLK2,1,1977
SPDYNLE00FEIN,37.5,1977
SPDYNLE00MAIN,35.29411765,1977
SPDYNLE00IN,36.79245283,1977
AGPRDLVSKXD,16.1053837,1977
ITCELSETS,0,1977
ITCELSETSP2,0,1977
SPPOPTOTL,25.29069767,1977
SPPOP0014TOZS,71.42857143,1977
SPPOP1564TOZS,29.41176471,1977
SPPOP65UPTOZS,25.3164557,1977
ENPOPDNST,25.07594062,1977
SPPOPGROW,65.0887574,1977
ENURBLCTY,32.42392445,1977
ENURBLCTYURZS,97.6744186,1977
SPPOPTOTLFEZS,0,1977
SEPRMDURS,1,1977
SEPRMAGES,100,1977
SPRURTOTL,31.35313531,1977
SPRURTOTLZS,67.74193548,1977
SESECDURS,1,1977
SESECAGES,91.66666667,1977
AGSRFTOTLK2,1,1977
SPDYNTO65FEZS,36.08247423,1977
SPDYNTO65MAZS,34.04255319,1977
ITMLTMAIN,8.004746728,1977
ITMLTMAINP2,15.86436805,1977
SPURBTOTL,20.60197198,1977
SPURBTOTLINZS,32.25806452,1977
SPURBGROW,51.32275132,1977
NYADJDNGYCD,0.233884269,1978
NYADJDMINCD,3.104665107,1978
SPADOTFRT,30.38674033,1978
SPPOPDPND,64.26735219,1978
SPPOPDPNDOL,73.17073171,1978
SPPOPDPNDYG,64.28571429,1978
SPDYNCBRTIN,63.58974359,1978
AGPRDCROPXD,35.02536353,1978
SPDYNCDRTIN,45.19230769,1978
SPDYNTFRTIN,56.68316832,1978
AGPRDFOODXD,29.3331734,1978
AGLNDTOTLK2,1,1978
SPDYNLE00FEIN,39.0625,1978
SPDYNLE00MAIN,35.29411765,1978
SPDYNLE00IN,37.73584906,1978
AGPRDLVSKXD,17.40751743,1978
ITCELSETS,0,1978
ITCELSETSP2,0,1978
SPPOPTOTL,27.03488372,1978
SPPOP0014TOZS,69.04761905,1978
SPPOP1564TOZS,31.93277311,1978
SPPOP65UPTOZS,27.84810127,1978
ENPOPDNST,26.80828881,1978
SPPOPGROW,64.49704142,1978
ENURBLCTY,34.52256034,1978
ENURBLCTYURZS,96.51162791,1978
SPPOPTOTLFEZS,0,1978
SEPRMDURS,1,1978
SEPRMAGES,100,1978
SPRURTOTL,33.33333333,1978
SPRURTOTLZS,65.59139785,1978
SESECDURS,1,1978
SESECAGES,91.66666667,1978
AGSRFTOTLK2,1,1978
SPDYNTO65FEZS,38.65979381,1978
SPDYNTO65MAZS,35.10638298,1978
ITMLTMAIN,8.177114708,1978
ITMLTMAINP2,15.70428394,1978
SPURBTOTL,22.15879606,1978
SPURBTOTLINZS,34.40860215,1978
SPURBGROW,50.52910053,1978
NYADJDNGYCD,12.7272727,1979
NYADJDMINCD,6.863261267,1979
SPADOTFRT,27.0718232,1979
SPPOPDPND,61.95372751,1979
SPPOPDPNDOL,73.17073171,1979
SPPOPDPNDYG,61.98979592,1979
SPDYNCBRTIN,62.05128205,1979
AGPRDCROPXD,36.90868633,1979
SPDYNCDRTIN,43.65384615,1979
SPDYNTFRTIN,53.96039604,1979
AGPRDFOODXD,31.51761935,1979
AGLNDTOTLK2,1,1979
SPDYNLE00FEIN,40.625,1979
SPDYNLE00MAIN,36.47058824,1979
SPDYNLE00IN,38.67924528,1979
AGPRDLVSKXD,20.66285177,1979
ITCELSETS,0,1979
ITCELSETSP2,0,1979
SPPOPTOTL,28.77906977,1979
SPPOP0014TOZS,67.46031746,1979
SPPOP1564TOZS,33.61344538,1979
SPPOP65UPTOZS,29.11392405,1979
ENPOPDNST,28.97372405,1979
SPPOPGROW,63.90532544,1979
ENURBLCTY,36.51626443,1979
ENURBLCTYURZS,95.34883721,1979
SPPOPTOTLFEZS,0,1979
SEPRMDURS,1,1979
SEPRMAGES,100,1979
SPRURTOTL,35.31353135,1979
SPRURTOTLZS,63.44086022,1979
SESECDURS,1,1979
SESECAGES,91.66666667,1979
AGSRFTOTLK2,1,1979
SPDYNTO65FEZS,40.72164948,1979
SPDYNTO65MAZS,37.23404255,1979
ITMLTMAIN,8.620346656,1979
ITMLTMAINP2,16.07019047,1979
SPURBTOTL,23.71562013,1979
SPURBTOTLINZS,36.55913978,1979
SPURBGROW,50,1979
NYADJDNGYCD,6.933884271,1980
NYADJDMINCD,10.43074237,1980
SPADOTFRT,24.30939227,1980
SPPOPDPND,59.64010283,1980
SPPOPDPNDOL,69.51219512,1980
SPPOPDPNDYG,59.69387755,1980
SPDYNCBRTIN,60.51282051,1980
AGPRDCROPXD,39.26283982,1980
SPDYNCDRTIN,41.34615385,1980
SPDYNTFRTIN,51.23762376,1980
AGPRDFOODXD,34.0297322,1980
AGLNDTOTLK2,1,1980
SPDYNLE00FEIN,42.96875,1980
SPDYNLE00MAIN,38.82352941,1980
SPDYNLE00IN,41.50943396,1980
AGPRDLVSKXD,23.17410968,1980
ITCELSETS,0,1980
ITCELSETSP2,0,1980
SPPOPTOTL,30.66860465,1980
SPPOP0014TOZS,65.07936508,1980
SPPOP1564TOZS,36.13445378,1980
SPPOP65UPTOZS,29.11392405,1980
ENPOPDNST,30.70607225,1980
SPPOPGROW,63.90532544,1980
ENURBLCTY,38.61490031,1980
ENURBLCTYURZS,94.18604651,1980
SPPOPTOTLFEZS,0,1980
SEPRMDURS,1,1980
SEPRMAGES,100,1980
SPRURTOTL,37.29372937,1980
SPRURTOTLZS,61.29032258,1980
SESECDURS,1,1980
SESECAGES,91.66666667,1980
AGSRFTOTLK2,1,1980
SPDYNTO65FEZS,42.78350515,1980
SPDYNTO65MAZS,39.36170213,1980
ITMLTMAIN,9.383690567,1980
ITMLTMAINP2,17.0306951,1980
SPURBTOTL,25.53191489,1980
SPURBTOTLINZS,38.70967742,1980
SPURBGROW,49.73544974,1980
NYADJDNGYCD,3.818181791,1981
NYADJDMINCD,7.224256378,1981
SPADOTFRT,21.54696133,1981
SPPOPDPND,57.32647815,1981
SPPOPDPNDOL,65.85365854,1981
SPPOPDPNDYG,57.39795918,1981
SPDYNCBRTIN,58.97435897,1981
AGPRDCROPXD,41.2638703,1981
SPDYNCDRTIN,38.65384615,1981
SPDYNTFRTIN,48.76237624,1981
AGPRDFOODXD,35.01273288,1981
AGLNDTOTLK2,1,1981
SPDYNLE00FEIN,45.3125,1981
SPDYNLE00MAIN,41.17647059,1981
SPDYNLE00IN,43.39622642,1981
AGPRDLVSKXD,23.36012879,1981
ITCELSETS,0,1981
ITCELSETSP2,0,1981
SPPOPTOTL,32.55813953,1981
SPPOP0014TOZS,62.6984127,1981
SPPOP1564TOZS,37.81512605,1981
SPPOP65UPTOZS,29.11392405,1981
ENPOPDNST,32.43842044,1981
SPPOPGROW,63.90532544,1981
ENURBLCTY,40.50367261,1981
ENURBLCTYURZS,83.72093023,1981
SPPOPTOTLFEZS,0,1981
SEPRMDURS,1,1981
SEPRMAGES,100,1981
SPRURTOTL,38.28382838,1981
SPRURTOTLZS,55.37634409,1981
SESECDURS,1,1981
SESECAGES,91.66666667,1981
AGSRFTOTLK2,1,1981
SPDYNTO65FEZS,45.36082474,1981
SPDYNTO65MAZS,41.4893617,1981
ITMLTMAIN,9.950042501,1981
ITMLTMAINP2,17.55668573,1981
SPURBTOTL,28.12662169,1981
SPURBTOTLINZS,44.62365591,1981
SPURBGROW,100,1981
NYADJDNGYCD,6.504132205,1982
NYADJDMINCD,4.909640664,1982
SPADOTFRT,18.78453039,1982
SPPOPDPND,54.75578406,1982
SPPOPDPNDOL,59.75609756,1982
SPPOPDPNDYG,55.10204082,1982
SPDYNCBRTIN,56.92307692,1982
AGPRDCROPXD,44.67739286,1982
SPDYNCDRTIN,35.38461538,1982
SPDYNTFRTIN,46.28712871,1982
AGPRDFOODXD,36.97873424,1982
AGLNDTOTLK2,1,1982
SPDYNLE00FEIN,47.65625,1982
SPDYNLE00MAIN,44.70588235,1982
SPDYNLE00IN,46.22641509,1982
AGPRDLVSKXD,21.9649855,1982
ITCELSETS,0,1982
ITCELSETSP2,0,1982
SPPOPTOTL,34.59302326,1982
SPPOP0014TOZS,61.11111111,1982
SPPOP1564TOZS,40.33613445,1982
SPPOP65UPTOZS,27.84810127,1982
ENPOPDNST,34.60385568,1982
SPPOPGROW,63.90532544,1982
ENURBLCTY,42.39244491,1982
ENURBLCTYURZS,73.25581395,1982
SPPOPTOTLFEZS,0,1982
SEPRMDURS,1,1982
SEPRMAGES,100,1982
SPRURTOTL,39.27392739,1982
SPRURTOTLZS,49.46236559,1982
SESECDURS,1,1982
SESECAGES,91.66666667,1982
AGSRFTOTLK2,1,1982
SPDYNTO65FEZS,47.42268041,1982
SPDYNTO65MAZS,43.61702128,1982
ITMLTMAIN,10.88575439,1982
ITMLTMAINP2,18.72301279,1982
SPURBTOTL,30.98079917,1982
SPURBTOTLINZS,50.53763441,1982
SPURBGROW,97.61904762,1982
NYADJDNGYCD,7.826446255,1983
NYADJDMINCD,5.61039588,1983
SPADOTFRT,17.12707182,1983
SPPOPDPND,52.44215938,1983
SPPOPDPNDOL,53.65853659,1983
SPPOPDPNDYG,53.06122449,1983
SPDYNCBRTIN,55.38461538,1983
AGPRDCROPXD,37.73264005,1983
SPDYNCDRTIN,31.92307692,1983
SPDYNTFRTIN,43.81188119,1983
AGPRDFOODXD,32.60984233,1983
AGLNDTOTLK2,1,1983
SPDYNLE00FEIN,50.78125,1983
SPDYNLE00MAIN,48.23529412,1983
SPDYNLE00IN,50,1983
AGPRDLVSKXD,24.01119565,1983
ITCELSETS,0,1983
ITCELSETSP2,0,1983
SPPOPTOTL,36.62790698,1983
SPPOP0014TOZS,58.73015873,1983
SPPOP1564TOZS,42.85714286,1983
SPPOP65UPTOZS,26.58227848,1983
ENPOPDNST,36.76929092,1983
SPPOPGROW,63.31360947,1983
ENURBLCTY,44.386149,1983
ENURBLCTYURZS,63.95348837,1983
SPPOPTOTLFEZS,0,1983
SEPRMDURS,1,1983
SEPRMAGES,100,1983
SPRURTOTL,40.2640264,1983
SPRURTOTLZS,43.5483871,1983
SESECDURS,1,1983
SESECAGES,91.66666667,1983
AGSRFTOTLK2,1,1983
SPDYNTO65FEZS,50,1983
SPDYNTO65MAZS,46.80851064,1983
ITMLTMAIN,11.10737037,1983
ITMLTMAINP2,18.54005952,1983
SPURBTOTL,33.83497665,1983
SPURBTOTLINZS,56.4516129,1983
SPURBGROW,95.23809524,1983
NYADJDNGYCD,6.454545428,1984
NYADJDMINCD,3.82665533,1984
SPADOTFRT,15.46961326,1984
SPPOPDPND,50.38560411,1984
SPPOPDPNDOL,47.56097561,1984
SPPOPDPNDYG,51.02040816,1984
SPDYNCBRTIN,53.84615385,1984
AGPRDCROPXD,39.3805475,1984
SPDYNCDRTIN,28.26923077,1984
SPDYNTFRTIN,41.83168317,1984
AGPRDFOODXD,34.0297322,1984
AGLNDTOTLK2,1,1984
SPDYNLE00FEIN,53.90625,1984
SPDYNLE00MAIN,51.76470588,1984
SPDYNLE00IN,52.83018868,1984
AGPRDLVSKXD,24.75527207,1984
ITCELSETS,0,1984
ITCELSETSP2,0,1984
SPPOPTOTL,38.6627907,1984
SPPOP0014TOZS,57.14285714,1984
SPPOP1564TOZS,44.53781513,1984
SPPOP65UPTOZS,25.3164557,1984
ENPOPDNST,38.50163912,1984
SPPOPGROW,62.72189349,1984
ENURBLCTY,46.3798531,1984
ENURBLCTYURZS,55.81395349,1984
SPPOPTOTLFEZS,0,1984
SEPRMDURS,1,1984
SEPRMAGES,100,1984
SPRURTOTL,40.92409241,1984
SPRURTOTLZS,37.6344086,1984
SESECDURS,1,1984
SESECAGES,91.66666667,1984
AGSRFTOTLK2,1,1984
SPDYNTO65FEZS,53.09278351,1984
SPDYNTO65MAZS,50,1984
ITMLTMAIN,11.47673032,1984
ITMLTMAINP2,18.58579784,1984
SPURBTOTL,36.94862481,1984
SPURBTOTLINZS,62.3655914,1984
SPURBGROW,93.12169312,1984
NYADJDNGYCD,4.661156998,1985
NYADJDMINCD,3.975300376,1985
SPADOTFRT,13.8121547,1985
SPPOPDPND,48.32904884,1985
SPPOPDPNDOL,42.68292683,1985
SPPOPDPNDYG,48.97959184,1985
SPDYNCBRTIN,51.79487179,1985
AGPRDCROPXD,42.20553169,1985
SPDYNCDRTIN,24.80769231,1985
SPDYNTFRTIN,39.6039604,1985
AGPRDFOODXD,34.35739909,1985
AGLNDTOTLK2,1,1985
SPDYNLE00FEIN,57.03125,1985
SPDYNLE00MAIN,55.29411765,1985
SPDYNLE00IN,56.60377358,1985
AGPRDLVSKXD,18.80266072,1985
ITCELSETS,0,1985
ITCELSETSP2,0,1985
SPPOPTOTL,40.69767442,1985
SPPOP0014TOZS,55.55555556,1985
SPPOP1564TOZS,47.05882353,1985
SPPOP65UPTOZS,24.05063291,1985
ENPOPDNST,40.66707436,1985
SPPOPGROW,62.13017751,1985
ENURBLCTY,48.47848898,1985
ENURBLCTYURZS,47.6744186,1985
SPPOPTOTLFEZS,0,1985
SEPRMDURS,1,1985
SEPRMAGES,100,1985
SPRURTOTL,41.58415842,1985
SPRURTOTLZS,31.72043011,1985
SESECDURS,1,1985
SESECAGES,91.66666667,1985
AGSRFTOTLK2,1,1985
SPDYNTO65FEZS,55.67010309,1985
SPDYNTO65MAZS,54.25531915,1985
ITMLTMAIN,11.59985031,1985
ITMLTMAINP2,18.21989131,1985
SPURBTOTL,40.06227296,1985
SPURBTOTLINZS,68.27956989,1985
SPURBGROW,91.00529101,1985
NYADJDNGYCD,3.033057824,1986
NYADJDMINCD,4.081475409,1986
SPADOTFRT,12.15469613,1986
SPPOPDPND,46.52956298,1986
SPPOPDPNDOL,39.02439024,1986
SPPOPDPNDYG,47.44897959,1986
SPDYNCBRTIN,50.25641026,1986
AGPRDCROPXD,47.38466938,1986
SPDYNCDRTIN,21.34615385,1986
SPDYNTFRTIN,37.62376238,1986
AGPRDFOODXD,38.8355133,1986
AGLNDTOTLK2,1,1986
SPDYNLE00FEIN,60.15625,1986
SPDYNLE00MAIN,58.82352941,1986
SPDYNLE00IN,60.37735849,1986
AGPRDLVSKXD,21.68595684,1986
ITCELSETS,0,1986
ITCELSETSP2,0,1986
SPPOPTOTL,42.87790698,1986
SPPOP0014TOZS,53.96825397,1986
SPPOP1564TOZS,48.7394958,1986
SPPOP65UPTOZS,22.78481013,1986
ENPOPDNST,42.8325096,1986
SPPOPGROW,61.53846154,1986
ENURBLCTY,50.57712487,1986
ENURBLCTYURZS,39.53488372,1986
SPPOPTOTLFEZS,20,1986
SEPRMDURS,1,1986
SEPRMAGES,100,1986
SPRURTOTL,42.57425743,1986
SPRURTOTLZS,25.2688172,1986
SESECDURS,1,1986
SESECAGES,91.66666667,1986
AGSRFTOTLK2,1,1986
SPDYNTO65FEZS,58.7628866,1986
SPDYNTO65MAZS,57.44680851,1986
ITMLTMAIN,12.21545024,1986
ITMLTMAINP2,18.67727447,1986
SPURBTOTL,43.17592112,1986
SPURBTOTLINZS,74.7311828,1986
SPURBGROW,88.62433862,1986
NYADJDNGYCD,1.983471046,1987
NYADJDMINCD,5.6741009,1987
SPADOTFRT,10.49723757,1987
SPPOPDPND,44.98714653,1987
SPPOPDPNDOL,36.58536585,1987
SPPOPDPNDYG,45.91836735,1987
SPDYNCBRTIN,48.20512821,1987
AGPRDCROPXD,45.14822356,1987
SPDYNCDRTIN,18.46153846,1987
SPDYNTFRTIN,35.64356436,1987
AGPRDFOODXD,37.30640113,1987
AGLNDTOTLK2,1,1987
SPDYNLE00FEIN,63.28125,1987
SPDYNLE00MAIN,62.35294118,1987
SPDYNLE00IN,63.20754717,1987
AGPRDLVSKXD,24.10420521,1987
ITCELSETS,0,1987
ITCELSETSP2,0,1987
SPPOPTOTL,45.05813953,1987
SPPOP0014TOZS,52.38095238,1987
SPPOP1564TOZS,50.42016807,1987
SPPOP65UPTOZS,22.78481013,1987
ENPOPDNST,44.99794485,1987
SPPOPGROW,60.35502959,1987
ENURBLCTY,52.78069255,1987
ENURBLCTYURZS,31.39534884,1987
SPPOPTOTLFEZS,20,1987
SEPRMDURS,1,1987
SEPRMAGES,100,1987
SPRURTOTL,43.23432343,1987
SPRURTOTLZS,19.35483871,1987
SESECDURS,1,1987
SESECAGES,91.66666667,1987
AGSRFTOTLK2,1,1987
SPDYNTO65FEZS,61.34020619,1987
SPDYNTO65MAZS,60.63829787,1987
ITMLTMAIN,12.48631421,1987
ITMLTMAINP2,18.51719037,1987
SPURBTOTL,46.54903996,1987
SPURBTOTLINZS,80.64516129,1987
SPURBGROW,86.50793651,1987
NYADJDNGYCD,1.859504104,1988
NYADJDMINCD,7.903776588,1988
SPADOTFRT,11.60220994,1988
SPPOPDPND,43.44473008,1988
SPPOPDPNDOL,32.92682927,1988
SPPOPDPNDYG,44.64285714,1988
SPDYNCBRTIN,46.15384615,1988
AGPRDCROPXD,44.44197751,1988
SPDYNCDRTIN,15.76923077,1988
SPDYNTFRTIN,33.91089109,1988
AGPRDFOODXD,37.74329032,1988
AGLNDTOTLK2,1,1988
SPDYNLE00FEIN,65.625,1988
SPDYNLE00MAIN,65.88235294,1988
SPDYNLE00IN,66.03773585,1988
AGPRDLVSKXD,27.08051088,1988
ITCELSETS,0,1988
ITCELSETSP2,0,1988
SPPOPTOTL,47.38372093,1988
SPPOP0014TOZS,50.79365079,1988
SPPOP1564TOZS,51.2605042,1988
SPPOP65UPTOZS,22.78481013,1988
ENPOPDNST,47.16338009,1988
SPPOPGROW,58.57988166,1988
ENURBLCTY,55.08919203,1988
ENURBLCTYURZS,24.41860465,1988
SPPOPTOTLFEZS,20,1988
SEPRMDURS,1,1988
SEPRMAGES,100,1988
SPRURTOTL,43.89438944,1988
SPRURTOTLZS,13.44086022,1988
SESECDURS,1,1988
SESECAGES,91.66666667,1988
AGSRFTOTLK2,1,1988
SPDYNTO65FEZS,62.88659794,1988
SPDYNTO65MAZS,61.70212766,1988
ITMLTMAIN,13.10191413,1988
ITMLTMAINP2,18.90596605,1988
SPURBTOTL,50.18162948,1988
SPURBTOTLINZS,86.55913978,1988
SPURBGROW,84.12698413,1988
NYADJDNGYCD,2.330578485,1989
NYADJDMINCD,8.498356771,1989
SPADOTFRT,12.15469613,1989
SPPOPDPND,42.15938303,1989
SPPOPDPNDOL,30.48780488,1989
SPPOPDPNDYG,43.1122449,1989
SPDYNCBRTIN,44.1025641,1989
AGPRDCROPXD,46.91383868,1989
SPDYNCDRTIN,13.65384615,1989
SPDYNTFRTIN,31.93069307,1989
AGPRDFOODXD,40.80151465,1989
AGLNDTOTLK2,1,1989
SPDYNLE00FEIN,67.96875,1989
SPDYNLE00MAIN,68.23529412,1989
SPDYNLE00IN,67.9245283,1989
AGPRDLVSKXD,31.63797895,1989
ITCELSETS,0,1989
ITCELSETSP2,0,1989
SPPOPTOTL,49.56395349,1989
SPPOP0014TOZS,49.20634921,1989
SPPOP1564TOZS,52.94117647,1989
SPPOP65UPTOZS,21.51898734,1989
ENPOPDNST,49.76190238,1989
SPPOPGROW,55.0295858,1989
ENURBLCTY,57.3976915,1989
ENURBLCTYURZS,18.60465116,1989
SPPOPTOTLFEZS,20,1989
SEPRMDURS,1,1989
SEPRMAGES,100,1989
SPRURTOTL,44.22442244,1989
SPRURTOTLZS,7.52688172,1989
SESECDURS,1,1989
SESECAGES,91.66666667,1989
AGSRFTOTLK2,1,1989
SPDYNTO65FEZS,64.94845361,1989
SPDYNTO65MAZS,63.82978723,1989
ITMLTMAIN,13.59439408,1989
ITMLTMAINP2,19.13465763,1989
SPURBTOTL,53.81421899,1989
SPURBTOTLINZS,92.47311828,1989
SPURBGROW,80.95238095,1989
NYADJDNGYCD,2.7272727,1990
NYADJDMINCD,6.22621107,1990
SPADOTFRT,13.25966851,1990
SPPOPDPND,40.35989717,1990
SPPOPDPNDOL,25.6097561,1990
SPPOPDPNDYG,41.58163265,1990
SPDYNCBRTIN,42.05128205,1990
AGPRDCROPXD,56.09503732,1990
SPDYNCDRTIN,11.92307692,1990
SPDYNTFRTIN,29.95049505,1990
AGPRDFOODXD,48.1194086,1990
AGLNDTOTLK2,1,1990
SPDYNLE00FEIN,69.53125,1990
SPDYNLE00MAIN,69.41176471,1990
SPDYNLE00IN,69.81132075,1990
AGPRDLVSKXD,32.28904582,1990
ITCELSETS,0,1990
ITCELSETSP2,0,1990
SPPOPTOTL,51.74418605,1990
SPPOP0014TOZS,47.61904762,1990
SPPOP1564TOZS,54.62184874,1990
SPPOP65UPTOZS,20.25316456,1990
ENPOPDNST,51.92733762,1990
SPPOPGROW,50.29585799,1990
ENURBLCTY,59.81112277,1990
ENURBLCTYURZS,12.79069767,1990
SPPOPTOTLFEZS,20,1990
SEPRMDURS,1,1990
SEPRMAGES,100,1990
SPRURTOTL,44.55445545,1990
SPRURTOTLZS,1.612903226,1990
SESECDURS,1,1990
SESECAGES,91.66666667,1990
AGSRFTOTLK2,1,1990
SPDYNTO65FEZS,66.49484536,1990
SPDYNTO65MAZS,64.89361702,1990
ITMLTMAIN,14.06225002,1990
ITMLTMAINP2,19.27187258,1990
SPURBTOTL,57.44680851,1990
SPURBTOTLINZS,98.38709677,1990
SPURBGROW,77.51322751,1990
NYADJDNGYCD,1.884297493,1991
NYADJDMINCD,4.357530494,1991
SPADOTFRT,14.36464088,1991
SPPOPDPND,38.56041131,1991
SPPOPDPNDOL,19.51219512,1991
SPPOPDPNDYG,40.05102041,1991
SPDYNCBRTIN,40,1991
AGPRDCROPXD,54.91796057,1991
SPDYNCDRTIN,10.38461538,1991
SPDYNTFRTIN,28.21782178,1991
AGPRDFOODXD,48.88396468,1991
AGLNDTOTLK2,1,1991
SPDYNLE00FEIN,71.875,1991
SPDYNLE00MAIN,71.76470588,1991
SPDYNLE00IN,71.69811321,1991
AGPRDLVSKXD,38.33466673,1991
ITCELSETS,0.036730361,1991
ITCELSETSP2,0.055186304,1991
SPPOPTOTL,54.06976744,1991
SPPOP0014TOZS,46.03174603,1991
SPPOP1564TOZS,56.30252101,1991
SPPOP65UPTOZS,18.98734177,1991
ENPOPDNST,54.09277286,1991
SPPOPGROW,46.15384615,1991
ENURBLCTY,62.64428122,1991
ENURBLCTYURZS,15.11627907,1991
SPPOPTOTLFEZS,20,1991
SEPRMDURS,1,1991
SEPRMAGES,100,1991
SPRURTOTL,47.52475248,1991
SPRURTOTLZS,2.150537634,1991
SESECDURS,1,1991
SESECAGES,91.66666667,1991
AGSRFTOTLK2,1,1991
SPDYNTO65FEZS,68.55670103,1991
SPDYNTO65MAZS,67.0212766,1991
ITMLTMAIN,14.99796191,1991
ITMLTMAINP2,20.18663889,1991
SPURBTOTL,59.26310327,1991
SPURBTOTLINZS,97.84946237,1991
SPURBGROW,11.11111111,1991
NYADJDNGYCD,4.132231378,1992
NYADJDMINCD,3.317015173,1992
SPADOTFRT,15.46961326,1992
SPPOPDPND,36.76092545,1992
SPPOPDPNDOL,12.19512195,1992
SPPOPDPNDYG,38.26530612,1992
SPDYNCBRTIN,37.43589744,1992
AGPRDCROPXD,57.15440639,1992
SPDYNCDRTIN,9.230769231,1992
SPDYNTFRTIN,26.48514851,1992
AGPRDFOODXD,50.52229915,1992
AGLNDTOTLK2,1,1992
SPDYNLE00FEIN,73.4375,1992
SPDYNLE00MAIN,72.94117647,1992
SPDYNLE00IN,73.58490566,1992
AGPRDLVSKXD,39.1717527,1992
ITCELSETS,0.059447983,1992
ITCELSETSP2,0.087311178,1992
SPPOPTOTL,56.25,1992
SPPOP0014TOZS,44.44444444,1992
SPPOP1564TOZS,58.82352941,1992
SPPOP65UPTOZS,16.4556962,1992
ENPOPDNST,56.25820811,1992
SPPOPGROW,42.01183432,1992
ENURBLCTY,65.58237146,1992
ENURBLCTYURZS,18.60465116,1992
SPPOPTOTLFEZS,20,1992
SEPRMDURS,1,1992
SEPRMAGES,100,1992
SPRURTOTL,50.1650165,1992
SPRURTOTLZS,2.150537634,1992
SESECDURS,1,1992
SESECAGES,91.66666667,1992
AGSRFTOTLK2,1,1992
SPDYNTO65FEZS,70.10309278,1992
SPDYNTO65MAZS,68.08510638,1992
ITMLTMAIN,15.31807387,1992
ITMLTMAINP2,19.95794731,1992
SPURBTOTL,61.07939803,1992
SPURBTOTLINZS,97.84946237,1992
SPURBGROW,9.259259259,1992
NYADJDNGYCD,3.396694187,1993
NYADJDMINCD,2.149089812,1993
SPADOTFRT,13.25966851,1993
SPPOPDPND,34.96143959,1993
SPPOPDPNDOL,6.097560976,1993
SPPOPDPNDYG,36.47959184,1993
SPDYNCBRTIN,35.38461538,1993
AGPRDCROPXD,57.86065244,1993
SPDYNCDRTIN,8.076923077,1993
SPDYNTFRTIN,24.75247525,1993
AGPRDFOODXD,51.83296672,1993
AGLNDTOTLK2,1,1993
SPDYNLE00FEIN,75,1993
SPDYNLE00MAIN,74.11764706,1993
SPDYNLE00IN,74.52830189,1993
AGPRDLVSKXD,42.33407748,1993
ITCELSETS,0.108280255,1993
ITCELSETSP2,0.156092649,1993
SPPOPTOTL,58.43023256,1993
SPPOP0014TOZS,42.85714286,1993
SPPOP1564TOZS,60.50420168,1993
SPPOP65UPTOZS,13.92405063,1993
ENPOPDNST,58.42364335,1993
SPPOPGROW,38.46153846,1993
ENURBLCTY,68.5204617,1993
ENURBLCTYURZS,22.09302326,1993
SPPOPTOTLFEZS,20,1993
SEPRMDURS,1,1993
SEPRMAGES,100,1993
SPRURTOTL,52.80528053,1993
SPRURTOTLZS,2.688172043,1993
SESECDURS,1,1993
SESECAGES,91.66666667,1993
AGSRFTOTLK2,1,1993
SPDYNTO65FEZS,72.16494845,1993
SPDYNTO65MAZS,69.14893617,1993
ITMLTMAIN,20.2182493,1993
ITMLTMAINP2,26.36131153,1993
SPURBTOTL,62.89569279,1993
SPURBTOTLINZS,97.31182796,1993
SPURBGROW,7.936507937,1993
NYADJDNGYCD,1.719008236,1994
NYADJDMINCD,2.871080035,1994
SPADOTFRT,11.04972376,1994
SPPOPDPND,32.90488432,1994
SPPOPDPNDOL,1.219512195,1994
SPPOPDPNDYG,34.69387755,1994
SPDYNCBRTIN,33.33333333,1994
AGPRDCROPXD,60.21480593,1994
SPDYNCDRTIN,7.115384615,1994
SPDYNTFRTIN,23.51485149,1994
AGPRDFOODXD,54.34507957,1994
AGLNDTOTLK2,1,1994
SPDYNLE00FEIN,75.78125,1994
SPDYNLE00MAIN,75.29411765,1994
SPDYNLE00IN,76.41509434,1994
AGPRDLVSKXD,44.00824943,1994
ITCELSETS,0.182590234,1994
ITCELSETSP2,0.255790534,1994
SPPOPTOTL,60.75581395,1994
SPPOP0014TOZS,41.26984127,1994
SPPOP1564TOZS,62.18487395,1994
SPPOP65UPTOZS,12.65822785,1994
ENPOPDNST,60.58907859,1994
SPPOPGROW,36.68639053,1994
ENURBLCTY,71.66841553,1994
ENURBLCTYURZS,25.58139535,1994
SPPOPTOTLFEZS,20,1994
SEPRMDURS,1,1994
SEPRMAGES,100,1994
SPRURTOTL,55.44554455,1994
SPRURTOTLZS,3.225806452,1994
SESECDURS,1,1994
SESECAGES,91.66666667,1994
AGSRFTOTLK2,1,1994
SPDYNTO65FEZS,73.71134021,1994
SPDYNTO65MAZS,71.27659574,1994
ITMLTMAIN,26.37424859,1994
ITMLTMAINP2,34.13682522,1994
SPURBTOTL,64.71198755,1994
SPURBTOTLINZS,97.31182796,1994
SPURBGROW,7.142857143,1994
NYADJDNGYCD,1.264462782,1995
NYADJDMINCD,4.633585579,1995
SPADOTFRT,8.839779006,1995
SPPOPDPND,31.10539846,1995
SPPOPDPNDOL,0,1995
SPPOPDPNDYG,32.90816327,1995
SPDYNCBRTIN,31.79487179,1995
AGPRDCROPXD,60.09709826,1995
SPDYNCDRTIN,6.153846154,1995
SPDYNTFRTIN,22.27722772,1995
AGPRDFOODXD,54.89119106,1995
AGLNDTOTLK2,1,1995
SPDYNLE00FEIN,77.34375,1995
SPDYNLE00MAIN,76.47058824,1995
SPDYNLE00IN,77.35849057,1995
AGPRDLVSKXD,46.98455511,1995
ITCELSETS,0.524416136,1995
ITCELSETSP2,0.718026183,1995
SPPOPTOTL,62.93604651,1995
SPPOP0014TOZS,38.88888889,1995
SPPOP1564TOZS,64.70588235,1995
SPPOP65UPTOZS,13.92405063,1995
ENPOPDNST,62.75451383,1995
SPPOPGROW,35.50295858,1995
ENURBLCTY,74.81636936,1995
ENURBLCTYURZS,30.23255814,1995
SPPOPTOTLFEZS,40,1995
SEPRMDURS,1,1995
SEPRMAGES,100,1995
SPRURTOTL,58.41584158,1995
SPRURTOTLZS,3.225806452,1995
SESECDURS,1,1995
SESECAGES,91.66666667,1995
AGSRFTOTLK2,1,1995
SPDYNTO65FEZS,75.25773196,1995
SPDYNTO65MAZS,72.34042553,1995
ITMLTMAIN,33.76144772,1995
ITMLTMAINP2,43.28448838,1995
SPURBTOTL,66.5282823,1995
SPURBTOTLINZS,96.77419355,1995
SPURBGROW,6.613756614,1995
NYADJDNGYCD,0.723140468,1996
NYADJDMINCD,3.317015173,1996
SPADOTFRT,6.629834254,1996
SPPOPDPND,29.3059126,1996
SPPOPDPNDOL,0,1996
SPPOPDPNDYG,30.86734694,1996
SPDYNCBRTIN,29.74358974,1996
AGPRDCROPXD,66.21789734,1996
SPDYNCDRTIN,5.192307692,1996
SPDYNTFRTIN,21.03960396,1996
AGPRDFOODXD,60.67997283,1996
AGLNDTOTLK2,1,1996
SPDYNLE00FEIN,78.90625,1996
SPDYNLE00MAIN,78.82352941,1996
SPDYNLE00IN,79.24528302,1996
AGPRDLVSKXD,51.63503273,1996
ITCELSETS,1.018046709,1996
ITCELSETSP2,1.359516616,1996
SPPOPTOTL,65.26162791,1996
SPPOP0014TOZS,37.3015873,1996
SPPOP1564TOZS,66.38655462,1996
SPPOP65UPTOZS,15.18987342,1996
ENPOPDNST,65.35303612,1996
SPPOPGROW,34.31952663,1996
ENURBLCTY,76.28541448,1996
ENURBLCTYURZS,27.90697674,1996
SPPOPTOTLFEZS,40,1996
SEPRMDURS,1,1996
SEPRMAGES,100,1996
SPRURTOTL,61.38613861,1996
SPRURTOTLZS,3.76344086,1996
SESECDURS,1,1996
SESECAGES,100,1996
AGSRFTOTLK2,1,1996
SPDYNTO65FEZS,76.80412371,1996
SPDYNTO65MAZS,73.40425532,1996
ITMLTMAIN,43.11856663,1996
ITMLTMAINP2,54.26168418,1996
SPURBTOTL,68.34457706,1996
SPURBTOTLINZS,96.23655914,1996
SPURBGROW,6.084656085,1996
NYADJDNGYCD,0.644628071,1997
NYADJDMINCD,2.701199983,1997
SPADOTFRT,4.972375691,1997
SPPOPDPND,27.24935733,1997
SPPOPDPNDOL,2.43902439,1997
SPPOPDPNDYG,29.08163265,1997
SPDYNCBRTIN,28.71794872,1997
AGPRDCROPXD,65.62935897,1997
SPDYNCDRTIN,4.230769231,1997
SPDYNTFRTIN,20.04950495,1997
AGPRDFOODXD,61.44452892,1997
AGLNDTOTLK2,1,1997
SPDYNLE00FEIN,80.46875,1997
SPDYNLE00MAIN,80,1997
SPDYNLE00IN,80.18867925,1997
AGPRDLVSKXD,55.72745304,1997
ITCELSETS,1.422505308,1997
ITCELSETSP2,1.873111782,1997
SPPOPTOTL,67.5872093,1997
SPPOP0014TOZS,34.92063492,1997
SPPOP1564TOZS,68.90756303,1997
SPPOP65UPTOZS,18.98734177,1997
ENPOPDNST,67.51847137,1997
SPPOPGROW,33.13609467,1997
ENURBLCTY,77.33473242,1997
ENURBLCTYURZS,24.41860465,1997
SPPOPTOTLFEZS,40,1997
SEPRMDURS,1,1997
SEPRMAGES,100,1997
SPRURTOTL,64.02640264,1997
SPRURTOTLZS,3.76344086,1997
SESECDURS,1,1997
SESECAGES,75,1997
AGSRFTOTLK2,1,1997
SPDYNTO65FEZS,78.86597938,1997
SPDYNTO65MAZS,75.53191489,1997
ITMLTMAIN,50.2595258,1997
ITMLTMAINP2,62.26588945,1997
SPURBTOTL,70.4203425,1997
SPURBTOTLINZS,96.23655914,1997
SPURBGROW,5.291005291,1997
NYADJDNGYCD,0.370247905,1998
NYADJDMINCD,1.446211096,1998
SPADOTFRT,9.944751381,1998
SPPOPDPND,25.44987147,1998
SPPOPDPNDOL,7.317073171,1998
SPPOPDPNDYG,27.29591837,1998
SPDYNCBRTIN,27.17948718,1998
AGPRDCROPXD,55.85962197,1998
SPDYNCDRTIN,3.461538462,1998
SPDYNTFRTIN,19.30693069,1998
AGPRDFOODXD,55.10963565,1998
AGLNDTOTLK2,1,1998
SPDYNLE00FEIN,82.03125,1998
SPDYNLE00MAIN,81.17647059,1998
SPDYNLE00IN,82.0754717,1998
AGPRDLVSKXD,58.51773961,1998
ITCELSETS,1.836518047,1998
ITCELSETSP2,2.356495468,1998
SPPOPTOTL,69.9127907,1998
SPPOP0014TOZS,33.33333333,1998
SPPOP1564TOZS,70.58823529,1998
SPPOP65UPTOZS,22.78481013,1998
ENPOPDNST,69.68390661,1998
SPPOPGROW,31.36094675,1998
ENURBLCTY,78.38405037,1998
ENURBLCTYURZS,20.93023256,1998
SPPOPTOTLFEZS,40,1998
SEPRMDURS,1,1998
SEPRMAGES,100,1998
SPRURTOTL,66.99669967,1998
SPRURTOTLZS,4.301075269,1998
SESECDURS,1,1998
SESECAGES,50,1998
AGSRFTOTLK2,1,1998
SPDYNTO65FEZS,80.41237113,1998
SPDYNTO65MAZS,76.59574468,1998
ITMLTMAIN,60.35536462,1998
ITMLTMAINP2,73.7004684,1998
SPURBTOTL,72.23663726,1998
SPURBTOTLINZS,95.69892473,1998
SPURBGROW,4.761904762,1998
NYADJDNGYCD,0.328099145,1999
NYADJDMINCD,1.208379022,1999
SPADOTFRT,15.46961326,1999
SPPOPDPND,23.6503856,1999
SPPOPDPNDOL,12.19512195,1999
SPPOPDPNDYG,25.25510204,1999
SPDYNCBRTIN,26.15384615,1999
AGPRDCROPXD,63.03979013,1999
SPDYNCDRTIN,2.884615385,1999
SPDYNTFRTIN,18.31683168,1999
AGPRDFOODXD,61.88141811,1999
AGLNDTOTLK2,1,1999
SPDYNLE00FEIN,83.59375,1999
SPDYNLE00MAIN,82.35294118,1999
SPDYNLE00IN,83.01886792,1999
AGPRDLVSKXD,62.23812171,1999
ITCELSETS,3.025477707,1999
ITCELSETSP2,3.796576032,1999
SPPOPTOTL,72.23837209,1999
SPPOP0014TOZS,30.95238095,1999
SPPOP1564TOZS,72.26890756,1999
SPPOP65UPTOZS,27.84810127,1999
ENPOPDNST,72.2824289,1999
SPPOPGROW,29.58579882,1999
ENURBLCTY,79.5383001,1999
ENURBLCTYURZS,18.60465116,1999
SPPOPTOTLFEZS,40,1999
SEPRMDURS,1,1999
SEPRMAGES,0,1999
SPRURTOTL,69.9669967,1999
SPRURTOTLZS,4.838709677,1999
SESECDURS,1,1999
SESECAGES,25,1999
AGSRFTOTLK2,1,1999
SPDYNTO65FEZS,81.95876289,1999
SPDYNTO65MAZS,77.65957447,1999
ITMLTMAIN,70.20496347,1999
ITMLTMAINP2,83.99158946,1999
SPURBTOTL,74.05293202,1999
SPURBTOTLINZS,95.69892473,1999
SPURBGROW,3.968253968,1999
NYADJDNGYCD,0.780991707,2000
NYADJDMINCD,2.276499852,2000
SPADOTFRT,20.44198895,2000
SPPOPDPND,22.10796915,2000
SPPOPDPNDOL,17.07317073,2000
SPPOPDPNDYG,23.46938776,2000
SPDYNCBRTIN,24.61538462,2000
AGPRDCROPXD,66.57102037,2000
SPDYNCDRTIN,2.307692308,2000
SPDYNTFRTIN,17.32673267,2000
AGPRDFOODXD,65.26730934,2000
AGLNDTOTLK2,1,2000
SPDYNLE00FEIN,85.15625,2000
SPDYNLE00MAIN,83.52941176,2000
SPDYNLE00IN,84.90566038,2000
AGPRDLVSKXD,65.95850381,2000
ITCELSETS,6.847133758,2000
ITCELSETSP2,8.408862034,2000
SPPOPTOTL,74.70930233,2000
SPPOP0014TOZS,28.57142857,2000
SPPOP1564TOZS,74.78991597,2000
SPPOP65UPTOZS,31.64556962,2000
ENPOPDNST,74.44786414,2000
SPPOPGROW,27.81065089,2000
ENURBLCTY,80.69254984,2000
ENURBLCTYURZS,15.11627907,2000
SPPOPTOTLFEZS,40,2000
SEPRMDURS,1,2000
SEPRMAGES,0,2000
SPRURTOTL,72.93729373,2000
SPRURTOTLZS,4.838709677,2000
SESECDURS,1,2000
SESECAGES,0,2000
AGSRFTOTLK2,1,2000
SPDYNTO65FEZS,83.50515464,2000
SPDYNTO65MAZS,78.72340426,2000
ITMLTMAIN,74.39104299,2000
ITMLTMAINP2,87.19327157,2000
SPURBTOTL,76.12869746,2000
SPURBTOTLINZS,95.16129032,2000
SPURBGROW,2.91005291,2000
NYADJDNGYCD,2.305785096,2001
NYADJDMINCD,1.42709959,2001
SPADOTFRT,25.96685083,2001
SPPOPDPND,20.30848329,2001
SPPOPDPNDOL,21.95121951,2001
SPPOPDPNDYG,21.68367347,2001
SPDYNCBRTIN,23.07692308,2001
AGPRDCROPXD,70.45537364,2001
SPDYNCDRTIN,1.730769231,2001
SPDYNTFRTIN,16.33663366,2001
AGPRDFOODXD,69.30853435,2001
AGLNDTOTLK2,1,2001
SPDYNLE00FEIN,86.71875,2001
SPDYNLE00MAIN,85.88235294,2001
SPDYNLE00IN,85.8490566,2001
AGPRDLVSKXD,70.60898143,2001
ITCELSETS,12.95116773,2001
ITCELSETSP2,15.50855992,2001
SPPOPTOTL,77.03488372,2001
SPPOP0014TOZS,26.19047619,2001
SPPOP1564TOZS,76.47058824,2001
SPPOP65UPTOZS,36.70886076,2001
ENPOPDNST,77.04638643,2001
SPPOPGROW,26.03550296,2001
ENURBLCTY,82.16159496,2001
ENURBLCTYURZS,13.95348837,2001
SPPOPTOTLFEZS,60,2001
SEPRMDURS,1,2001
SEPRMAGES,0,2001
SPRURTOTL,75.57755776,2001
SPRURTOTLZS,4.838709677,2001
SESECDURS,1,2001
SESECAGES,8.333333333,2001
AGSRFTOTLK2,1,2001
SPDYNTO65FEZS,85.05154639,2001
SPDYNTO65MAZS,79.78723404,2001
ITMLTMAIN,80.79328224,2001
ITMLTMAINP2,92.68186947,2001
SPURBTOTL,78.2044629,2001
SPURBTOTLINZS,95.16129032,2001
SPURBGROW,6.084656085,2001
NYADJDNGYCD,10.661157,2002
NYADJDMINCD,2.510084924,2002
SPADOTFRT,31.49171271,2002
SPPOPDPND,18.50899743,2002
SPPOPDPNDOL,26.82926829,2002
SPPOPDPNDYG,19.64285714,2002
SPDYNCBRTIN,21.02564103,2002
AGPRDCROPXD,73.63348085,2002
SPDYNCDRTIN,1.346153846,2002
SPDYNTFRTIN,14.85148515,2002
AGPRDFOODXD,72.69442558,2002
AGLNDTOTLK2,1,2002
SPDYNLE00FEIN,88.28125,2002
SPDYNLE00MAIN,87.05882353,2002
SPDYNLE00IN,87.73584906,2002
AGPRDLVSKXD,74.05033487,2002
ITCELSETS,16.34819533,2002
ITCELSETSP2,19.2346425,2002
SPPOPTOTL,79.50581395,2002
SPPOP0014TOZS,24.6031746,2002
SPPOP1564TOZS,78.1512605,2002
SPPOP65UPTOZS,40.50632911,2002
ENPOPDNST,79.64490872,2002
SPPOPGROW,24.26035503,2002
ENURBLCTY,84.26023085,2002
ENURBLCTYURZS,11.62790698,2002
SPPOPTOTLFEZS,60,2002
SEPRMDURS,1,2002
SEPRMAGES,0,2002
SPRURTOTL,78.54785479,2002
SPRURTOTLZS,4.838709677,2002
SESECDURS,1,2002
SESECAGES,8.333333333,2002
AGSRFTOTLK2,1,2002
SPDYNTO65FEZS,86.59793814,2002
SPDYNTO65MAZS,80.85106383,2002
ITMLTMAIN,80.54704227,2002
ITMLTMAINP2,90.62364526,2002
SPURBTOTL,80.28022833,2002
SPURBTOTLINZS,95.16129032,2002
SPURBGROW,5.026455026,2002
NYADJDNGYCD,19.83471072,2003
NYADJDMINCD,3.869125343,2003
SPADOTFRT,31.49171271,2003
SPPOPDPND,16.70951157,2003
SPPOPDPNDOL,31.70731707,2003
SPPOPDPNDYG,17.85714286,2003
SPDYNCBRTIN,18.46153846,2003
AGPRDCROPXD,77.6355418,2003
SPDYNCDRTIN,0.961538462,2003
SPDYNTFRTIN,13.11881188,2003
AGPRDFOODXD,76.1895391,2003
AGLNDTOTLK2,1,2003
SPDYNLE00FEIN,89.0625,2003
SPDYNLE00MAIN,88.23529412,2003
SPDYNLE00IN,88.67924528,2003
AGPRDLVSKXD,76.28256413,2003
ITCELSETS,23.88535032,2003
ITCELSETSP2,27.59315206,2003
SPPOPTOTL,81.83139535,2003
SPPOP0014TOZS,22.22222222,2003
SPPOP1564TOZS,80.67226891,2003
SPPOP65UPTOZS,45.56962025,2003
ENPOPDNST,81.81034396,2003
SPPOPGROW,21.30177515,2003
ENURBLCTY,85.30954879,2003
ENURBLCTYURZS,10.46511628,2003
SPPOPTOTLFEZS,60,2003
SEPRMDURS,1,2003
SEPRMAGES,0,2003
SPRURTOTL,81.18811881,2003
SPRURTOTLZS,4.838709677,2003
SESECDURS,1,2003
SESECAGES,8.333333333,2003
AGSRFTOTLK2,1,2003
SPDYNTO65FEZS,87.62886598,2003
SPDYNTO65MAZS,81.91489362,2003
ITMLTMAIN,81.28576218,2003
ITMLTMAINP2,89.48018736,2003
SPURBTOTL,82.35599377,2003
SPURBTOTLINZS,95.16129032,2003
SPURBGROW,3.968253968,2003
NYADJDNGYCD,23.8842975,2004
NYADJDMINCD,4.867170651,2004
SPADOTFRT,32.0441989,2004
SPPOPDPND,14.6529563,2004
SPPOPDPNDOL,36.58536585,2004
SPPOPDPNDYG,15.81632653,2004
SPDYNCBRTIN,15.8974359,2004
AGPRDCROPXD,82.34384879,2004
SPDYNCDRTIN,0.769230769,2004
SPDYNTFRTIN,11.38613861,2004
AGPRDFOODXD,79.79387493,2004
AGLNDTOTLK2,1,2004
SPDYNLE00FEIN,90.625,2004
SPDYNLE00MAIN,89.41176471,2004
SPDYNLE00IN,90.56603774,2004
AGPRDLVSKXD,77.3056692,2004
ITCELSETS,34.92569002,2004
ITCELSETSP2,39.47633434,2004
SPPOPTOTL,84.15697674,2004
SPPOP0014TOZS,19.84126984,2004
SPPOP1564TOZS,82.35294118,2004
SPPOP65UPTOZS,50.63291139,2004
ENPOPDNST,83.97577921,2004
SPPOPGROW,17.15976331,2004
ENURBLCTY,87.40818468,2004
ENURBLCTYURZS,9.302325581,2004
SPPOPTOTLFEZS,60,2004
SEPRMDURS,1,2004
SEPRMAGES,0,2004
SPRURTOTL,84.15841584,2004
SPRURTOTLZS,4.838709677,2004
SESECDURS,1,2004
SESECAGES,8.333333333,2004
AGSRFTOTLK2,1,2004
SPDYNTO65FEZS,89.17525773,2004
SPDYNTO65MAZS,82.9787234,2004
ITMLTMAIN,83.7481619,2004
ITMLTMAINP2,90.39495368,2004
SPURBTOTL,84.43175921,2004
SPURBTOTLINZS,95.16129032,2004
SPURBGROW,2.116402116,2004
NYADJDNGYCD,44.62809916,2005
NYADJDMINCD,6.884496273,2005
SPADOTFRT,32.0441989,2005
SPPOPDPND,12.85347044,2005
SPPOPDPNDOL,42.68292683,2005
SPPOPDPNDYG,13.7755102,2005
SPDYNCBRTIN,12.82051282,2005
AGPRDCROPXD,84.69800228,2005
SPDYNCDRTIN,0.576923077,2005
SPDYNTFRTIN,9.405940594,2005
AGPRDFOODXD,82.52443237,2005
AGLNDTOTLK2,1,2005
SPDYNLE00FEIN,92.1875,2005
SPDYNLE00MAIN,90.58823529,2005
SPDYNLE00IN,91.50943396,2005
AGPRDLVSKXD,79.0728507,2005
ITCELSETS,36.94267516,2005
ITCELSETSP2,40.98690836,2005
SPPOPTOTL,86.48255814,2005
SPPOP0014TOZS,17.46031746,2005
SPPOP1564TOZS,84.87394958,2005
SPPOP65UPTOZS,56.96202532,2005
ENPOPDNST,86.5743015,2005
SPPOPGROW,12.4260355,2005
ENURBLCTY,89.50682057,2005
ENURBLCTYURZS,8.139534884,2005
SPPOPTOTLFEZS,60,2005
SEPRMDURS,1,2005
SEPRMAGES,0,2005
SPRURTOTL,86.79867987,2005
SPRURTOTLZS,4.838709677,2005
SESECDURS,1,2005
SESECAGES,8.333333333,2005
AGSRFTOTLK2,1,2005
SPDYNTO65FEZS,90.72164948,2005
SPDYNTO65MAZS,85.10638298,2005
ITMLTMAIN,82.0244821,2005
ITMLTMAINP2,86.73588841,2005
SPURBTOTL,86.24805397,2005
SPURBTOTLINZS,95.16129032,2005
SPURBGROW,0,2005
NYADJDNGYCD,40.3305785,2006
NYADJDMINCD,25.46512701,2006
SPADOTFRT,32.0441989,2006
SPPOPDPND,10.79691517,2006
SPPOPDPNDOL,50,2006
SPPOPDPNDYG,11.73469388,2006
SPDYNCBRTIN,9.743589744,2006
AGPRDCROPXD,87.05215578,2006
SPDYNCDRTIN,0.192307692,2006
SPDYNTFRTIN,7.178217822,2006
AGPRDFOODXD,84.70887832,2006
AGLNDTOTLK2,1,2006
SPDYNLE00FEIN,92.96875,2006
SPDYNLE00MAIN,91.76470588,2006
SPDYNLE00IN,92.45283019,2006
AGPRDLVSKXD,85.11847161,2006
ITCELSETS,45.54140127,2006
ITCELSETSP2,49.54682779,2006
SPPOPTOTL,88.80813953,2006
SPPOP0014TOZS,14.28571429,2006
SPPOP1564TOZS,87.39495798,2006
SPPOP65UPTOZS,63.29113924,2006
ENPOPDNST,88.73973674,2006
SPPOPGROW,7.100591716,2006
ENURBLCTY,90.55613851,2006
ENURBLCTYURZS,6.976744186,2006
SPPOPTOTLFEZS,80,2006
SEPRMDURS,1,2006
SEPRMAGES,0,2006
SPRURTOTL,89.10891089,2006
SPRURTOTLZS,3.76344086,2006
SESECDURS,1,2006
SESECAGES,8.333333333,2006
AGSRFTOTLK2,1,2006
SPDYNTO65FEZS,92.26804124,2006
SPDYNTO65MAZS,86.17021277,2006
ITMLTMAIN,88.42672135,2006
ITMLTMAINP2,91.99579473,2006
SPURBTOTL,88.58329009,2006
SPURBTOTLINZS,96.23655914,2006
SPURBGROW,3.968253968,2006
NYADJDNGYCD,54.62809916,2007
NYADJDMINCD,56.8929367,2007
SPADOTFRT,32.59668508,2007
SPPOPDPND,8.740359897,2007
SPPOPDPNDOL,57.31707317,2007
SPPOPDPNDYG,9.43877551,2007
SPDYNCBRTIN,7.179487179,2007
AGPRDCROPXD,95.29169301,2007
SPDYNCDRTIN,0.192307692,2007
SPDYNTFRTIN,5.445544554,2007
AGPRDFOODXD,93.44666214,2007
AGLNDTOTLK2,1,2007
SPDYNLE00FEIN,94.53125,2007
SPDYNLE00MAIN,92.94117647,2007
SPDYNLE00IN,94.33962264,2007
AGPRDLVSKXD,92.5592358,2007
ITCELSETS,60.82802548,2007
ITCELSETSP2,65.15609265,2007
SPPOPTOTL,90.98837209,2007
SPPOP0014TOZS,11.9047619,2007
SPPOP1564TOZS,89.91596639,2007
SPPOP65UPTOZS,70.88607595,2007
ENPOPDNST,90.90517198,2007
SPPOPGROW,2.958579882,2007
ENURBLCTY,92.6547744,2007
ENURBLCTYURZS,5.813953488,2007
SPPOPTOTLFEZS,80,2007
SEPRMDURS,1,2007
SEPRMAGES,0,2007
SPRURTOTL,91.41914191,2007
SPRURTOTLZS,3.225806452,2007
SESECDURS,1,2007
SESECAGES,8.333333333,2007
AGSRFTOTLK2,1,2007
SPDYNTO65FEZS,93.81443299,2007
SPDYNTO65MAZS,87.23404255,2007
ITMLTMAIN,96.06016046,2007
ITMLTMAINP2,98.17046737,2007
SPURBTOTL,90.65905553,2007
SPURBTOTLINZS,96.77419355,2007
SPURBGROW,2.116402116,2007
NYADJDNGYCD,100,2008
NYADJDMINCD,30.98622871,2008
SPADOTFRT,24.30939227,2008
SPPOPDPND,6.426735219,2008
SPPOPDPNDOL,65.85365854,2008
SPPOPDPNDYG,7.142857143,2008
SPDYNCBRTIN,4.615384615,2008
AGPRDCROPXD,100,2008
SPDYNCDRTIN,0,2008
SPDYNTFRTIN,3.712871287,2008
AGPRDFOODXD,96.72333107,2008
AGLNDTOTLK2,1,2008
SPDYNLE00FEIN,96.09375,2008
SPDYNLE00MAIN,94.11764706,2008
SPDYNLE00IN,95.28301887,2008
AGPRDLVSKXD,94.41942685,2008
ITCELSETS,72.29299363,2008
ITCELSETSP2,76.03222558,2008
SPPOPTOTL,93.16860465,2008
SPPOP0014TOZS,8.73015873,2008
SPPOP1564TOZS,92.43697479,2008
SPPOP65UPTOZS,78.48101266,2008
ENPOPDNST,93.07060722,2008
SPPOPGROW,0.591715976,2008
ENURBLCTY,94.75341028,2008
ENURBLCTYURZS,4.651162791,2008
SPPOPTOTLFEZS,80,2008
SEPRMDURS,1,2008
SEPRMAGES,0,2008
SPRURTOTL,93.39933993,2008
SPRURTOTLZS,2.688172043,2008
SESECDURS,1,2008
SESECAGES,8.333333333,2008
AGSRFTOTLK2,1,2008
SPDYNTO65FEZS,95.36082474,2008
SPDYNTO65MAZS,90.42553191,2008
ITMLTMAIN,99.50752006,2008
ITMLTMAINP2,100,2008
SPURBTOTL,92.73482097,2008
SPURBTOTLINZS,97.31182796,2008
SPURBGROW,0.793650794,2008
NYADJDNGYCD,57.43801652,2009
NYADJDMINCD,36.71968048,2009
SPADOTFRT,16.57458564,2009
SPPOPDPND,4.370179949,2009
SPPOPDPNDOL,74.3902439,2009
SPPOPDPNDYG,4.846938776,2009
SPDYNCBRTIN,2.564102564,2009
AGPRDCROPXD,98.82292325,2009
SPDYNCDRTIN,0,2009
SPDYNTFRTIN,2.227722772,2009
AGPRDFOODXD,96.72333107,2009
AGLNDTOTLK2,1,2009
SPDYNLE00FEIN,97.65625,2009
SPDYNLE00MAIN,96.47058824,2009
SPDYNLE00IN,97.16981132,2009
AGPRDLVSKXD,95.34952238,2009
ITCELSETS,80.25477707,2009
ITCELSETSP2,82.98086606,2009
SPPOPTOTL,95.34883721,2009
SPPOP0014TOZS,6.349206349,2009
SPPOP1564TOZS,94.95798319,2009
SPPOP65UPTOZS,86.07594937,2009
ENPOPDNST,95.23604247,2009
SPPOPGROW,0,2009
ENURBLCTY,95.80272823,2009
ENURBLCTYURZS,3.488372093,2009
SPPOPTOTLFEZS,80,2009
SEPRMDURS,1,2009
SEPRMAGES,0,2009
SPRURTOTL,95.70957096,2009
SPRURTOTLZS,2.150537634,2009
SESECDURS,1,2009
SESECAGES,8.333333333,2009
AGSRFTOTLK2,1,2009
SPDYNTO65FEZS,96.90721649,2009
SPDYNTO65MAZS,93.61702128,2009
ITMLTMAIN,100,2009
ITMLTMAINP2,98.8565421,2009
SPURBTOTL,95.07005708,2009
SPURBTOTLINZS,97.84946237,2009
SPURBGROW,0.793650794,2009
NYADJDNGYCD,72.56198346,2010
NYADJDMINCD,74.09329201,2010
SPADOTFRT,8.287292818,2010
SPPOPDPND,2.05655527,2010
SPPOPDPNDOL,82.92682927,2010
SPPOPDPNDYG,2.295918367,2010
SPDYNCBRTIN,1.025641026,2010
AGPRDCROPXD,97.6458465,2010
SPDYNCDRTIN,0,2010
SPDYNTFRTIN,0.99009901,2010
AGPRDFOODXD,96.72333107,2010
AGLNDTOTLK2,1,2010
SPDYNLE00FEIN,98.4375,2010
SPDYNLE00MAIN,97.64705882,2010
SPDYNLE00IN,98.11320755,2010
AGPRDLVSKXD,98.13980895,2010
ITCELSETS,88.32271762,2010
ITCELSETSP2,89.82880161,2010
SPPOPTOTL,97.52906977,2010
SPPOP0014TOZS,3.174603175,2010
SPPOP1564TOZS,97.4789916,2010
SPPOP65UPTOZS,93.67088608,2010
ENPOPDNST,97.40147771,2010
SPPOPGROW,1.183431953,2010
ENURBLCTY,97.90136411,2010
ENURBLCTYURZS,2.325581395,2010
SPPOPTOTLFEZS,100,2010
SEPRMDURS,1,2010
SEPRMAGES,0,2010
SPRURTOTL,98.01980198,2010
SPRURTOTLZS,1.612903226,2010
SESECDURS,1,2010
SESECAGES,8.333333333,2010
AGSRFTOTLK2,1,2010
SPDYNTO65FEZS,98.45360825,2010
SPDYNTO65MAZS,96.80851064,2010
ITMLTMAIN,81.28576218,2010
ITMLTMAINP2,78.50299156,2010
SPURBTOTL,97.4052932,2010
SPURBTOTLINZS,98.38709677,2010
SPURBGROW,1.058201058,2010
NYADJDNGYCD,98.34710744,2011
NYADJDMINCD,100,2011
SPADOTFRT,0,2011
SPPOPDPND,0,2011
SPPOPDPNDOL,90.24390244,2011
SPPOPDPNDYG,0,2011
SPDYNCBRTIN,0,2011
AGPRDCROPXD,100,2011
SPDYNCDRTIN,0,2011
SPDYNTFRTIN,0,2011
AGPRDFOODXD,100,2011
AGLNDTOTLK2,1,2011
SPDYNLE00FEIN,100,2011
SPDYNLE00MAIN,100,2011
SPDYNLE00IN,100,2011
AGPRDLVSKXD,100,2011
ITCELSETS,100,2011
ITCELSETSP2,100,2011
SPPOPTOTL,100,2011
SPPOP0014TOZS,0,2011
SPPOP1564TOZS,100,2011
SPPOP65UPTOZS,100,2011
ENPOPDNST,100,2011
SPPOPGROW,2.958579882,2011
ENURBLCTY,100,2011
ENURBLCTYURZS,0,2011
SPPOPTOTLFEZS,100,2011
SEPRMDURS,1,2011
SEPRMAGES,0,2011
SPRURTOTL,100,2011
SPRURTOTLZS,0,2011
SESECDURS,1,2011
SESECAGES,8.333333333,2011
AGSRFTOTLK2,1,2011
SPDYNTO65FEZS,100,2011
SPDYNTO65MAZS,100,2011
ITMLTMAIN,86.70304155,2011
ITMLTMAINP2,82.39074841,2011
SPURBTOTL,100,2011
SPURBTOTLINZS,100,2011
SPURBGROW,7.936507937,2011
